ERROR 2025-11-23 21:42:46,508 log Internal Server Error: /admin-panel/tenaga-pengajar/
Traceback (most recent call last):
  File "C:\Users\User\Downloads\pondok\venv\lib\site-packages\django\core\handlers\exception.py", line 55, in inner
    response = get_response(request)
  File "C:\Users\User\Downloads\pondok\venv\lib\site-packages\django\core\handlers\base.py", line 197, in _get_response
    response = wrapped_callback(request, *callback_args, **callback_kwargs)
  File "C:\Users\User\Downloads\pondok\venv\lib\site-packages\django\contrib\auth\decorators.py", line 59, in _view_wrapper
    return view_func(request, *args, **kwargs)
  File "C:\Users\User\Downloads\pondok\venv\lib\site-packages\django\contrib\auth\decorators.py", line 59, in _view_wrapper
    return view_func(request, *args, **kwargs)
  File "C:\Users\User\Downloads\pondok\admin_panel\views.py", line 1754, in tenaga_pengajar_list
    return render(request, 'admin-panel/tenaga-pengajar/list.html', context)
  File "C:\Users\User\Downloads\pondok\venv\lib\site-packages\django\shortcuts.py", line 25, in render
    content = loader.render_to_string(template_name, context, request, using=using)
  File "C:\Users\User\Downloads\pondok\venv\lib\site-packages\django\template\loader.py", line 61, in render_to_string
    template = get_template(template_name, using=using)
  File "C:\Users\User\Downloads\pondok\venv\lib\site-packages\django\template\loader.py", line 15, in get_template
    return engine.get_template(template_name)
  File "C:\Users\User\Downloads\pondok\venv\lib\site-packages\django\template\backends\django.py", line 79, in get_template
    return Template(self.engine.get_template(template_name), self)
  File "C:\Users\User\Downloads\pondok\venv\lib\site-packages\django\template\engine.py", line 177, in get_template
    template, origin = self.find_template(template_name)
  File "C:\Users\User\Downloads\pondok\venv\lib\site-packages\django\template\engine.py", line 159, in find_template
    template = loader.get_template(name, skip=skip)
  File "C:\Users\User\Downloads\pondok\venv\lib\site-packages\django\template\loaders\cached.py", line 57, in get_template
    template = super().get_template(template_name, skip)
  File "C:\Users\User\Downloads\pondok\venv\lib\site-packages\django\template\loaders\base.py", line 28, in get_template
    return Template(
  File "C:\Users\User\Downloads\pondok\venv\lib\site-packages\django\template\base.py", line 154, in __init__
    self.nodelist = self.compile_nodelist()
  File "C:\Users\User\Downloads\pondok\venv\lib\site-packages\django\template\base.py", line 196, in compile_nodelist
    nodelist = parser.parse()
  File "C:\Users\User\Downloads\pondok\venv\lib\site-packages\django\template\base.py", line 518, in parse
    raise self.error(token, e)
  File "C:\Users\User\Downloads\pondok\venv\lib\site-packages\django\template\base.py", line 516, in parse
    compiled_result = compile_func(self, token)
  File "C:\Users\User\Downloads\pondok\venv\lib\site-packages\django\template\loader_tags.py", line 299, in do_extends
    nodelist = parser.parse()
  File "C:\Users\User\Downloads\pondok\venv\lib\site-packages\django\template\base.py", line 518, in parse
    raise self.error(token, e)
  File "C:\Users\User\Downloads\pondok\venv\lib\site-packages\django\template\base.py", line 516, in parse
    compiled_result = compile_func(self, token)
  File "C:\Users\User\Downloads\pondok\venv\lib\site-packages\django\template\loader_tags.py", line 234, in do_block
    nodelist = parser.parse(("endblock",))
  File "C:\Users\User\Downloads\pondok\venv\lib\site-packages\django\template\base.py", line 518, in parse
    raise self.error(token, e)
  File "C:\Users\User\Downloads\pondok\venv\lib\site-packages\django\template\base.py", line 516, in parse
    compiled_result = compile_func(self, token)
  File "C:\Users\User\Downloads\pondok\venv\lib\site-packages\django\template\defaulttags.py", line 962, in do_if
    nodelist = parser.parse(("elif", "else", "endif"))
  File "C:\Users\User\Downloads\pondok\venv\lib\site-packages\django\template\base.py", line 518, in parse
    raise self.error(token, e)
  File "C:\Users\User\Downloads\pondok\venv\lib\site-packages\django\template\base.py", line 516, in parse
    compiled_result = compile_func(self, token)
  File "C:\Users\User\Downloads\pondok\venv\lib\site-packages\django\template\defaulttags.py", line 862, in do_for
    nodelist_loop = parser.parse(
  File "C:\Users\User\Downloads\pondok\venv\lib\site-packages\django\template\base.py", line 489, in parse
    raise self.error(token, e)
  File "C:\Users\User\Downloads\pondok\venv\lib\site-packages\django\template\base.py", line 487, in parse
    filter_expression = self.compile_filter(token.contents)
  File "C:\Users\User\Downloads\pondok\venv\lib\site-packages\django\template\base.py", line 609, in compile_filter
    return FilterExpression(token, self)
  File "C:\Users\User\Downloads\pondok\venv\lib\site-packages\django\template\base.py", line 710, in __init__
    raise TemplateSyntaxError(
django.template.exceptions.TemplateSyntaxError: Could not parse the remainder: ' if pengajar.bagian_jabatan else "-"' from 'pengajar.bagian_jabatan.nama if pengajar.bagian_jabatan else "-"'
ERROR 2025-11-23 21:42:46,512 basehttp "GET /admin-panel/tenaga-pengajar/ HTTP/1.1" 500 334730
ERROR 2025-11-23 23:09:40,014 log Internal Server Error: /admin-panel/tools/media-files/
Traceback (most recent call last):
  File "C:\Users\User\Downloads\pondok\venv\lib\site-packages\django\core\handlers\exception.py", line 55, in inner
    response = get_response(request)
  File "C:\Users\User\Downloads\pondok\venv\lib\site-packages\django\core\handlers\base.py", line 197, in _get_response
    response = wrapped_callback(request, *callback_args, **callback_kwargs)
  File "C:\Users\User\Downloads\pondok\venv\lib\site-packages\django\contrib\auth\decorators.py", line 59, in _view_wrapper
    return view_func(request, *args, **kwargs)
  File "C:\Users\User\Downloads\pondok\venv\lib\site-packages\django\contrib\auth\decorators.py", line 59, in _view_wrapper
    return view_func(request, *args, **kwargs)
  File "C:\Users\User\Downloads\pondok\admin_panel\views.py", line 2133, in media_files_manager
    if file_path in file_usage:
NameError: name 'file_usage' is not defined
ERROR 2025-11-23 23:09:40,016 basehttp "GET /admin-panel/tools/media-files/?page=3 HTTP/1.1" 500 98953
ERROR 2025-11-24 10:54:00,809 log Internal Server Error: /admin-panel/settings/
Traceback (most recent call last):
  File "C:\Users\User\Downloads\pondok\venv\lib\site-packages\django\core\handlers\exception.py", line 55, in inner
    response = get_response(request)
  File "C:\Users\User\Downloads\pondok\venv\lib\site-packages\django\core\handlers\base.py", line 197, in _get_response
    response = wrapped_callback(request, *callback_args, **callback_kwargs)
  File "C:\Users\User\Downloads\pondok\venv\lib\site-packages\django\contrib\auth\decorators.py", line 59, in _view_wrapper
    return view_func(request, *args, **kwargs)
  File "C:\Users\User\Downloads\pondok\venv\lib\site-packages\django\contrib\auth\decorators.py", line 59, in _view_wrapper
    return view_func(request, *args, **kwargs)
  File "C:\Users\User\Downloads\pondok\admin_panel\views.py", line 1031, in settings_view
    return render(request, 'admin-panel/settings/general.html', context)
  File "C:\Users\User\Downloads\pondok\venv\lib\site-packages\django\shortcuts.py", line 25, in render
    content = loader.render_to_string(template_name, context, request, using=using)
  File "C:\Users\User\Downloads\pondok\venv\lib\site-packages\django\template\loader.py", line 62, in render_to_string
    return template.render(context, request)
  File "C:\Users\User\Downloads\pondok\venv\lib\site-packages\django\template\backends\django.py", line 107, in render
    return self.template.render(context)
  File "C:\Users\User\Downloads\pondok\venv\lib\site-packages\django\template\base.py", line 171, in render
    return self._render(context)
  File "C:\Users\User\Downloads\pondok\venv\lib\site-packages\django\template\base.py", line 163, in _render
    return self.nodelist.render(context)
  File "C:\Users\User\Downloads\pondok\venv\lib\site-packages\django\template\base.py", line 1016, in render
    return SafeString("".join([node.render_annotated(context) for node in self]))
  File "C:\Users\User\Downloads\pondok\venv\lib\site-packages\django\template\base.py", line 1016, in <listcomp>
    return SafeString("".join([node.render_annotated(context) for node in self]))
  File "C:\Users\User\Downloads\pondok\venv\lib\site-packages\django\template\base.py", line 977, in render_annotated
    return self.render(context)
  File "C:\Users\User\Downloads\pondok\venv\lib\site-packages\django\template\loader_tags.py", line 134, in render
    compiled_parent = self.get_parent(context)
  File "C:\Users\User\Downloads\pondok\venv\lib\site-packages\django\template\loader_tags.py", line 131, in get_parent
    return self.find_template(parent, context)
  File "C:\Users\User\Downloads\pondok\venv\lib\site-packages\django\template\loader_tags.py", line 109, in find_template
    template, origin = context.template.engine.find_template(
  File "C:\Users\User\Downloads\pondok\venv\lib\site-packages\django\template\engine.py", line 159, in find_template
    template = loader.get_template(name, skip=skip)
  File "C:\Users\User\Downloads\pondok\venv\lib\site-packages\django\template\loaders\cached.py", line 57, in get_template
    template = super().get_template(template_name, skip)
  File "C:\Users\User\Downloads\pondok\venv\lib\site-packages\django\template\loaders\base.py", line 28, in get_template
    return Template(
  File "C:\Users\User\Downloads\pondok\venv\lib\site-packages\django\template\base.py", line 154, in __init__
    self.nodelist = self.compile_nodelist()
  File "C:\Users\User\Downloads\pondok\venv\lib\site-packages\django\template\base.py", line 196, in compile_nodelist
    nodelist = parser.parse()
  File "C:\Users\User\Downloads\pondok\venv\lib\site-packages\django\template\base.py", line 518, in parse
    raise self.error(token, e)
  File "C:\Users\User\Downloads\pondok\venv\lib\site-packages\django\template\base.py", line 516, in parse
    compiled_result = compile_func(self, token)
  File "C:\Users\User\Downloads\pondok\venv\lib\site-packages\django\template\defaulttags.py", line 976, in do_if
    nodelist = parser.parse(("endif",))
  File "C:\Users\User\Downloads\pondok\venv\lib\site-packages\django\template\base.py", line 518, in parse
    raise self.error(token, e)
  File "C:\Users\User\Downloads\pondok\venv\lib\site-packages\django\template\base.py", line 516, in parse
    compiled_result = compile_func(self, token)
  File "C:\Users\User\Downloads\pondok\venv\lib\site-packages\django\template\loader_tags.py", line 228, in do_block
    raise TemplateSyntaxError(
django.template.exceptions.TemplateSyntaxError: 'block' tag with name 'title' appears more than once
ERROR 2025-11-24 10:54:00,824 basehttp "GET /admin-panel/settings/ HTTP/1.1" 500 255599
ERROR 2025-11-24 10:55:49,712 log Internal Server Error: /
Traceback (most recent call last):
  File "C:\Users\User\Downloads\pondok\venv\lib\site-packages\django\core\handlers\exception.py", line 55, in inner
    response = get_response(request)
  File "C:\Users\User\Downloads\pondok\venv\lib\site-packages\django\core\handlers\base.py", line 197, in _get_response
    response = wrapped_callback(request, *callback_args, **callback_kwargs)
  File "C:\Users\User\Downloads\pondok\core\views_public.py", line 255, in home
    return render(request, 'public/home.html', context)
  File "C:\Users\User\Downloads\pondok\venv\lib\site-packages\django\shortcuts.py", line 25, in render
    content = loader.render_to_string(template_name, context, request, using=using)
  File "C:\Users\User\Downloads\pondok\venv\lib\site-packages\django\template\loader.py", line 62, in render_to_string
    return template.render(context, request)
  File "C:\Users\User\Downloads\pondok\venv\lib\site-packages\django\template\backends\django.py", line 107, in render
    return self.template.render(context)
  File "C:\Users\User\Downloads\pondok\venv\lib\site-packages\django\template\base.py", line 171, in render
    return self._render(context)
  File "C:\Users\User\Downloads\pondok\venv\lib\site-packages\django\template\base.py", line 163, in _render
    return self.nodelist.render(context)
  File "C:\Users\User\Downloads\pondok\venv\lib\site-packages\django\template\base.py", line 1016, in render
    return SafeString("".join([node.render_annotated(context) for node in self]))
  File "C:\Users\User\Downloads\pondok\venv\lib\site-packages\django\template\base.py", line 1016, in <listcomp>
    return SafeString("".join([node.render_annotated(context) for node in self]))
  File "C:\Users\User\Downloads\pondok\venv\lib\site-packages\django\template\base.py", line 977, in render_annotated
    return self.render(context)
  File "C:\Users\User\Downloads\pondok\venv\lib\site-packages\django\template\loader_tags.py", line 134, in render
    compiled_parent = self.get_parent(context)
  File "C:\Users\User\Downloads\pondok\venv\lib\site-packages\django\template\loader_tags.py", line 131, in get_parent
    return self.find_template(parent, context)
  File "C:\Users\User\Downloads\pondok\venv\lib\site-packages\django\template\loader_tags.py", line 109, in find_template
    template, origin = context.template.engine.find_template(
  File "C:\Users\User\Downloads\pondok\venv\lib\site-packages\django\template\engine.py", line 159, in find_template
    template = loader.get_template(name, skip=skip)
  File "C:\Users\User\Downloads\pondok\venv\lib\site-packages\django\template\loaders\cached.py", line 57, in get_template
    template = super().get_template(template_name, skip)
  File "C:\Users\User\Downloads\pondok\venv\lib\site-packages\django\template\loaders\base.py", line 28, in get_template
    return Template(
  File "C:\Users\User\Downloads\pondok\venv\lib\site-packages\django\template\base.py", line 154, in __init__
    self.nodelist = self.compile_nodelist()
  File "C:\Users\User\Downloads\pondok\venv\lib\site-packages\django\template\base.py", line 196, in compile_nodelist
    nodelist = parser.parse()
  File "C:\Users\User\Downloads\pondok\venv\lib\site-packages\django\template\base.py", line 518, in parse
    raise self.error(token, e)
  File "C:\Users\User\Downloads\pondok\venv\lib\site-packages\django\template\base.py", line 516, in parse
    compiled_result = compile_func(self, token)
  File "C:\Users\User\Downloads\pondok\venv\lib\site-packages\django\template\defaulttags.py", line 976, in do_if
    nodelist = parser.parse(("endif",))
  File "C:\Users\User\Downloads\pondok\venv\lib\site-packages\django\template\base.py", line 518, in parse
    raise self.error(token, e)
  File "C:\Users\User\Downloads\pondok\venv\lib\site-packages\django\template\base.py", line 516, in parse
    compiled_result = compile_func(self, token)
  File "C:\Users\User\Downloads\pondok\venv\lib\site-packages\django\template\loader_tags.py", line 228, in do_block
    raise TemplateSyntaxError(
django.template.exceptions.TemplateSyntaxError: 'block' tag with name 'og_title' appears more than once
ERROR 2025-11-24 10:55:49,715 basehttp "GET / HTTP/1.1" 500 313776
ERROR 2025-11-27 00:48:57,261 log Internal Server Error: /admin-panel/settings/print/
Traceback (most recent call last):
  File "C:\Users\User\Downloads\pondok\venv\lib\site-packages\django\core\handlers\exception.py", line 55, in inner
    response = get_response(request)
  File "C:\Users\User\Downloads\pondok\venv\lib\site-packages\django\core\handlers\base.py", line 197, in _get_response
    response = wrapped_callback(request, *callback_args, **callback_kwargs)
  File "C:\Users\User\Downloads\pondok\venv\lib\site-packages\django\contrib\auth\decorators.py", line 59, in _view_wrapper
    return view_func(request, *args, **kwargs)
  File "C:\Users\User\Downloads\pondok\venv\lib\site-packages\django\contrib\auth\decorators.py", line 59, in _view_wrapper
    return view_func(request, *args, **kwargs)
  File "C:\Users\User\Downloads\pondok\admin_panel\views.py", line 1050, in print_settings_view
    print_settings, created = PrintSettings.objects.get_or_create(pk=1)
NameError: name 'PrintSettings' is not defined
ERROR 2025-11-27 00:48:57,261 basehttp "GET /admin-panel/settings/print/ HTTP/1.1" 500 82761
ERROR 2025-11-27 00:52:04,217 log Internal Server Error: /admin-panel/settings/print/preview/
Traceback (most recent call last):
  File "C:\Users\User\Downloads\pondok\venv\lib\site-packages\django\core\handlers\exception.py", line 55, in inner
    response = get_response(request)
  File "C:\Users\User\Downloads\pondok\venv\lib\site-packages\django\core\handlers\base.py", line 197, in _get_response
    response = wrapped_callback(request, *callback_args, **callback_kwargs)
  File "C:\Users\User\Downloads\pondok\venv\lib\site-packages\django\contrib\auth\decorators.py", line 59, in _view_wrapper
    return view_func(request, *args, **kwargs)
  File "C:\Users\User\Downloads\pondok\venv\lib\site-packages\django\contrib\auth\decorators.py", line 59, in _view_wrapper
    return view_func(request, *args, **kwargs)
  File "C:\Users\User\Downloads\pondok\admin_panel\views.py", line 1106, in print_settings_preview
    from weasyprint import HTML
  File "C:\Users\User\Downloads\pondok\venv\lib\site-packages\weasyprint\__init__.py", line 433, in <module>
    from .css import preprocess_stylesheet  # noqa: I001, E402
  File "C:\Users\User\Downloads\pondok\venv\lib\site-packages\weasyprint\css\__init__.py", line 28, in <module>
    from .computed_values import COMPUTER_FUNCTIONS
  File "C:\Users\User\Downloads\pondok\venv\lib\site-packages\weasyprint\css\computed_values.py", line 9, in <module>
    from ..text.ffi import FROM_UNITS, ffi, pango
  File "C:\Users\User\Downloads\pondok\venv\lib\site-packages\weasyprint\text\ffi.py", line 475, in <module>
    gobject = _dlopen(
  File "C:\Users\User\Downloads\pondok\venv\lib\site-packages\weasyprint\text\ffi.py", line 463, in _dlopen
    return ffi.dlopen(names[0], flags)  # pragma: no cover
  File "C:\Users\User\Downloads\pondok\venv\lib\site-packages\cffi\api.py", line 150, in dlopen
    lib, function_cache = _make_ffi_library(self, name, flags)
  File "C:\Users\User\Downloads\pondok\venv\lib\site-packages\cffi\api.py", line 834, in _make_ffi_library
    backendlib = _load_backend_lib(backend, libname, flags)
  File "C:\Users\User\Downloads\pondok\venv\lib\site-packages\cffi\api.py", line 829, in _load_backend_lib
    raise OSError(msg)
OSError: cannot load library 'libgobject-2.0-0': error 0x7e.  Additionally, ctypes.util.find_library() did not manage to locate a library called 'libgobject-2.0-0'
ERROR 2025-11-27 00:52:04,221 basehttp "GET /admin-panel/settings/print/preview/ HTTP/1.1" 500 171024
ERROR 2025-11-27 01:30:57,863 log Internal Server Error: /admin-panel/settings/print/preview/201/
Traceback (most recent call last):
  File "C:\Users\User\Downloads\pondok\venv\lib\site-packages\django\core\handlers\exception.py", line 55, in inner
    response = get_response(request)
  File "C:\Users\User\Downloads\pondok\venv\lib\site-packages\django\core\handlers\base.py", line 197, in _get_response
    response = wrapped_callback(request, *callback_args, **callback_kwargs)
  File "C:\Users\User\Downloads\pondok\venv\lib\site-packages\django\contrib\auth\decorators.py", line 59, in _view_wrapper
    return view_func(request, *args, **kwargs)
  File "C:\Users\User\Downloads\pondok\venv\lib\site-packages\django\contrib\auth\decorators.py", line 59, in _view_wrapper
    return view_func(request, *args, **kwargs)
  File "C:\Users\User\Downloads\pondok\admin_panel\views.py", line 1106, in print_settings_preview_html
    html_content = render_to_string('users/formulir_pdf.html', {
NameError: name 'render_to_string' is not defined
ERROR 2025-11-27 01:30:57,868 basehttp "GET /admin-panel/settings/print/preview/201/ HTTP/1.1" 500 95358
ERROR 2025-11-27 01:31:06,434 log Internal Server Error: /admin-panel/settings/print/preview/201/
Traceback (most recent call last):
  File "C:\Users\User\Downloads\pondok\venv\lib\site-packages\django\core\handlers\exception.py", line 55, in inner
    response = get_response(request)
  File "C:\Users\User\Downloads\pondok\venv\lib\site-packages\django\core\handlers\base.py", line 197, in _get_response
    response = wrapped_callback(request, *callback_args, **callback_kwargs)
  File "C:\Users\User\Downloads\pondok\venv\lib\site-packages\django\contrib\auth\decorators.py", line 59, in _view_wrapper
    return view_func(request, *args, **kwargs)
  File "C:\Users\User\Downloads\pondok\venv\lib\site-packages\django\contrib\auth\decorators.py", line 59, in _view_wrapper
    return view_func(request, *args, **kwargs)
  File "C:\Users\User\Downloads\pondok\admin_panel\views.py", line 1106, in print_settings_preview_html
    html_content = render_to_string('users/formulir_pdf.html', {
NameError: name 'render_to_string' is not defined
ERROR 2025-11-27 01:31:06,450 basehttp "GET /admin-panel/settings/print/preview/201/ HTTP/1.1" 500 95221
ERROR 2025-11-27 12:55:28,724 log Internal Server Error: /
Traceback (most recent call last):
  File "C:\Users\User\Downloads\pondok\venv\lib\site-packages\django\template\defaulttags.py", line 1035, in find_library
    return parser.libraries[name]
KeyError: 'indonesia_format'

During handling of the above exception, another exception occurred:

Traceback (most recent call last):
  File "C:\Users\User\Downloads\pondok\venv\lib\site-packages\django\core\handlers\exception.py", line 55, in inner
    response = get_response(request)
  File "C:\Users\User\Downloads\pondok\venv\lib\site-packages\django\core\handlers\base.py", line 197, in _get_response
    response = wrapped_callback(request, *callback_args, **callback_kwargs)
  File "C:\Users\User\Downloads\pondok\core\views_public.py", line 264, in home
    return render(request, 'public/home.html', context)
  File "C:\Users\User\Downloads\pondok\venv\lib\site-packages\django\shortcuts.py", line 25, in render
    content = loader.render_to_string(template_name, context, request, using=using)
  File "C:\Users\User\Downloads\pondok\venv\lib\site-packages\django\template\loader.py", line 61, in render_to_string
    template = get_template(template_name, using=using)
  File "C:\Users\User\Downloads\pondok\venv\lib\site-packages\django\template\loader.py", line 15, in get_template
    return engine.get_template(template_name)
  File "C:\Users\User\Downloads\pondok\venv\lib\site-packages\django\template\backends\django.py", line 79, in get_template
    return Template(self.engine.get_template(template_name), self)
  File "C:\Users\User\Downloads\pondok\venv\lib\site-packages\django\template\engine.py", line 177, in get_template
    template, origin = self.find_template(template_name)
  File "C:\Users\User\Downloads\pondok\venv\lib\site-packages\django\template\engine.py", line 159, in find_template
    template = loader.get_template(name, skip=skip)
  File "C:\Users\User\Downloads\pondok\venv\lib\site-packages\django\template\loaders\cached.py", line 57, in get_template
    template = super().get_template(template_name, skip)
  File "C:\Users\User\Downloads\pondok\venv\lib\site-packages\django\template\loaders\base.py", line 28, in get_template
    return Template(
  File "C:\Users\User\Downloads\pondok\venv\lib\site-packages\django\template\base.py", line 154, in __init__
    self.nodelist = self.compile_nodelist()
  File "C:\Users\User\Downloads\pondok\venv\lib\site-packages\django\template\base.py", line 196, in compile_nodelist
    nodelist = parser.parse()
  File "C:\Users\User\Downloads\pondok\venv\lib\site-packages\django\template\base.py", line 518, in parse
    raise self.error(token, e)
  File "C:\Users\User\Downloads\pondok\venv\lib\site-packages\django\template\base.py", line 516, in parse
    compiled_result = compile_func(self, token)
  File "C:\Users\User\Downloads\pondok\venv\lib\site-packages\django\template\loader_tags.py", line 299, in do_extends
    nodelist = parser.parse()
  File "C:\Users\User\Downloads\pondok\venv\lib\site-packages\django\template\base.py", line 518, in parse
    raise self.error(token, e)
  File "C:\Users\User\Downloads\pondok\venv\lib\site-packages\django\template\base.py", line 516, in parse
    compiled_result = compile_func(self, token)
  File "C:\Users\User\Downloads\pondok\venv\lib\site-packages\django\template\defaulttags.py", line 1097, in load
    lib = find_library(parser, name)
  File "C:\Users\User\Downloads\pondok\venv\lib\site-packages\django\template\defaulttags.py", line 1037, in find_library
    raise TemplateSyntaxError(
django.template.exceptions.TemplateSyntaxError: 'indonesia_format' is not a registered tag library. Must be one of:
admin_list
admin_modify
admin_urls
cache
debugger_tags
django_htmx
highlighting
humanize
i18n
indent_text
l10n
log
static
syntax_color
tz
widget_tweaks
widont
ERROR 2025-11-27 12:55:28,728 basehttp "GET / HTTP/1.1" 500 265890
ERROR 2025-11-27 12:55:29,330 log Internal Server Error: /
Traceback (most recent call last):
  File "C:\Users\User\Downloads\pondok\venv\lib\site-packages\django\template\defaulttags.py", line 1035, in find_library
    return parser.libraries[name]
KeyError: 'indonesia_format'

During handling of the above exception, another exception occurred:

Traceback (most recent call last):
  File "C:\Users\User\Downloads\pondok\venv\lib\site-packages\django\core\handlers\exception.py", line 55, in inner
    response = get_response(request)
  File "C:\Users\User\Downloads\pondok\venv\lib\site-packages\django\core\handlers\base.py", line 197, in _get_response
    response = wrapped_callback(request, *callback_args, **callback_kwargs)
  File "C:\Users\User\Downloads\pondok\core\views_public.py", line 264, in home
    return render(request, 'public/home.html', context)
  File "C:\Users\User\Downloads\pondok\venv\lib\site-packages\django\shortcuts.py", line 25, in render
    content = loader.render_to_string(template_name, context, request, using=using)
  File "C:\Users\User\Downloads\pondok\venv\lib\site-packages\django\template\loader.py", line 61, in render_to_string
    template = get_template(template_name, using=using)
  File "C:\Users\User\Downloads\pondok\venv\lib\site-packages\django\template\loader.py", line 15, in get_template
    return engine.get_template(template_name)
  File "C:\Users\User\Downloads\pondok\venv\lib\site-packages\django\template\backends\django.py", line 79, in get_template
    return Template(self.engine.get_template(template_name), self)
  File "C:\Users\User\Downloads\pondok\venv\lib\site-packages\django\template\engine.py", line 177, in get_template
    template, origin = self.find_template(template_name)
  File "C:\Users\User\Downloads\pondok\venv\lib\site-packages\django\template\engine.py", line 159, in find_template
    template = loader.get_template(name, skip=skip)
  File "C:\Users\User\Downloads\pondok\venv\lib\site-packages\django\template\loaders\cached.py", line 57, in get_template
    template = super().get_template(template_name, skip)
  File "C:\Users\User\Downloads\pondok\venv\lib\site-packages\django\template\loaders\base.py", line 28, in get_template
    return Template(
  File "C:\Users\User\Downloads\pondok\venv\lib\site-packages\django\template\base.py", line 154, in __init__
    self.nodelist = self.compile_nodelist()
  File "C:\Users\User\Downloads\pondok\venv\lib\site-packages\django\template\base.py", line 196, in compile_nodelist
    nodelist = parser.parse()
  File "C:\Users\User\Downloads\pondok\venv\lib\site-packages\django\template\base.py", line 518, in parse
    raise self.error(token, e)
  File "C:\Users\User\Downloads\pondok\venv\lib\site-packages\django\template\base.py", line 516, in parse
    compiled_result = compile_func(self, token)
  File "C:\Users\User\Downloads\pondok\venv\lib\site-packages\django\template\loader_tags.py", line 299, in do_extends
    nodelist = parser.parse()
  File "C:\Users\User\Downloads\pondok\venv\lib\site-packages\django\template\base.py", line 518, in parse
    raise self.error(token, e)
  File "C:\Users\User\Downloads\pondok\venv\lib\site-packages\django\template\base.py", line 516, in parse
    compiled_result = compile_func(self, token)
  File "C:\Users\User\Downloads\pondok\venv\lib\site-packages\django\template\defaulttags.py", line 1097, in load
    lib = find_library(parser, name)
  File "C:\Users\User\Downloads\pondok\venv\lib\site-packages\django\template\defaulttags.py", line 1037, in find_library
    raise TemplateSyntaxError(
django.template.exceptions.TemplateSyntaxError: 'indonesia_format' is not a registered tag library. Must be one of:
admin_list
admin_modify
admin_urls
cache
debugger_tags
django_htmx
highlighting
humanize
i18n
indent_text
l10n
log
static
syntax_color
tz
widget_tweaks
widont
ERROR 2025-11-27 12:55:29,333 basehttp "GET / HTTP/1.1" 500 265901
ERROR 2025-11-27 12:55:31,936 log Internal Server Error: /
Traceback (most recent call last):
  File "C:\Users\User\Downloads\pondok\venv\lib\site-packages\django\template\defaulttags.py", line 1035, in find_library
    return parser.libraries[name]
KeyError: 'indonesia_format'

During handling of the above exception, another exception occurred:

Traceback (most recent call last):
  File "C:\Users\User\Downloads\pondok\venv\lib\site-packages\django\core\handlers\exception.py", line 55, in inner
    response = get_response(request)
  File "C:\Users\User\Downloads\pondok\venv\lib\site-packages\django\core\handlers\base.py", line 197, in _get_response
    response = wrapped_callback(request, *callback_args, **callback_kwargs)
  File "C:\Users\User\Downloads\pondok\core\views_public.py", line 264, in home
    return render(request, 'public/home.html', context)
  File "C:\Users\User\Downloads\pondok\venv\lib\site-packages\django\shortcuts.py", line 25, in render
    content = loader.render_to_string(template_name, context, request, using=using)
  File "C:\Users\User\Downloads\pondok\venv\lib\site-packages\django\template\loader.py", line 61, in render_to_string
    template = get_template(template_name, using=using)
  File "C:\Users\User\Downloads\pondok\venv\lib\site-packages\django\template\loader.py", line 15, in get_template
    return engine.get_template(template_name)
  File "C:\Users\User\Downloads\pondok\venv\lib\site-packages\django\template\backends\django.py", line 79, in get_template
    return Template(self.engine.get_template(template_name), self)
  File "C:\Users\User\Downloads\pondok\venv\lib\site-packages\django\template\engine.py", line 177, in get_template
    template, origin = self.find_template(template_name)
  File "C:\Users\User\Downloads\pondok\venv\lib\site-packages\django\template\engine.py", line 159, in find_template
    template = loader.get_template(name, skip=skip)
  File "C:\Users\User\Downloads\pondok\venv\lib\site-packages\django\template\loaders\cached.py", line 57, in get_template
    template = super().get_template(template_name, skip)
  File "C:\Users\User\Downloads\pondok\venv\lib\site-packages\django\template\loaders\base.py", line 28, in get_template
    return Template(
  File "C:\Users\User\Downloads\pondok\venv\lib\site-packages\django\template\base.py", line 154, in __init__
    self.nodelist = self.compile_nodelist()
  File "C:\Users\User\Downloads\pondok\venv\lib\site-packages\django\template\base.py", line 196, in compile_nodelist
    nodelist = parser.parse()
  File "C:\Users\User\Downloads\pondok\venv\lib\site-packages\django\template\base.py", line 518, in parse
    raise self.error(token, e)
  File "C:\Users\User\Downloads\pondok\venv\lib\site-packages\django\template\base.py", line 516, in parse
    compiled_result = compile_func(self, token)
  File "C:\Users\User\Downloads\pondok\venv\lib\site-packages\django\template\loader_tags.py", line 299, in do_extends
    nodelist = parser.parse()
  File "C:\Users\User\Downloads\pondok\venv\lib\site-packages\django\template\base.py", line 518, in parse
    raise self.error(token, e)
  File "C:\Users\User\Downloads\pondok\venv\lib\site-packages\django\template\base.py", line 516, in parse
    compiled_result = compile_func(self, token)
  File "C:\Users\User\Downloads\pondok\venv\lib\site-packages\django\template\defaulttags.py", line 1097, in load
    lib = find_library(parser, name)
  File "C:\Users\User\Downloads\pondok\venv\lib\site-packages\django\template\defaulttags.py", line 1037, in find_library
    raise TemplateSyntaxError(
django.template.exceptions.TemplateSyntaxError: 'indonesia_format' is not a registered tag library. Must be one of:
admin_list
admin_modify
admin_urls
cache
debugger_tags
django_htmx
highlighting
humanize
i18n
indent_text
l10n
log
static
syntax_color
tz
widget_tweaks
widont
ERROR 2025-11-27 12:55:31,938 basehttp "GET / HTTP/1.1" 500 265732
ERROR 2025-11-28 04:22:11,642 log Internal Server Error: /admin-panel/santri/201/pdf/
Traceback (most recent call last):
  File "C:\Users\User\Downloads\pondok\venv\lib\site-packages\django\core\handlers\exception.py", line 55, in inner
    response = get_response(request)
  File "C:\Users\User\Downloads\pondok\venv\lib\site-packages\django\core\handlers\base.py", line 197, in _get_response
    response = wrapped_callback(request, *callback_args, **callback_kwargs)
  File "C:\Users\User\Downloads\pondok\venv\lib\site-packages\django\contrib\auth\decorators.py", line 59, in _view_wrapper
    return view_func(request, *args, **kwargs)
  File "C:\Users\User\Downloads\pondok\venv\lib\site-packages\django\contrib\auth\decorators.py", line 59, in _view_wrapper
    return view_func(request, *args, **kwargs)
  File "C:\Users\User\Downloads\pondok\admin_panel\views.py", line 164, in santri_pdf
    from weasyprint import HTML
  File "C:\Users\User\Downloads\pondok\venv\lib\site-packages\weasyprint\__init__.py", line 433, in <module>
    from .css import preprocess_stylesheet  # noqa: I001, E402
  File "C:\Users\User\Downloads\pondok\venv\lib\site-packages\weasyprint\css\__init__.py", line 28, in <module>
    from .computed_values import COMPUTER_FUNCTIONS
  File "C:\Users\User\Downloads\pondok\venv\lib\site-packages\weasyprint\css\computed_values.py", line 9, in <module>
    from ..text.ffi import FROM_UNITS, ffi, pango
  File "C:\Users\User\Downloads\pondok\venv\lib\site-packages\weasyprint\text\ffi.py", line 475, in <module>
    gobject = _dlopen(
  File "C:\Users\User\Downloads\pondok\venv\lib\site-packages\weasyprint\text\ffi.py", line 463, in _dlopen
    return ffi.dlopen(names[0], flags)  # pragma: no cover
  File "C:\Users\User\Downloads\pondok\venv\lib\site-packages\cffi\api.py", line 150, in dlopen
    lib, function_cache = _make_ffi_library(self, name, flags)
  File "C:\Users\User\Downloads\pondok\venv\lib\site-packages\cffi\api.py", line 834, in _make_ffi_library
    backendlib = _load_backend_lib(backend, libname, flags)
  File "C:\Users\User\Downloads\pondok\venv\lib\site-packages\cffi\api.py", line 829, in _load_backend_lib
    raise OSError(msg)
OSError: cannot load library 'libgobject-2.0-0': error 0x7e.  Additionally, ctypes.util.find_library() did not manage to locate a library called 'libgobject-2.0-0'
ERROR 2025-11-28 04:22:11,648 basehttp "GET /admin-panel/santri/201/pdf/ HTTP/1.1" 500 164293
INFO 2025-11-30 11:42:30,722 autoreload Watching for file changes with StatReloader
DEBUG 2025-11-30 11:42:30,723 autoreload Waiting for apps ready_event.
DEBUG 2025-11-30 11:42:30,866 autoreload Apps ready_event triggered. Sending autoreload_started signal.
DEBUG 2025-11-30 11:42:30,911 autoreload Watching dir C:\Users\User\Downloads\pondok\venv\lib\site-packages\django_summernote\templates with glob **/*.
DEBUG 2025-11-30 11:42:30,912 autoreload Watching dir C:\Users\User\Downloads\pondok\venv\lib\site-packages\django_extensions\templates with glob **/*.
DEBUG 2025-11-30 11:42:30,912 autoreload Watching dir C:\Users\User\Downloads\pondok\templates with glob **/*.
DEBUG 2025-11-30 11:42:30,915 autoreload Watching dir C:\Users\User\Downloads\pondok\venv\lib\site-packages\django_filters\templates with glob **/*.
DEBUG 2025-11-30 11:42:30,916 autoreload Watching dir C:\Users\User\Downloads\pondok\locale with glob **/*.mo.
DEBUG 2025-11-30 11:42:30,916 autoreload Watching dir C:\Users\User\Downloads\pondok\venv\lib\site-packages\django_htmx\locale with glob **/*.mo.
DEBUG 2025-11-30 11:42:30,916 autoreload Watching dir C:\Users\User\Downloads\pondok\venv\lib\site-packages\widget_tweaks\locale with glob **/*.mo.
DEBUG 2025-11-30 11:42:30,916 autoreload Watching dir C:\Users\User\Downloads\pondok\venv\lib\site-packages\django_filters\locale with glob **/*.mo.
DEBUG 2025-11-30 11:42:30,916 autoreload Watching dir C:\Users\User\Downloads\pondok\venv\lib\site-packages\django_extensions\locale with glob **/*.mo.
DEBUG 2025-11-30 11:42:30,917 autoreload Watching dir C:\Users\User\Downloads\pondok\venv\lib\site-packages\django_summernote\locale with glob **/*.mo.
DEBUG 2025-11-30 11:42:30,917 autoreload Watching dir C:\Users\User\Downloads\pondok\core\locale with glob **/*.mo.
DEBUG 2025-11-30 11:42:30,917 autoreload Watching dir C:\Users\User\Downloads\pondok\users\locale with glob **/*.mo.
DEBUG 2025-11-30 11:42:30,918 autoreload Watching dir C:\Users\User\Downloads\pondok\admissions\locale with glob **/*.mo.
DEBUG 2025-11-30 11:42:30,918 autoreload Watching dir C:\Users\User\Downloads\pondok\payments\locale with glob **/*.mo.
DEBUG 2025-11-30 11:42:30,918 autoreload Watching dir C:\Users\User\Downloads\pondok\admin_panel\locale with glob **/*.mo.
DEBUG 2025-11-30 11:42:30,918 autoreload Watching dir C:\Users\User\Downloads\pondok\blog\locale with glob **/*.mo.
DEBUG 2025-11-30 11:42:31,148 autoreload File C:\Users\User\Downloads\pondok\venv\Lib\site-packages\reportlab\pdfbase\pdfdoc.py first seen with mtime 1763751567.7950904
DEBUG 2025-11-30 11:42:31,148 autoreload File C:\Users\User\AppData\Local\Programs\Python\Python310\Lib\io.py first seen with mtime 1665482304.0
DEBUG 2025-11-30 11:42:31,148 autoreload File C:\Users\User\AppData\Local\Programs\Python\Python310\Lib\typing.py first seen with mtime 1665482304.0
DEBUG 2025-11-30 11:42:31,149 autoreload File C:\Users\User\Downloads\pondok\blog\apps.py first seen with mtime 1763750160.2895434
DEBUG 2025-11-30 11:42:31,149 autoreload File C:\Users\User\Downloads\pondok\venv\Lib\site-packages\django\core\handlers\base.py first seen with mtime 1763752053.048262
DEBUG 2025-11-30 11:42:31,149 autoreload File C:\Users\User\Downloads\pondok\venv\Lib\site-packages\django\core\management\color.py first seen with mtime 1763752053.0623493
DEBUG 2025-11-30 11:42:31,149 autoreload File C:\Users\User\AppData\Local\Programs\Python\Python310\Lib\asyncio\transports.py first seen with mtime 1665482304.0
DEBUG 2025-11-30 11:42:31,150 autoreload File C:\Users\User\AppData\Local\Programs\Python\Python310\Lib\email\generator.py first seen with mtime 1665482304.0
DEBUG 2025-11-30 11:42:31,150 autoreload File C:\Users\User\Downloads\pondok\venv\Lib\site-packages\django_htmx\http.py first seen with mtime 1763752067.246522
DEBUG 2025-11-30 11:42:31,150 autoreload File C:\Users\User\AppData\Local\Programs\Python\Python310\Lib\sre_compile.py first seen with mtime 1665482304.0
DEBUG 2025-11-30 11:42:31,150 autoreload File C:\Users\User\Downloads\pondok\admin_panel\forms.py first seen with mtime 1764227325.2719417
DEBUG 2025-11-30 11:42:31,150 autoreload File C:\Users\User\Downloads\pondok\venv\Lib\site-packages\PIL\Image.py first seen with mtime 1763746572.4591427
DEBUG 2025-11-30 11:42:31,150 autoreload File C:\Users\User\Downloads\pondok\venv\Lib\site-packages\django\db\models\enums.py first seen with mtime 1763752053.186455
DEBUG 2025-11-30 11:42:31,150 autoreload File C:\Users\User\Downloads\pondok\venv\Lib\site-packages\django_summernote\forms.py first seen with mtime 1763750129.7933261
DEBUG 2025-11-30 11:42:31,152 autoreload File C:\Users\User\Downloads\pondok\venv\Lib\site-packages\reportlab\lib\abag.py first seen with mtime 1763751567.736309
DEBUG 2025-11-30 11:42:31,152 autoreload File C:\Users\User\AppData\Local\Programs\Python\Python310\Lib\asyncio\base_tasks.py first seen with mtime 1665482304.0
DEBUG 2025-11-30 11:42:31,152 autoreload File C:\Users\User\AppData\Local\Programs\Python\Python310\Lib\codecs.py first seen with mtime 1665482304.0
DEBUG 2025-11-30 11:42:31,152 autoreload File C:\Users\User\AppData\Local\Programs\Python\Python310\Lib\email\__init__.py first seen with mtime 1665482304.0
DEBUG 2025-11-30 11:42:31,152 autoreload File C:\Users\User\Downloads\pondok\venv\Lib\site-packages\pygments\lexers\_mapping.py first seen with mtime 1763746566.4974573
DEBUG 2025-11-30 11:42:31,153 autoreload File C:\Users\User\Downloads\pondok\venv\Lib\site-packages\django\contrib\staticfiles\finders.py first seen with mtime 1763752052.9696534
DEBUG 2025-11-30 11:42:31,153 autoreload File C:\Users\User\AppData\Local\Programs\Python\Python310\Lib\json\encoder.py first seen with mtime 1665482304.0
DEBUG 2025-11-30 11:42:31,153 autoreload File C:\Users\User\Downloads\pondok\venv\Lib\site-packages\django\template\exceptions.py first seen with mtime 1763752053.3525486
DEBUG 2025-11-30 11:42:31,153 autoreload File C:\Users\User\AppData\Local\Programs\Python\Python310\Lib\logging\__init__.py first seen with mtime 1665482304.0
DEBUG 2025-11-30 11:42:31,153 autoreload File C:\Users\User\Downloads\pondok\blog\views.py first seen with mtime 1763754603.0194938
DEBUG 2025-11-30 11:42:31,154 autoreload File C:\Users\User\Downloads\pondok\venv\Lib\site-packages\reportlab\lib\__init__.py first seen with mtime 1763751567.734794
DEBUG 2025-11-30 11:42:31,154 autoreload File C:\Users\User\AppData\Local\Programs\Python\Python310\Lib\importlib\machinery.py first seen with mtime 1665482304.0
DEBUG 2025-11-30 11:42:31,154 autoreload File C:\Users\User\Downloads\pondok\venv\Lib\site-packages\reportlab\lib\logger.py first seen with mtime 1763751567.7509098
DEBUG 2025-11-30 11:42:31,154 autoreload File C:\Users\User\AppData\Local\Programs\Python\Python310\Lib\decimal.py first seen with mtime 1665482304.0
DEBUG 2025-11-30 11:42:31,154 autoreload File C:\Users\User\AppData\Local\Programs\Python\Python310\Lib\weakref.py first seen with mtime 1665482304.0
DEBUG 2025-11-30 11:42:31,155 autoreload File C:\Users\User\Downloads\pondok\venv\Lib\site-packages\django\core\signals.py first seen with mtime 1763752052.9891534
DEBUG 2025-11-30 11:42:31,155 autoreload File C:\Users\User\Downloads\pondok\venv\Lib\site-packages\sqlparse\cli.py first seen with mtime 1763752045.32401
DEBUG 2025-11-30 11:42:31,155 autoreload File C:\Users\User\Downloads\pondok\core\__init__.py first seen with mtime 1763744949.3246684
DEBUG 2025-11-30 11:42:31,155 autoreload File C:\Users\User\Downloads\pondok\venv\Lib\site-packages\django\db\models\lookups.py first seen with mtime 1763752053.1909728
DEBUG 2025-11-30 11:42:31,155 autoreload File C:\Users\User\AppData\Local\Programs\Python\Python310\Lib\importlib\metadata\_text.py first seen with mtime 1665482304.0
DEBUG 2025-11-30 11:42:31,156 autoreload File C:\Users\User\AppData\Local\Programs\Python\Python310\Lib\email\utils.py first seen with mtime 1665482304.0
DEBUG 2025-11-30 11:42:31,156 autoreload File C:\Users\User\AppData\Local\Programs\Python\Python310\Lib\json\scanner.py first seen with mtime 1665482304.0
DEBUG 2025-11-30 11:42:31,156 autoreload File C:\Users\User\Downloads\pondok\venv\Lib\site-packages\django\urls\exceptions.py first seen with mtime 1763752053.3915212
DEBUG 2025-11-30 11:42:31,156 autoreload File C:\Users\User\Downloads\pondok\venv\Lib\site-packages\reportlab\pdfgen\pdfgeom.py first seen with mtime 1763751567.8067794
DEBUG 2025-11-30 11:42:31,157 autoreload File C:\Users\User\Downloads\pondok\venv\Lib\site-packages\PIL\_binary.py first seen with mtime 1763746572.533869
DEBUG 2025-11-30 11:42:31,157 autoreload File C:\Users\User\AppData\Local\Programs\Python\Python310\Lib\asyncio\queues.py first seen with mtime 1665482304.0
DEBUG 2025-11-30 11:42:31,157 autoreload File C:\Users\User\Downloads\pondok\venv\Lib\site-packages\PIL\_version.py first seen with mtime 1763746572.5669034
DEBUG 2025-11-30 11:42:31,157 autoreload File C:\Users\User\Downloads\pondok\venv\Lib\site-packages\django\contrib\sessions\apps.py first seen with mtime 1763752052.449509
DEBUG 2025-11-30 11:42:31,158 autoreload File C:\Users\User\Downloads\pondok\venv\Lib\site-packages\django_filters\filterset.py first seen with mtime 1763746598.353083
DEBUG 2025-11-30 11:42:31,158 autoreload File C:\Users\User\AppData\Local\Programs\Python\Python310\Lib\email\charset.py first seen with mtime 1665482304.0
DEBUG 2025-11-30 11:42:31,158 autoreload File C:\Users\User\AppData\Local\Programs\Python\Python310\Lib\ast.py first seen with mtime 1665482304.0
DEBUG 2025-11-30 11:42:31,158 autoreload File C:\Users\User\Downloads\pondok\venv\Lib\site-packages\django_filters\filters.py first seen with mtime 1763746598.353083
DEBUG 2025-11-30 11:42:31,158 autoreload File C:\Users\User\Downloads\pondok\venv\Lib\site-packages\django\db\migrations\operations\base.py first seen with mtime 1763752053.1769621
DEBUG 2025-11-30 11:42:31,158 autoreload File C:\Users\User\Downloads\pondok\venv\Lib\site-packages\reportlab\lib\utils.py first seen with mtime 1763751567.7649846
DEBUG 2025-11-30 11:42:31,159 autoreload File C:\Users\User\AppData\Local\Programs\Python\Python310\Lib\base64.py first seen with mtime 1665482304.0
DEBUG 2025-11-30 11:42:31,159 autoreload File C:\Users\User\Downloads\pondok\venv\Lib\site-packages\django\utils\encoding.py first seen with mtime 1763752053.410594
DEBUG 2025-11-30 11:42:31,159 autoreload File C:\Users\User\Downloads\pondok\venv\Lib\site-packages\colorama\ansitowin32.py first seen with mtime 1763746574.468425
DEBUG 2025-11-30 11:42:31,159 autoreload File C:\Users\User\Downloads\pondok\venv\Lib\site-packages\django\utils\html.py first seen with mtime 1763752053.415597
DEBUG 2025-11-30 11:42:31,159 autoreload File C:\Users\User\Downloads\pondok\core\views_crud.py first seen with mtime 1764222385.724699
DEBUG 2025-11-30 11:42:31,160 autoreload File C:\Users\User\Downloads\pondok\venv\Lib\site-packages\reportlab\pdfbase\_fontdata_enc_macroman.py first seen with mtime 1763751567.7734046
DEBUG 2025-11-30 11:42:31,160 autoreload File C:\Users\User\Downloads\pondok\venv\Lib\site-packages\django\db\models\indexes.py first seen with mtime 1763752053.1889713
DEBUG 2025-11-30 11:42:31,160 autoreload File C:\Users\User\Downloads\pondok\venv\Lib\site-packages\django\contrib\staticfiles\management\commands\__init__.py first seen with mtime 1763752052.97858
DEBUG 2025-11-30 11:42:31,160 autoreload File C:\Users\User\AppData\Local\Programs\Python\Python310\Lib\importlib\abc.py first seen with mtime 1665482304.0
DEBUG 2025-11-30 11:42:31,160 autoreload File C:\Users\User\Downloads\pondok\venv\Lib\site-packages\django\apps\__init__.py first seen with mtime 1763752049.22735
DEBUG 2025-11-30 11:42:31,160 autoreload File C:\Users\User\Downloads\pondok\venv\Lib\site-packages\django_filters\constants.py first seen with mtime 1763746598.3505268
DEBUG 2025-11-30 11:42:31,161 autoreload File C:\Users\User\Downloads\pondok\venv\Lib\site-packages\PIL\ImageMode.py first seen with mtime 1763746572.4676487
DEBUG 2025-11-30 11:42:31,161 autoreload File C:\Users\User\Downloads\pondok\venv\Lib\site-packages\django\urls\base.py first seen with mtime 1763752053.3884814
DEBUG 2025-11-30 11:42:31,161 autoreload File C:\Users\User\Downloads\pondok\venv\Lib\site-packages\django\views\generic\list.py first seen with mtime 1763752053.4587104
DEBUG 2025-11-30 11:42:31,161 autoreload File C:\Users\User\Downloads\pondok\venv\Lib\site-packages\django\utils\http.py first seen with mtime 1763752053.4163203
DEBUG 2025-11-30 11:42:31,161 autoreload File C:\Users\User\AppData\Local\Programs\Python\Python310\Lib\http\cookies.py first seen with mtime 1665482304.0
DEBUG 2025-11-30 11:42:31,162 autoreload File C:\Users\User\Downloads\pondok\venv\Lib\site-packages\sqlparse\formatter.py first seen with mtime 1763752045.326037
DEBUG 2025-11-30 11:42:31,162 autoreload File C:\Users\User\AppData\Local\Programs\Python\Python310\Lib\random.py first seen with mtime 1665482304.0
DEBUG 2025-11-30 11:42:31,162 autoreload File C:\Users\User\Downloads\pondok\venv\Lib\site-packages\reportlab\pdfbase\_fontdata_widths_timesitalic.py first seen with mtime 1763751567.789441
DEBUG 2025-11-30 11:42:31,162 autoreload File C:\Users\User\Downloads\pondok\venv\Lib\site-packages\django\core\mail\utils.py first seen with mtime 1763752053.0522628
DEBUG 2025-11-30 11:42:31,162 autoreload File C:\Users\User\AppData\Local\Programs\Python\Python310\DLLs\_lzma.pyd first seen with mtime 1665482366.0
DEBUG 2025-11-30 11:42:31,162 autoreload File C:\Users\User\Downloads\pondok\venv\Lib\site-packages\django\db\migrations\state.py first seen with mtime 1763752053.171921
DEBUG 2025-11-30 11:42:31,164 autoreload File C:\Users\User\Downloads\pondok\venv\Lib\site-packages\django\db\models\deletion.py first seen with mtime 1763752053.186455
DEBUG 2025-11-30 11:42:31,164 autoreload File C:\Users\User\Downloads\pondok\venv\Lib\site-packages\sqlparse\__init__.py first seen with mtime 1763752045.3222592
DEBUG 2025-11-30 11:42:31,164 autoreload File C:\Users\User\AppData\Local\Programs\Python\Python310\DLLs\_decimal.pyd first seen with mtime 1665482366.0
DEBUG 2025-11-30 11:42:31,164 autoreload File C:\Users\User\Downloads\pondok\venv\Lib\site-packages\django\views\generic\detail.py first seen with mtime 1763752053.4559088
DEBUG 2025-11-30 11:42:31,164 autoreload File C:\Users\User\Downloads\pondok\venv\Lib\site-packages\django\db\models\fields\proxy.py first seen with mtime 1763752053.2061453
DEBUG 2025-11-30 11:42:31,164 autoreload File C:\Users\User\Downloads\pondok\admin_panel\admin.py first seen with mtime 1763744959.7566364
DEBUG 2025-11-30 11:42:31,164 autoreload File C:\Users\User\Downloads\pondok\venv\Lib\site-packages\django\utils\inspect.py first seen with mtime 1763752053.4176135
DEBUG 2025-11-30 11:42:31,165 autoreload File C:\Users\User\Downloads\pondok\venv\Lib\site-packages\django\contrib\staticfiles\checks.py first seen with mtime 1763752052.9686544
DEBUG 2025-11-30 11:42:31,165 autoreload File C:\Users\User\Downloads\pondok\venv\Lib\site-packages\django\core\__init__.py first seen with mtime 1763752052.9854555
DEBUG 2025-11-30 11:42:31,165 autoreload File C:\Users\User\AppData\Local\Programs\Python\Python310\Lib\ctypes\_endian.py first seen with mtime 1665482304.0
DEBUG 2025-11-30 11:42:31,165 autoreload File C:\Users\User\Downloads\pondok\venv\Lib\site-packages\django_summernote\admin.py first seen with mtime 1763750129.7911556
DEBUG 2025-11-30 11:42:31,165 autoreload File C:\Users\User\Downloads\pondok\venv\Lib\site-packages\django\contrib\admin\models.py first seen with mtime 1763752049.6166975
DEBUG 2025-11-30 11:42:31,165 autoreload File C:\Users\User\AppData\Local\Programs\Python\Python310\Lib\operator.py first seen with mtime 1665482304.0
DEBUG 2025-11-30 11:42:31,165 autoreload File C:\Users\User\AppData\Local\Programs\Python\Python310\DLLs\_ctypes.pyd first seen with mtime 1665482366.0
DEBUG 2025-11-30 11:42:31,165 autoreload File C:\Users\User\Downloads\pondok\venv\Lib\site-packages\django\db\models\functions\mixins.py first seen with mtime 1763752053.2191741
DEBUG 2025-11-30 11:42:31,166 autoreload File C:\Users\User\Downloads\pondok\venv\Lib\site-packages\django_extensions\templatetags\syntax_color.py first seen with mtime 1763746598.7317908
DEBUG 2025-11-30 11:42:31,166 autoreload File C:\Users\User\Downloads\pondok\venv\Lib\site-packages\pygments\util.py first seen with mtime 1763746566.4706454
DEBUG 2025-11-30 11:42:31,166 autoreload File C:\Users\User\Downloads\pondok\venv\Lib\site-packages\django\core\checks\security\sessions.py first seen with mtime 1763752053.0287056
DEBUG 2025-11-30 11:42:31,166 autoreload File C:\Users\User\Downloads\pondok\venv\Lib\site-packages\django\contrib\auth\base_user.py first seen with mtime 1763752050.517484
DEBUG 2025-11-30 11:42:31,166 autoreload File C:\Users\User\AppData\Local\Programs\Python\Python310\Lib\email\errors.py first seen with mtime 1665482304.0
DEBUG 2025-11-30 11:42:31,166 autoreload File C:\Users\User\Downloads\pondok\venv\Lib\site-packages\django\core\files\uploadedfile.py first seen with mtime 1763752053.0352094
DEBUG 2025-11-30 11:42:31,167 autoreload File C:\Users\User\Downloads\pondok\venv\Lib\site-packages\django\core\files\storage\mixins.py first seen with mtime 1763752053.0452535
DEBUG 2025-11-30 11:42:31,167 autoreload File C:\Users\User\AppData\Local\Programs\Python\Python310\Lib\_collections_abc.py first seen with mtime 1665482304.0
DEBUG 2025-11-30 11:42:31,167 autoreload File C:\Users\User\Downloads\pondok\venv\Lib\site-packages\django\utils\decorators.py first seen with mtime 1763752053.4075892
DEBUG 2025-11-30 11:42:31,167 autoreload File C:\Users\User\AppData\Local\Programs\Python\Python310\DLLs\_uuid.pyd first seen with mtime 1665482364.0
DEBUG 2025-11-30 11:42:31,167 autoreload File C:\Users\User\AppData\Local\Programs\Python\Python310\Lib\concurrent\__init__.py first seen with mtime 1665482304.0
DEBUG 2025-11-30 11:42:31,167 autoreload File C:\Users\User\Downloads\pondok\venv\Lib\site-packages\widget_tweaks\templatetags\__init__.py first seen with mtime 1763746574.4015274
DEBUG 2025-11-30 11:42:31,167 autoreload File C:\Users\User\Downloads\pondok\venv\Lib\site-packages\django\utils\module_loading.py first seen with mtime 1763752053.4216259
DEBUG 2025-11-30 11:42:31,169 autoreload File C:\Users\User\Downloads\pondok\venv\Lib\site-packages\django\template\context.py first seen with mtime 1763752053.3475485
DEBUG 2025-11-30 11:42:31,169 autoreload File C:\Users\User\Downloads\pondok\venv\Lib\site-packages\django\templatetags\i18n.py first seen with mtime 1763752053.372479
DEBUG 2025-11-30 11:42:31,169 autoreload File C:\Users\User\Downloads\pondok\venv\Lib\site-packages\django\contrib\staticfiles\utils.py first seen with mtime 1763752052.9751718
DEBUG 2025-11-30 11:42:31,169 autoreload File C:\Users\User\Downloads\pondok\venv\Lib\site-packages\pygments\lexers\__init__.py first seen with mtime 1763746566.4838464
DEBUG 2025-11-30 11:42:31,169 autoreload File C:\Users\User\Downloads\pondok\venv\Lib\site-packages\django\utils\duration.py first seen with mtime 1763752053.410594
DEBUG 2025-11-30 11:42:31,169 autoreload File C:\Users\User\Downloads\pondok\venv\Lib\site-packages\django\contrib\messages\constants.py first seen with mtime 1763752051.9830604
DEBUG 2025-11-30 11:42:31,169 autoreload File C:\Users\User\Downloads\pondok\venv\Lib\site-packages\django\contrib\humanize\templatetags\__init__.py first seen with mtime 1763752051.9796476
DEBUG 2025-11-30 11:42:31,170 autoreload File C:\Users\User\Downloads\pondok\venv\Lib\site-packages\django_extensions\admin\__init__.py first seen with mtime 1763746598.624009
DEBUG 2025-11-30 11:42:31,170 autoreload File C:\Users\User\AppData\Local\Programs\Python\Python310\Lib\concurrent\futures\__init__.py first seen with mtime 1665482304.0
DEBUG 2025-11-30 11:42:31,170 autoreload File C:\Users\User\Downloads\pondok\venv\Lib\site-packages\django\contrib\sites\__init__.py first seen with mtime 1763752052.7134902
DEBUG 2025-11-30 11:42:31,170 autoreload File C:\Users\User\AppData\Local\Programs\Python\Python310\Lib\re.py first seen with mtime 1665482304.0
DEBUG 2025-11-30 11:42:31,171 autoreload File C:\Users\User\AppData\Local\Programs\Python\Python310\Lib\tempfile.py first seen with mtime 1665482304.0
DEBUG 2025-11-30 11:42:31,171 autoreload File C:\Users\User\AppData\Local\Programs\Python\Python310\Lib\reprlib.py first seen with mtime 1665482304.0
DEBUG 2025-11-30 11:42:31,171 autoreload File C:\Users\User\Downloads\pondok\venv\Lib\site-packages\reportlab\platypus\doctemplate.py first seen with mtime 1763751567.811571
DEBUG 2025-11-30 11:42:31,171 autoreload File C:\Users\User\Downloads\pondok\venv\Lib\site-packages\reportlab\platypus\__init__.py first seen with mtime 1763751567.81053
DEBUG 2025-11-30 11:42:31,171 autoreload File C:\Users\User\AppData\Local\Programs\Python\Python310\DLLs\unicodedata.pyd first seen with mtime 1665482368.0
DEBUG 2025-11-30 11:42:31,172 autoreload File C:\Users\User\AppData\Local\Programs\Python\Python310\Lib\asyncio\log.py first seen with mtime 1665482304.0
DEBUG 2025-11-30 11:42:31,172 autoreload File C:\Users\User\Downloads\pondok\venv\Lib\site-packages\django\templatetags\cache.py first seen with mtime 1763752053.371474
DEBUG 2025-11-30 11:42:31,172 autoreload File C:\Users\User\Downloads\pondok\venv\Lib\site-packages\django\db\backends\sqlite3\client.py first seen with mtime 1763752053.1552906
DEBUG 2025-11-30 11:42:31,172 autoreload File C:\Users\User\Downloads\pondok\venv\Lib\site-packages\django\core\files\storage\memory.py first seen with mtime 1763752053.043227
DEBUG 2025-11-30 11:42:31,173 autoreload File C:\Users\User\Downloads\pondok\venv\Lib\site-packages\django\shortcuts.py first seen with mtime 1763752049.2263503
DEBUG 2025-11-30 11:42:31,173 autoreload File C:\Users\User\Downloads\pondok\core\urls_public.py first seen with mtime 1763908460.558051
DEBUG 2025-11-30 11:42:31,173 autoreload File C:\Users\User\Downloads\pondok\venv\Lib\site-packages\_distutils_hack\__init__.py first seen with mtime 1764477666.3796036
DEBUG 2025-11-30 11:42:31,173 autoreload File C:\Users\User\Downloads\pondok\venv\Lib\site-packages\reportlab\lib\styles.py first seen with mtime 1763751567.760477
DEBUG 2025-11-30 11:42:31,173 autoreload File C:\Users\User\Downloads\pondok\venv\Lib\site-packages\django\utils\deprecation.py first seen with mtime 1763752053.4095843
DEBUG 2025-11-30 11:42:31,174 autoreload File C:\Users\User\Downloads\pondok\venv\Lib\site-packages\django\views\decorators\cache.py first seen with mtime 1763752053.4458733
DEBUG 2025-11-30 11:42:31,174 autoreload File C:\Users\User\Downloads\pondok\venv\Lib\site-packages\django\db\migrations\exceptions.py first seen with mtime 1763752053.1628935
DEBUG 2025-11-30 11:42:31,174 autoreload File C:\Users\User\Downloads\pondok\venv\Lib\site-packages\django\core\serializers\python.py first seen with mtime 1763752053.0960224
DEBUG 2025-11-30 11:42:31,174 autoreload File C:\Users\User\Downloads\pondok\venv\Lib\site-packages\pygments\plugin.py first seen with mtime 1763746566.4643147
DEBUG 2025-11-30 11:42:31,174 autoreload File C:\Users\User\AppData\Local\Programs\Python\Python310\Lib\email\parser.py first seen with mtime 1665482304.0
DEBUG 2025-11-30 11:42:31,175 autoreload File C:\Users\User\Downloads\pondok\venv\Lib\site-packages\django\contrib\auth\password_validation.py first seen with mtime 1763752050.528244
DEBUG 2025-11-30 11:42:31,175 autoreload File C:\Users\User\Downloads\pondok\venv\Lib\site-packages\django_filters\conf.py first seen with mtime 1763746598.3505268
DEBUG 2025-11-30 11:42:31,175 autoreload File C:\Users\User\AppData\Local\Programs\Python\Python310\Lib\email\header.py first seen with mtime 1665482304.0
DEBUG 2025-11-30 11:42:31,175 autoreload File C:\Users\User\Downloads\pondok\venv\Lib\site-packages\django\template\response.py first seen with mtime 1763752053.3564322
DEBUG 2025-11-30 11:42:31,175 autoreload File C:\Users\User\AppData\Local\Programs\Python\Python310\Lib\pickle.py first seen with mtime 1665482304.0
DEBUG 2025-11-30 11:42:31,175 autoreload File C:\Users\User\Downloads\pondok\venv\Lib\site-packages\django\contrib\admin\__init__.py first seen with mtime 1763752049.6100063
DEBUG 2025-11-30 11:42:31,175 autoreload File C:\Users\User\Downloads\pondok\venv\Lib\site-packages\django_extensions\templatetags\indent_text.py first seen with mtime 1763746598.7307944
DEBUG 2025-11-30 11:42:31,176 autoreload File C:\Users\User\Downloads\pondok\venv\Lib\site-packages\reportlab\pdfbase\_fontdata_widths_helveticaoblique.py first seen with mtime 1763751567.7854328
DEBUG 2025-11-30 11:42:31,176 autoreload File C:\Users\User\Downloads\pondok\venv\Lib\site-packages\sqlparse\filters\aligned_indent.py first seen with mtime 1763752045.3343632
DEBUG 2025-11-30 11:42:31,176 autoreload File C:\Users\User\Downloads\pondok\venv\Lib\site-packages\django\utils\functional.py first seen with mtime 1763752053.413584
DEBUG 2025-11-30 11:42:31,176 autoreload File C:\Users\User\Downloads\pondok\venv\Lib\site-packages\django\template\loaders\__init__.py first seen with mtime 1763752053.3645718
DEBUG 2025-11-30 11:42:31,176 autoreload File C:\Users\User\Downloads\pondok\venv\Lib\site-packages\django\utils\connection.py first seen with mtime 1763752053.4005463
DEBUG 2025-11-30 11:42:31,177 autoreload File C:\Users\User\Downloads\pondok\venv\Lib\site-packages\django\contrib\admin\views\autocomplete.py first seen with mtime 1763752050.248455
DEBUG 2025-11-30 11:42:31,177 autoreload File C:\Users\User\AppData\Local\Programs\Python\Python310\Lib\urllib\request.py first seen with mtime 1665482304.0
DEBUG 2025-11-30 11:42:31,177 autoreload File C:\Users\User\Downloads\pondok\venv\Lib\site-packages\django\core\checks\urls.py first seen with mtime 1763752053.0206468
DEBUG 2025-11-30 11:42:31,177 autoreload File C:\Users\User\Downloads\pondok\venv\Lib\site-packages\reportlab\platypus\multicol.py first seen with mtime 1763751567.8161325
DEBUG 2025-11-30 11:42:31,177 autoreload File C:\Users\User\AppData\Local\Programs\Python\Python310\Lib\email\headerregistry.py first seen with mtime 1665482304.0
DEBUG 2025-11-30 11:42:31,177 autoreload File C:\Users\User\Downloads\pondok\venv\Lib\site-packages\django\core\mail\message.py first seen with mtime 1763752053.051263
DEBUG 2025-11-30 11:42:31,177 autoreload File C:\Users\User\AppData\Local\Programs\Python\Python310\Lib\importlib\metadata\_collections.py first seen with mtime 1665482304.0
DEBUG 2025-11-30 11:42:31,178 autoreload File C:\Users\User\Downloads\pondok\venv\Lib\site-packages\django\forms\models.py first seen with mtime 1763752053.2402637
DEBUG 2025-11-30 11:42:31,178 autoreload File C:\Users\User\AppData\Local\Programs\Python\Python310\Lib\uu.py first seen with mtime 1665482304.0
DEBUG 2025-11-30 11:42:31,178 autoreload File C:\Users\User\Downloads\pondok\venv\Lib\site-packages\django\contrib\sites\requests.py first seen with mtime 1763752052.7195208
DEBUG 2025-11-30 11:42:31,178 autoreload File C:\Users\User\Downloads\pondok\venv\Lib\site-packages\PIL\ExifTags.py first seen with mtime 1763746572.4477353
DEBUG 2025-11-30 11:42:31,178 autoreload File C:\Users\User\Downloads\pondok\venv\Lib\site-packages\django\middleware\__init__.py first seen with mtime 1763752053.3344917
DEBUG 2025-11-30 11:42:31,178 autoreload File C:\Users\User\AppData\Local\Programs\Python\Python310\Lib\abc.py first seen with mtime 1665482304.0
DEBUG 2025-11-30 11:42:31,180 autoreload File C:\Users\User\AppData\Local\Programs\Python\Python310\Lib\wsgiref\simple_server.py first seen with mtime 1665482304.0
DEBUG 2025-11-30 11:42:31,180 autoreload File C:\Users\User\Downloads\pondok\venv\Lib\site-packages\reportlab\lib\normalDate.py first seen with mtime 1763751567.7519095
DEBUG 2025-11-30 11:42:31,180 autoreload File C:\Users\User\AppData\Local\Programs\Python\Python310\Lib\email\contentmanager.py first seen with mtime 1665482304.0
DEBUG 2025-11-30 11:42:31,180 autoreload File C:\Users\User\AppData\Local\Programs\Python\Python310\Lib\textwrap.py first seen with mtime 1665482304.0
DEBUG 2025-11-30 11:42:31,180 autoreload File C:\Users\User\Downloads\pondok\venv\Lib\site-packages\django\template\backends\__init__.py first seen with mtime 1763752053.3595746
DEBUG 2025-11-30 11:42:31,180 autoreload File C:\Users\User\Downloads\pondok\venv\Lib\site-packages\django\contrib\auth\validators.py first seen with mtime 1763752050.532244
DEBUG 2025-11-30 11:42:31,181 autoreload File C:\Users\User\Downloads\pondok\venv\Lib\site-packages\django\dispatch\__init__.py first seen with mtime 1763752053.2322223
DEBUG 2025-11-30 11:42:31,181 autoreload File C:\Users\User\Downloads\pondok\venv\Lib\site-packages\reportlab\lib\rl_safe_eval.py first seen with mtime 1763751567.757477
DEBUG 2025-11-30 11:42:31,181 autoreload File C:\Users\User\AppData\Local\Programs\Python\Python310\Lib\email\mime\text.py first seen with mtime 1665482304.0
DEBUG 2025-11-30 11:42:31,181 autoreload File C:\Users\User\Downloads\pondok\admin_panel\__init__.py first seen with mtime 1763746740.932487
DEBUG 2025-11-30 11:42:31,181 autoreload File C:\Users\User\Downloads\pondok\venv\Lib\site-packages\django\core\files\uploadhandler.py first seen with mtime 1763752053.036219
DEBUG 2025-11-30 11:42:31,181 autoreload File C:\Users\User\AppData\Local\Programs\Python\Python310\Lib\types.py first seen with mtime 1665482304.0
DEBUG 2025-11-30 11:42:31,181 autoreload File C:\Users\User\AppData\Local\Programs\Python\Python310\Lib\hashlib.py first seen with mtime 1665482304.0
DEBUG 2025-11-30 11:42:31,182 autoreload File C:\Users\User\Downloads\pondok\venv\Lib\site-packages\django\db\models\__init__.py first seen with mtime 1763752053.1814332
DEBUG 2025-11-30 11:42:31,182 autoreload File C:\Users\User\AppData\Local\Programs\Python\Python310\Lib\functools.py first seen with mtime 1665482304.0
DEBUG 2025-11-30 11:42:31,182 autoreload File C:\Users\User\AppData\Local\Programs\Python\Python310\Lib\nturl2path.py first seen with mtime 1665482304.0
DEBUG 2025-11-30 11:42:31,182 autoreload File C:\Users\User\AppData\Local\Programs\Python\Python310\Lib\secrets.py first seen with mtime 1665482304.0
DEBUG 2025-11-30 11:42:31,182 autoreload File C:\Users\User\Downloads\pondok\venv\Lib\site-packages\django\core\checks\commands.py first seen with mtime 1763752053.0086021
DEBUG 2025-11-30 11:42:31,182 autoreload File C:\Users\User\Downloads\pondok\venv\Lib\site-packages\django\contrib\auth\mixins.py first seen with mtime 1763752050.5262322
DEBUG 2025-11-30 11:42:31,183 autoreload File C:\Users\User\Downloads\pondok\venv\Lib\site-packages\django\db\__init__.py first seen with mtime 1763752053.1006844
DEBUG 2025-11-30 11:42:31,183 autoreload File C:\Users\User\AppData\Local\Programs\Python\Python310\Lib\os.py first seen with mtime 1665482304.0
DEBUG 2025-11-30 11:42:31,183 autoreload File C:\Users\User\Downloads\pondok\venv\Lib\site-packages\django_filters\fields.py first seen with mtime 1763746598.3520293
DEBUG 2025-11-30 11:42:31,183 autoreload File C:\Users\User\Downloads\pondok\venv\Lib\site-packages\reportlab\pdfbase\_fontdata_enc_symbol.py first seen with mtime 1763751567.775918
DEBUG 2025-11-30 11:42:31,183 autoreload File C:\Users\User\Downloads\pondok\venv\Lib\site-packages\django\db\models\functions\json.py first seen with mtime 1763752053.2181733
DEBUG 2025-11-30 11:42:31,183 autoreload File C:\Users\User\AppData\Local\Programs\Python\Python310\Lib\encodings\utf_8.py first seen with mtime 1665482304.0
DEBUG 2025-11-30 11:42:31,183 autoreload File C:\Users\User\Downloads\pondok\venv\Lib\site-packages\django\core\serializers\base.py first seen with mtime 1763752053.0929985
DEBUG 2025-11-30 11:42:31,184 autoreload File C:\Users\User\AppData\Local\Programs\Python\Python310\Lib\__future__.py first seen with mtime 1665482304.0
DEBUG 2025-11-30 11:42:31,184 autoreload File C:\Users\User\AppData\Local\Programs\Python\Python310\Lib\sqlite3\dbapi2.py first seen with mtime 1665482304.0
DEBUG 2025-11-30 11:42:31,184 autoreload File C:\Users\User\Downloads\pondok\venv\Lib\site-packages\django\template\backends\django.py first seen with mtime 1763752053.3615708
DEBUG 2025-11-30 11:42:31,184 autoreload File C:\Users\User\Downloads\pondok\venv\Lib\site-packages\reportlab\lib\units.py first seen with mtime 1763751567.763478
DEBUG 2025-11-30 11:42:31,184 autoreload File C:\Users\User\Downloads\pondok\admin_panel\utils.py first seen with mtime 1763902876.9803603
DEBUG 2025-11-30 11:42:31,184 autoreload File C:\Users\User\Downloads\pondok\venv\Lib\site-packages\django\core\cache\backends\filebased.py first seen with mtime 1763752052.9995668
DEBUG 2025-11-30 11:42:31,185 autoreload File C:\Users\User\Downloads\pondok\venv\Lib\site-packages\django_summernote\utils.py first seen with mtime 1763750129.7953274
DEBUG 2025-11-30 11:42:31,185 autoreload File C:\Users\User\Downloads\pondok\venv\Lib\site-packages\django\templatetags\static.py first seen with mtime 1763752053.3754964
DEBUG 2025-11-30 11:42:31,185 autoreload File C:\Users\User\Downloads\pondok\venv\Lib\site-packages\reportlab\lib\rl_accel.py first seen with mtime 1763751567.7554722
DEBUG 2025-11-30 11:42:31,185 autoreload File C:\Users\User\Downloads\pondok\venv\Lib\site-packages\reportlab\pdfbase\_fontdata_enc_winansi.py first seen with mtime 1763751567.7771173
DEBUG 2025-11-30 11:42:31,185 autoreload File C:\Users\User\AppData\Local\Programs\Python\Python310\Lib\asyncio\subprocess.py first seen with mtime 1665482304.0
DEBUG 2025-11-30 11:42:31,185 autoreload File C:\Users\User\AppData\Local\Programs\Python\Python310\Lib\wsgiref\headers.py first seen with mtime 1665482304.0
DEBUG 2025-11-30 11:42:31,186 autoreload File C:\Users\User\Downloads\pondok\venv\Lib\site-packages\django\db\backends\base\creation.py first seen with mtime 1763752053.1101995
DEBUG 2025-11-30 11:42:31,186 autoreload File C:\Users\User\Downloads\pondok\venv\Lib\site-packages\pygments\formatter.py first seen with mtime 1763746566.4629228
DEBUG 2025-11-30 11:42:31,186 autoreload File C:\Users\User\Downloads\pondok\venv\Lib\site-packages\django\db\models\utils.py first seen with mtime 1763752053.1976254
DEBUG 2025-11-30 11:42:31,186 autoreload File C:\Users\User\Downloads\pondok\venv\Lib\site-packages\django\utils\choices.py first seen with mtime 1763752053.3995454
DEBUG 2025-11-30 11:42:31,186 autoreload File C:\Users\User\Downloads\pondok\psb_pondok\settings.py first seen with mtime 1764477576.324587
DEBUG 2025-11-30 11:42:31,186 autoreload File C:\Users\User\AppData\Local\Programs\Python\Python310\Lib\sqlite3\__init__.py first seen with mtime 1665482304.0
DEBUG 2025-11-30 11:42:31,186 autoreload File C:\Users\User\Downloads\pondok\venv\Lib\site-packages\django\contrib\admin\apps.py first seen with mtime 1763752049.6110058
DEBUG 2025-11-30 11:42:31,186 autoreload File C:\Users\User\AppData\Local\Programs\Python\Python310\Lib\importlib\metadata\__init__.py first seen with mtime 1665482304.0
DEBUG 2025-11-30 11:42:31,187 autoreload File C:\Users\User\AppData\Local\Programs\Python\Python310\Lib\http\server.py first seen with mtime 1665482304.0
DEBUG 2025-11-30 11:42:31,187 autoreload File C:\Users\User\Downloads\pondok\venv\Lib\site-packages\reportlab\pdfbase\_fontdata_enc_standard.py first seen with mtime 1763751567.775918
DEBUG 2025-11-30 11:42:31,187 autoreload File C:\Users\User\AppData\Local\Programs\Python\Python310\Lib\email\feedparser.py first seen with mtime 1665482304.0
DEBUG 2025-11-30 11:42:31,187 autoreload File C:\Users\User\Downloads\pondok\venv\Lib\site-packages\django\db\utils.py first seen with mtime 1763752053.1026845
DEBUG 2025-11-30 11:42:31,187 autoreload File C:\Users\User\Downloads\pondok\venv\Lib\site-packages\sqlparse\keywords.py first seen with mtime 1763752045.326751
DEBUG 2025-11-30 11:42:31,187 autoreload File C:\Users\User\AppData\Local\Programs\Python\Python310\Lib\asyncio\__init__.py first seen with mtime 1665482304.0
DEBUG 2025-11-30 11:42:31,189 autoreload File C:\Users\User\Downloads\pondok\venv\Lib\site-packages\PIL\TiffTags.py first seen with mtime 1763746572.4949477
DEBUG 2025-11-30 11:42:31,189 autoreload File C:\Users\User\Downloads\pondok\venv\Lib\site-packages\django\core\checks\security\__init__.py first seen with mtime 1763752053.0251563
DEBUG 2025-11-30 11:42:31,189 autoreload File C:\Users\User\Downloads\pondok\manage.py first seen with mtime 1763744940.9781108
DEBUG 2025-11-30 11:42:31,189 autoreload File C:\Users\User\AppData\Local\Programs\Python\Python310\Lib\zoneinfo\__init__.py first seen with mtime 1665482304.0
DEBUG 2025-11-30 11:42:31,189 autoreload File C:\Users\User\Downloads\pondok\venv\Lib\site-packages\django\core\management\__init__.py first seen with mtime 1763752053.060351
DEBUG 2025-11-30 11:42:31,190 autoreload File C:\Users\User\AppData\Local\Programs\Python\Python310\Lib\difflib.py first seen with mtime 1665482304.0
DEBUG 2025-11-30 11:42:31,190 autoreload File C:\Users\User\AppData\Local\Programs\Python\Python310\Lib\token.py first seen with mtime 1665482304.0
DEBUG 2025-11-30 11:42:31,190 autoreload File C:\Users\User\Downloads\pondok\venv\Lib\site-packages\django\core\files\storage\handler.py first seen with mtime 1763752053.0422325
DEBUG 2025-11-30 11:42:31,190 autoreload File C:\Users\User\Downloads\pondok\venv\Lib\site-packages\django\forms\__init__.py first seen with mtime 1763752053.2352521
DEBUG 2025-11-30 11:42:31,190 autoreload File C:\Users\User\Downloads\pondok\venv\Lib\site-packages\django\contrib\contenttypes\fields.py first seen with mtime 1763752050.8133123
DEBUG 2025-11-30 11:42:31,190 autoreload File C:\Users\User\Downloads\pondok\venv\Lib\site-packages\django\utils\crypto.py first seen with mtime 1763752053.4015467
DEBUG 2025-11-30 11:42:31,191 autoreload File C:\Users\User\Downloads\pondok\payments\admin.py first seen with mtime 1763745278.2641747
DEBUG 2025-11-30 11:42:31,191 autoreload File C:\Users\User\Downloads\pondok\venv\Lib\site-packages\sqlparse\filters\__init__.py first seen with mtime 1763752045.3332613
DEBUG 2025-11-30 11:42:31,191 autoreload File C:\Users\User\AppData\Local\Programs\Python\Python310\Lib\ctypes\__init__.py first seen with mtime 1665482304.0
DEBUG 2025-11-30 11:42:31,191 autoreload File C:\Users\User\Downloads\pondok\venv\Lib\site-packages\django\contrib\admin\actions.py first seen with mtime 1763752049.6110058
DEBUG 2025-11-30 11:42:31,191 autoreload File C:\Users\User\AppData\Local\Programs\Python\Python310\Lib\email\_policybase.py first seen with mtime 1665482304.0
DEBUG 2025-11-30 11:42:31,191 autoreload File C:\Users\User\AppData\Local\Programs\Python\Python310\Lib\_sitebuiltins.py first seen with mtime 1665482304.0
DEBUG 2025-11-30 11:42:31,191 autoreload File C:\Users\User\Downloads\pondok\users\admin.py first seen with mtime 1763745278.2519841
DEBUG 2025-11-30 11:42:31,192 autoreload File C:\Users\User\Downloads\pondok\venv\Lib\site-packages\django\forms\renderers.py first seen with mtime 1763752053.2422202
DEBUG 2025-11-30 11:42:31,192 autoreload File C:\Users\User\AppData\Local\Programs\Python\Python310\Lib\email\mime\__init__.py first seen with mtime 1665482304.0
DEBUG 2025-11-30 11:42:31,192 autoreload File C:\Users\User\Downloads\pondok\venv\Lib\site-packages\sqlparse\engine\__init__.py first seen with mtime 1763752045.3309753
DEBUG 2025-11-30 11:42:31,192 autoreload File C:\Users\User\Downloads\pondok\venv\Lib\site-packages\django\db\models\fields\reverse_related.py first seen with mtime 1763752053.2126622
DEBUG 2025-11-30 11:42:31,192 autoreload File C:\Users\User\Downloads\pondok\admissions\models.py first seen with mtime 1763793243.411057
DEBUG 2025-11-30 11:42:31,193 autoreload File C:\Users\User\Downloads\pondok\venv\Lib\site-packages\django_filters\widgets.py first seen with mtime 1763746598.355649
DEBUG 2025-11-30 11:42:31,193 autoreload File C:\Users\User\Downloads\pondok\venv\Lib\site-packages\colorama\win32.py first seen with mtime 1763746574.4694328
DEBUG 2025-11-30 11:42:31,193 autoreload File C:\Users\User\AppData\Local\Programs\Python\Python310\Lib\importlib\__init__.py first seen with mtime 1665482304.0
DEBUG 2025-11-30 11:42:31,193 autoreload File C:\Users\User\Downloads\pondok\venv\Lib\site-packages\django\contrib\auth\decorators.py first seen with mtime 1763752050.5208547
DEBUG 2025-11-30 11:42:31,194 autoreload File C:\Users\User\Downloads\pondok\venv\Lib\site-packages\django\contrib\admin\templatetags\base.py first seen with mtime 1763752050.2460477
DEBUG 2025-11-30 11:42:31,194 autoreload File C:\Users\User\Downloads\pondok\core\models.py first seen with mtime 1764227325.2709403
DEBUG 2025-11-30 11:42:31,194 autoreload File C:\Users\User\Downloads\pondok\venv\Lib\site-packages\django\db\models\fields\mixins.py first seen with mtime 1763752053.2051318
DEBUG 2025-11-30 11:42:31,194 autoreload File C:\Users\User\Downloads\pondok\venv\Lib\site-packages\reportlab\pdfbase\_fontdata_widths_helvetica.py first seen with mtime 1763751567.7821634
DEBUG 2025-11-30 11:42:31,194 autoreload File C:\Users\User\Downloads\pondok\venv\Lib\site-packages\django\contrib\contenttypes\apps.py first seen with mtime 1763752050.8113108
DEBUG 2025-11-30 11:42:31,194 autoreload File C:\Users\User\Downloads\pondok\venv\Lib\site-packages\django\db\models\sql\datastructures.py first seen with mtime 1763752053.2262154
DEBUG 2025-11-30 11:42:31,194 autoreload File C:\Users\User\Downloads\pondok\venv\Lib\site-packages\django\conf\global_settings.py first seen with mtime 1763752049.231349
DEBUG 2025-11-30 11:42:31,194 autoreload File C:\Users\User\Downloads\pondok\venv\Lib\site-packages\django\http\response.py first seen with mtime 1763752053.3334901
DEBUG 2025-11-30 11:42:31,194 autoreload File C:\Users\User\Downloads\pondok\venv\Lib\site-packages\django\db\models\fields\tuple_lookups.py first seen with mtime 1763752053.2136593
DEBUG 2025-11-30 11:42:31,196 autoreload File C:\Users\User\Downloads\pondok\venv\Lib\site-packages\django\core\cache\backends\__init__.py first seen with mtime 1763752052.99555
DEBUG 2025-11-30 11:42:31,196 autoreload File C:\Users\User\Downloads\pondok\venv\Lib\site-packages\sqlparse\filters\others.py first seen with mtime 1763752045.3343632
DEBUG 2025-11-30 11:42:31,196 autoreload File C:\Users\User\AppData\Local\Programs\Python\Python310\Lib\statistics.py first seen with mtime 1665482304.0
DEBUG 2025-11-30 11:42:31,196 autoreload File C:\Users\User\Downloads\pondok\venv\Lib\site-packages\django\db\backends\base\features.py first seen with mtime 1763752053.1113436
DEBUG 2025-11-30 11:42:31,196 autoreload File C:\Users\User\Downloads\pondok\venv\Lib\site-packages\django\contrib\messages\storage\__init__.py first seen with mtime 1763752051.988099
DEBUG 2025-11-30 11:42:31,197 autoreload File C:\Users\User\AppData\Local\Programs\Python\Python310\Lib\opcode.py first seen with mtime 1665482304.0
DEBUG 2025-11-30 11:42:31,197 autoreload File C:\Users\User\Downloads\pondok\venv\Lib\site-packages\django\middleware\cache.py first seen with mtime 1763752053.335505
DEBUG 2025-11-30 11:42:31,197 autoreload File C:\Users\User\Downloads\pondok\venv\Lib\site-packages\reportlab\lib\PyFontify.py first seen with mtime 1763751567.733287
DEBUG 2025-11-30 11:42:31,197 autoreload File C:\Users\User\Downloads\pondok\venv\Lib\site-packages\django\utils\ipv6.py first seen with mtime 1763752053.4186223
DEBUG 2025-11-30 11:42:31,197 autoreload File C:\Users\User\Downloads\pondok\venv\Lib\site-packages\django\contrib\admin\templatetags\admin_urls.py first seen with mtime 1763752050.2449389
DEBUG 2025-11-30 11:42:31,198 autoreload File C:\Users\User\Downloads\pondok\venv\Lib\site-packages\django\db\backends\sqlite3\_functions.py first seen with mtime 1763752053.1532624
DEBUG 2025-11-30 11:42:31,198 autoreload File C:\Users\User\Downloads\pondok\venv\Lib\site-packages\django\db\backends\ddl_references.py first seen with mtime 1763752053.103685
DEBUG 2025-11-30 11:42:31,198 autoreload File C:\Users\User\AppData\Local\Programs\Python\Python310\Lib\asyncio\locks.py first seen with mtime 1665482304.0
DEBUG 2025-11-30 11:42:31,198 autoreload File C:\Users\User\Downloads\pondok\venv\Lib\site-packages\django\contrib\contenttypes\views.py first seen with mtime 1763752050.817347
DEBUG 2025-11-30 11:42:31,198 autoreload File C:\Users\User\Downloads\pondok\payments\models.py first seen with mtime 1763787601.2428713
DEBUG 2025-11-30 11:42:31,198 autoreload File C:\Users\User\AppData\Local\Programs\Python\Python310\Lib\_compat_pickle.py first seen with mtime 1665482304.0
DEBUG 2025-11-30 11:42:31,199 autoreload File C:\Users\User\Downloads\pondok\venv\Lib\site-packages\django\db\models\functions\math.py first seen with mtime 1763752053.2191741
DEBUG 2025-11-30 11:42:31,199 autoreload File C:\Users\User\Downloads\pondok\venv\Lib\site-packages\reportlab\pdfbase\pdfmetrics.py first seen with mtime 1763751567.7980504
DEBUG 2025-11-30 11:42:31,199 autoreload File C:\Users\User\Downloads\pondok\users\models.py first seen with mtime 1763881388.105136
DEBUG 2025-11-30 11:42:31,199 autoreload File C:\Users\User\Downloads\pondok\venv\Lib\site-packages\reportlab\platypus\frames.py first seen with mtime 1763751567.8151197
DEBUG 2025-11-30 11:42:31,199 autoreload File C:\Users\User\Downloads\pondok\core\urls.py first seen with mtime 1763898963.81134
DEBUG 2025-11-30 11:42:31,199 autoreload File C:\Users\User\Downloads\pondok\venv\Lib\site-packages\django\templatetags\tz.py first seen with mtime 1763752053.3764608
DEBUG 2025-11-30 11:42:31,200 autoreload File C:\Users\User\AppData\Local\Programs\Python\Python310\Lib\bisect.py first seen with mtime 1665482304.0
DEBUG 2025-11-30 11:42:31,200 autoreload File C:\Users\User\Downloads\pondok\venv\Lib\site-packages\django\contrib\staticfiles\management\commands\runserver.py first seen with mtime 1763752052.9815788
DEBUG 2025-11-30 11:42:31,200 autoreload File C:\Users\User\AppData\Local\Programs\Python\Python310\Lib\http\__init__.py first seen with mtime 1665482304.0
DEBUG 2025-11-30 11:42:31,200 autoreload File C:\Users\User\Downloads\pondok\venv\Lib\site-packages\django\dispatch\dispatcher.py first seen with mtime 1763752053.2332225
DEBUG 2025-11-30 11:42:31,200 autoreload File C:\Users\User\Downloads\pondok\venv\Lib\site-packages\django\http\request.py first seen with mtime 1763752053.3324926
DEBUG 2025-11-30 11:42:31,201 autoreload File C:\Users\User\AppData\Local\Programs\Python\Python310\DLLs\_hashlib.pyd first seen with mtime 1665482366.0
DEBUG 2025-11-30 11:42:31,201 autoreload File C:\Users\User\Downloads\pondok\blog\views_crud.py first seen with mtime 1763756036.9704561
DEBUG 2025-11-30 11:42:31,201 autoreload File C:\Users\User\Downloads\pondok\venv\Lib\site-packages\django\views\decorators\debug.py first seen with mtime 1763752053.4498804
DEBUG 2025-11-30 11:42:31,201 autoreload File C:\Users\User\AppData\Local\Programs\Python\Python310\Lib\asyncio\base_futures.py first seen with mtime 1665482304.0
DEBUG 2025-11-30 11:42:31,201 autoreload File C:\Users\User\Downloads\pondok\venv\Lib\site-packages\django\http\cookie.py first seen with mtime 1763752053.3314922
DEBUG 2025-11-30 11:42:31,201 autoreload File C:\Users\User\AppData\Local\Programs\Python\Python310\Lib\selectors.py first seen with mtime 1665482304.0
DEBUG 2025-11-30 11:42:31,201 autoreload File C:\Users\User\Downloads\pondok\users\urls.py first seen with mtime 1764277704.8495977
DEBUG 2025-11-30 11:42:31,202 autoreload File C:\Users\User\AppData\Local\Programs\Python\Python310\Lib\copyreg.py first seen with mtime 1665482304.0
DEBUG 2025-11-30 11:42:31,202 autoreload File C:\Users\User\Downloads\pondok\venv\Lib\site-packages\django\template\loader.py first seen with mtime 1763752053.3545492
DEBUG 2025-11-30 11:42:31,202 autoreload File C:\Users\User\AppData\Local\Programs\Python\Python310\Lib\asyncio\sslproto.py first seen with mtime 1665482304.0
DEBUG 2025-11-30 11:42:31,202 autoreload File C:\Users\User\AppData\Local\Programs\Python\Python310\Lib\keyword.py first seen with mtime 1665482304.0
DEBUG 2025-11-30 11:42:31,202 autoreload File C:\Users\User\Downloads\pondok\venv\Lib\site-packages\django\contrib\messages\api.py first seen with mtime 1763752051.982061
DEBUG 2025-11-30 11:42:31,203 autoreload File C:\Users\User\AppData\Local\Programs\Python\Python310\Lib\pprint.py first seen with mtime 1665482304.0
DEBUG 2025-11-30 11:42:31,203 autoreload File C:\Users\User\AppData\Local\Programs\Python\Python310\Lib\urllib\error.py first seen with mtime 1665482304.0
DEBUG 2025-11-30 11:42:31,203 autoreload File C:\Users\User\Downloads\pondok\venv\Lib\site-packages\django\templatetags\__init__.py first seen with mtime 1763752053.3704329
DEBUG 2025-11-30 11:42:31,203 autoreload File C:\Users\User\Downloads\pondok\venv\Lib\site-packages\pygments\formatters\_mapping.py first seen with mtime 1763746566.474162
DEBUG 2025-11-30 11:42:31,203 autoreload File C:\Users\User\Downloads\pondok\admissions\__init__.py first seen with mtime 1763744954.7721486
DEBUG 2025-11-30 11:42:31,203 autoreload File C:\Users\User\AppData\Local\Programs\Python\Python310\Lib\multiprocessing\reduction.py first seen with mtime 1665482304.0
DEBUG 2025-11-30 11:42:31,203 autoreload File C:\Users\User\Downloads\pondok\venv\Lib\site-packages\django\urls\converters.py first seen with mtime 1763752053.3894935
DEBUG 2025-11-30 11:42:31,205 autoreload File C:\Users\User\Downloads\pondok\venv\Lib\site-packages\reportlab\lib\sequencer.py first seen with mtime 1763751567.7594776
DEBUG 2025-11-30 11:42:31,205 autoreload File C:\Users\User\AppData\Local\Programs\Python\Python310\Lib\wsgiref\__init__.py first seen with mtime 1665482304.0
DEBUG 2025-11-30 11:42:31,205 autoreload File C:\Users\User\AppData\Local\Programs\Python\Python310\Lib\datetime.py first seen with mtime 1665482304.0
DEBUG 2025-11-30 11:42:31,205 autoreload File C:\Users\User\Downloads\pondok\venv\Lib\site-packages\django\contrib\auth\forms.py first seen with mtime 1763752050.5231767
DEBUG 2025-11-30 11:42:31,205 autoreload File C:\Users\User\AppData\Local\Programs\Python\Python310\Lib\logging\config.py first seen with mtime 1665482304.0
DEBUG 2025-11-30 11:42:31,206 autoreload File C:\Users\User\Downloads\pondok\venv\Lib\site-packages\sqlparse\engine\grouping.py first seen with mtime 1763752045.332211
DEBUG 2025-11-30 11:42:31,206 autoreload File C:\Users\User\Downloads\pondok\venv\Lib\site-packages\reportlab\pdfbase\_fontdata_widths_courieroblique.py first seen with mtime 1763751567.7811627
DEBUG 2025-11-30 11:42:31,206 autoreload File C:\Users\User\AppData\Local\Programs\Python\Python310\Lib\email\mime\nonmultipart.py first seen with mtime 1665482304.0
DEBUG 2025-11-30 11:42:31,206 autoreload File C:\Users\User\AppData\Local\Programs\Python\Python310\Lib\importlib\metadata\_meta.py first seen with mtime 1665482304.0
DEBUG 2025-11-30 11:42:31,206 autoreload File C:\Users\User\Downloads\pondok\venv\Lib\site-packages\django\core\signing.py first seen with mtime 1763752052.9902036
DEBUG 2025-11-30 11:42:31,206 autoreload File C:\Users\User\Downloads\pondok\venv\Lib\site-packages\django\views\generic\dates.py first seen with mtime 1763752053.4543898
DEBUG 2025-11-30 11:42:31,206 autoreload File C:\Users\User\Downloads\pondok\venv\Lib\site-packages\django\contrib\auth\tokens.py first seen with mtime 1763752050.5302436
DEBUG 2025-11-30 11:42:31,206 autoreload File C:\Users\User\Downloads\pondok\venv\Lib\site-packages\django\conf\__init__.py first seen with mtime 1763752049.2303507
DEBUG 2025-11-30 11:42:31,207 autoreload File C:\Users\User\Downloads\pondok\venv\Lib\site-packages\django\views\decorators\__init__.py first seen with mtime 1763752053.4453661
DEBUG 2025-11-30 11:42:31,207 autoreload File C:\Users\User\AppData\Local\Programs\Python\Python310\Lib\asyncio\staggered.py first seen with mtime 1665482304.0
DEBUG 2025-11-30 11:42:31,207 autoreload File C:\Users\User\Downloads\pondok\venv\Lib\site-packages\django\contrib\admin\filters.py first seen with mtime 1763752049.6145158
DEBUG 2025-11-30 11:42:31,207 autoreload File C:\Users\User\Downloads\pondok\venv\Lib\site-packages\widget_tweaks\models.py first seen with mtime 1763746574.400518
DEBUG 2025-11-30 11:42:31,207 autoreload File C:\Users\User\AppData\Local\Programs\Python\Python310\Lib\glob.py first seen with mtime 1665482304.0
DEBUG 2025-11-30 11:42:31,207 autoreload File C:\Users\User\AppData\Local\Programs\Python\Python310\Lib\asyncio\tasks.py first seen with mtime 1665482304.0
DEBUG 2025-11-30 11:42:31,208 autoreload File C:\Users\User\Downloads\pondok\venv\Lib\site-packages\django\core\mail\__init__.py first seen with mtime 1763752053.0502608
DEBUG 2025-11-30 11:42:31,208 autoreload File C:\Users\User\Downloads\pondok\venv\Lib\site-packages\django_filters\exceptions.py first seen with mtime 1763746598.3520293
DEBUG 2025-11-30 11:42:31,208 autoreload File C:\Users\User\Downloads\pondok\payments\__init__.py first seen with mtime 1763744957.280516
DEBUG 2025-11-30 11:42:31,208 autoreload File C:\Users\User\Downloads\pondok\venv\Lib\site-packages\django\db\models\functions\datetime.py first seen with mtime 1763752053.2171726
DEBUG 2025-11-30 11:42:31,208 autoreload File C:\Users\User\Downloads\pondok\venv\Lib\site-packages\pygments\modeline.py first seen with mtime 1763746566.4643147
DEBUG 2025-11-30 11:42:31,209 autoreload File C:\Users\User\Downloads\pondok\venv\Lib\site-packages\colorama\__init__.py first seen with mtime 1763746574.4669259
DEBUG 2025-11-30 11:42:31,209 autoreload File C:\Users\User\Downloads\pondok\venv\Lib\site-packages\django\views\debug.py first seen with mtime 1763752053.440854
DEBUG 2025-11-30 11:42:31,209 autoreload File C:\Users\User\Downloads\pondok\venv\Lib\site-packages\django\contrib\auth\backends.py first seen with mtime 1763752050.5164764
DEBUG 2025-11-30 11:42:31,209 autoreload File C:\Users\User\Downloads\pondok\venv\Lib\site-packages\django_extensions\apps.py first seen with mtime 1763746598.619009
DEBUG 2025-11-30 11:42:31,209 autoreload File C:\Users\User\AppData\Local\Programs\Python\Python310\Lib\sre_constants.py first seen with mtime 1665482304.0
DEBUG 2025-11-30 11:42:31,210 autoreload File C:\Users\User\Downloads\pondok\users\__init__.py first seen with mtime 1763744951.933747
DEBUG 2025-11-30 11:42:31,210 autoreload File C:\Users\User\Downloads\pondok\venv\Lib\site-packages\reportlab\pdfbase\_fontdata_widths_timesbold.py first seen with mtime 1763751567.7874417
DEBUG 2025-11-30 11:42:31,210 autoreload File C:\Users\User\Downloads\pondok\venv\Lib\site-packages\django\db\transaction.py first seen with mtime 1763752053.1016848
DEBUG 2025-11-30 11:42:31,210 autoreload File C:\Users\User\Downloads\pondok\core\templatetags\indonesia_format.py first seen with mtime 1764223157.9522643
DEBUG 2025-11-30 11:42:31,210 autoreload File C:\Users\User\Downloads\pondok\venv\Lib\site-packages\django\utils\deconstruct.py first seen with mtime 1763752053.406577
DEBUG 2025-11-30 11:42:31,210 autoreload File C:\Users\User\Downloads\pondok\venv\Lib\site-packages\reportlab\pdfbase\_fontdata_enc_pdfdoc.py first seen with mtime 1763751567.7749107
DEBUG 2025-11-30 11:42:31,211 autoreload File C:\Users\User\AppData\Local\Programs\Python\Python310\Lib\wsgiref\handlers.py first seen with mtime 1665482304.0
DEBUG 2025-11-30 11:42:31,211 autoreload File C:\Users\User\AppData\Local\Programs\Python\Python310\DLLs\_queue.pyd first seen with mtime 1665482364.0
DEBUG 2025-11-30 11:42:31,211 autoreload File C:\Users\User\AppData\Local\Programs\Python\Python310\Lib\heapq.py first seen with mtime 1665482304.0
DEBUG 2025-11-30 11:42:31,211 autoreload File C:\Users\User\Downloads\pondok\venv\Lib\site-packages\reportlab\platypus\xpreformatted.py first seen with mtime 1763751567.8257039
DEBUG 2025-11-30 11:42:31,211 autoreload File C:\Users\User\AppData\Local\Programs\Python\Python310\Lib\_compression.py first seen with mtime 1665482304.0
DEBUG 2025-11-30 11:42:31,211 autoreload File C:\Users\User\Downloads\pondok\venv\Lib\site-packages\django\db\models\fields\related_descriptors.py first seen with mtime 1763752053.2116442
DEBUG 2025-11-30 11:42:31,213 autoreload File C:\Users\User\Downloads\pondok\venv\Lib\site-packages\django\apps\config.py first seen with mtime 1763752049.2283509
DEBUG 2025-11-30 11:42:31,213 autoreload File C:\Users\User\Downloads\pondok\venv\Lib\site-packages\django\db\models\query_utils.py first seen with mtime 1763752053.1966171
DEBUG 2025-11-30 11:42:31,213 autoreload File C:\Users\User\Downloads\pondok\venv\Lib\site-packages\reportlab\pdfbase\_fontdata_widths_courier.py first seen with mtime 1763751567.7781177
DEBUG 2025-11-30 11:42:31,213 autoreload File C:\Users\User\AppData\Local\Programs\Python\Python310\Lib\linecache.py first seen with mtime 1665482304.0
DEBUG 2025-11-30 11:42:31,213 autoreload File C:\Users\User\AppData\Local\Programs\Python\Python310\Lib\gzip.py first seen with mtime 1665482304.0
DEBUG 2025-11-30 11:42:31,213 autoreload File C:\Users\User\Downloads\pondok\venv\Lib\site-packages\django\core\files\move.py first seen with mtime 1763752053.0337038
DEBUG 2025-11-30 11:42:31,214 autoreload File C:\Users\User\Downloads\pondok\venv\Lib\site-packages\django\contrib\staticfiles\__init__.py first seen with mtime 1763752052.9676545
DEBUG 2025-11-30 11:42:31,214 autoreload File C:\Users\User\Downloads\pondok\venv\Lib\site-packages\django\db\backends\base\schema.py first seen with mtime 1763752053.1143222
DEBUG 2025-11-30 11:42:31,214 autoreload File C:\Users\User\AppData\Local\Programs\Python\Python310\Lib\quopri.py first seen with mtime 1665482304.0
DEBUG 2025-11-30 11:42:31,214 autoreload File C:\Users\User\AppData\Local\Programs\Python\Python310\Lib\multiprocessing\context.py first seen with mtime 1665482304.0
DEBUG 2025-11-30 11:42:31,214 autoreload File C:\Users\User\Downloads\pondok\venv\Lib\site-packages\django\core\servers\basehttp.py first seen with mtime 1763752053.099684
DEBUG 2025-11-30 11:42:31,215 autoreload File C:\Users\User\AppData\Local\Programs\Python\Python310\Lib\csv.py first seen with mtime 1665482304.0
DEBUG 2025-11-30 11:42:31,215 autoreload File C:\Users\User\Downloads\pondok\venv\Lib\site-packages\django\views\generic\edit.py first seen with mtime 1763752053.457713
DEBUG 2025-11-30 11:42:31,215 autoreload File C:\Users\User\Downloads\pondok\venv\Lib\site-packages\django\views\__init__.py first seen with mtime 1763752053.4388463
DEBUG 2025-11-30 11:42:31,215 autoreload File C:\Users\User\Downloads\pondok\admissions\apps.py first seen with mtime 1763744954.769668
DEBUG 2025-11-30 11:42:31,215 autoreload File C:\Users\User\AppData\Local\Programs\Python\Python310\DLLs\_bz2.pyd first seen with mtime 1665482364.0
DEBUG 2025-11-30 11:42:31,216 autoreload File C:\Users\User\Downloads\pondok\venv\Lib\site-packages\django\template\defaultfilters.py first seen with mtime 1763752053.3495493
DEBUG 2025-11-30 11:42:31,216 autoreload File C:\Users\User\AppData\Local\Programs\Python\Python310\Lib\genericpath.py first seen with mtime 1665482304.0
DEBUG 2025-11-30 11:42:31,216 autoreload File C:\Users\User\Downloads\pondok\venv\Lib\site-packages\django\db\models\functions\__init__.py first seen with mtime 1763752053.215166
DEBUG 2025-11-30 11:42:31,216 autoreload File C:\Users\User\Downloads\pondok\venv\Lib\site-packages\django\views\generic\__init__.py first seen with mtime 1763752053.4528818
DEBUG 2025-11-30 11:42:31,216 autoreload File C:\Users\User\Downloads\pondok\venv\Lib\site-packages\django\core\checks\messages.py first seen with mtime 1763752053.015622
DEBUG 2025-11-30 11:42:31,217 autoreload File C:\Users\User\Downloads\pondok\core\apps.py first seen with mtime 1763744949.3210676
DEBUG 2025-11-30 11:42:31,217 autoreload File C:\Users\User\Downloads\pondok\venv\Lib\site-packages\django\db\models\fields\generated.py first seen with mtime 1763752053.2026258
DEBUG 2025-11-30 11:42:31,217 autoreload File C:\Users\User\Downloads\pondok\venv\Lib\site-packages\django_htmx\templatetags\__init__.py first seen with mtime 1763752067.2525215
DEBUG 2025-11-30 11:42:31,217 autoreload File C:\Users\User\Downloads\pondok\venv\Lib\site-packages\django\db\models\constants.py first seen with mtime 1763752053.1844337
DEBUG 2025-11-30 11:42:31,217 autoreload File C:\Users\User\Downloads\pondok\venv\Lib\site-packages\django\contrib\auth\admin.py first seen with mtime 1763752050.5134485
DEBUG 2025-11-30 11:42:31,217 autoreload File C:\Users\User\Downloads\pondok\venv\Lib\site-packages\django\core\files\storage\__init__.py first seen with mtime 1763752053.038227
DEBUG 2025-11-30 11:42:31,218 autoreload File C:\Users\User\Downloads\pondok\venv\Lib\site-packages\django\template\backends\base.py first seen with mtime 1763752053.3605716
DEBUG 2025-11-30 11:42:31,218 autoreload File C:\Users\User\AppData\Local\Programs\Python\Python310\Lib\contextvars.py first seen with mtime 1665482304.0
DEBUG 2025-11-30 11:42:31,218 autoreload File C:\Users\User\Downloads\pondok\blog\forms.py first seen with mtime 1763884481.7166636
DEBUG 2025-11-30 11:42:31,218 autoreload File C:\Users\User\Downloads\pondok\venv\Lib\site-packages\django\core\validators.py first seen with mtime 1763752052.9915392
DEBUG 2025-11-30 11:42:31,218 autoreload File C:\Users\User\AppData\Local\Programs\Python\Python310\Lib\asyncio\coroutines.py first seen with mtime 1665482304.0
DEBUG 2025-11-30 11:42:31,218 autoreload File C:\Users\User\Downloads\pondok\venv\Lib\site-packages\django\db\models\fields\files.py first seen with mtime 1763752053.2016263
DEBUG 2025-11-30 11:42:31,218 autoreload File C:\Users\User\Downloads\pondok\venv\Lib\site-packages\django\db\models\base.py first seen with mtime 1763752053.1834342
DEBUG 2025-11-30 11:42:31,219 autoreload File C:\Users\User\Downloads\pondok\core\views.py first seen with mtime 1763748921.5766878
DEBUG 2025-11-30 11:42:31,219 autoreload File C:\Users\User\Downloads\pondok\venv\Lib\site-packages\widget_tweaks\__init__.py first seen with mtime 1763746574.3995173
DEBUG 2025-11-30 11:42:31,219 autoreload File C:\Users\User\Downloads\pondok\admin_panel\models.py first seen with mtime 1763913433.4026527
DEBUG 2025-11-30 11:42:31,219 autoreload File C:\Users\User\Downloads\pondok\venv\Lib\site-packages\django\template\library.py first seen with mtime 1763752053.3535478
DEBUG 2025-11-30 11:42:31,219 autoreload File C:\Users\User\Downloads\pondok\venv\Lib\site-packages\django_summernote\models.py first seen with mtime 1763750129.7933261
DEBUG 2025-11-30 11:42:31,219 autoreload File C:\Users\User\Downloads\pondok\venv\Lib\site-packages\reportlab\platypus\paraparser.py first seen with mtime 1763751567.821559
DEBUG 2025-11-30 11:42:31,220 autoreload File C:\Users\User\AppData\Local\Programs\Python\Python310\Lib\importlib\util.py first seen with mtime 1665482304.0
DEBUG 2025-11-30 11:42:31,220 autoreload File C:\Users\User\Downloads\pondok\venv\Lib\site-packages\pygments\formatters\__init__.py first seen with mtime 1763746566.4731612
DEBUG 2025-11-30 11:42:31,220 autoreload File C:\Users\User\Downloads\pondok\venv\Lib\site-packages\reportlab\pdfbase\_fontdata.py first seen with mtime 1763751567.771403
DEBUG 2025-11-30 11:42:31,220 autoreload File C:\Users\User\Downloads\pondok\venv\Lib\site-packages\reportlab\pdfbase\_fontdata_widths_helveticaboldoblique.py first seen with mtime 1763751567.784166
DEBUG 2025-11-30 11:42:31,220 autoreload File C:\Users\User\AppData\Local\Programs\Python\Python310\Lib\asyncio\proactor_events.py first seen with mtime 1665482304.0
DEBUG 2025-11-30 11:42:31,220 autoreload File C:\Users\User\Downloads\pondok\venv\Lib\site-packages\django\utils\hashable.py first seen with mtime 1763752053.4145844
DEBUG 2025-11-30 11:42:31,221 autoreload File C:\Users\User\Downloads\pondok\venv\Lib\site-packages\django\contrib\staticfiles\handlers.py first seen with mtime 1763752052.9706538
DEBUG 2025-11-30 11:42:31,221 autoreload File C:\Users\User\Downloads\pondok\venv\Lib\site-packages\reportlab\lib\rltempfile.py first seen with mtime 1763751567.757477
DEBUG 2025-11-30 11:42:31,221 autoreload File C:\Users\User\AppData\Local\Programs\Python\Python310\Lib\signal.py first seen with mtime 1665482304.0
DEBUG 2025-11-30 11:42:31,221 autoreload File C:\Users\User\Downloads\pondok\venv\Lib\site-packages\django\contrib\admin\sites.py first seen with mtime 1763752049.6187053
DEBUG 2025-11-30 11:42:31,221 autoreload File C:\Users\User\AppData\Local\Programs\Python\Python310\Lib\asyncio\constants.py first seen with mtime 1665482304.0
DEBUG 2025-11-30 11:42:31,222 autoreload File C:\Users\User\Downloads\pondok\venv\Lib\site-packages\django\db\models\signals.py first seen with mtime 1763752053.1966171
DEBUG 2025-11-30 11:42:31,222 autoreload File C:\Users\User\AppData\Local\Programs\Python\Python310\Lib\email\quoprimime.py first seen with mtime 1665482304.0
DEBUG 2025-11-30 11:42:31,222 autoreload File C:\Users\User\Downloads\pondok\users\views.py first seen with mtime 1764278625.4448044
DEBUG 2025-11-30 11:42:31,222 autoreload File C:\Users\User\AppData\Local\Programs\Python\Python310\Lib\urllib\__init__.py first seen with mtime 1665482304.0
DEBUG 2025-11-30 11:42:31,222 autoreload File C:\Users\User\AppData\Local\Programs\Python\Python310\Lib\collections\abc.py first seen with mtime 1665482304.0
DEBUG 2025-11-30 11:42:31,222 autoreload File C:\Users\User\Downloads\pondok\admin_panel\urls.py first seen with mtime 1764277704.8506632
DEBUG 2025-11-30 11:42:31,222 autoreload File C:\Users\User\Downloads\pondok\venv\Lib\site-packages\django\utils\cache.py first seen with mtime 1763752053.3985467
DEBUG 2025-11-30 11:42:31,223 autoreload File C:\Users\User\Downloads\pondok\venv\Lib\site-packages\django_summernote\urls.py first seen with mtime 1763750129.7953274
DEBUG 2025-11-30 11:42:31,223 autoreload File C:\Users\User\Downloads\pondok\venv\Lib\site-packages\django\utils\datastructures.py first seen with mtime 1763752053.4025476
DEBUG 2025-11-30 11:42:31,223 autoreload File C:\Users\User\Downloads\pondok\venv\Lib\site-packages\asgiref\sync.py first seen with mtime 1763752045.8659503
DEBUG 2025-11-30 11:42:31,223 autoreload File C:\Users\User\AppData\Local\Programs\Python\Python310\Lib\multiprocessing\__init__.py first seen with mtime 1665482304.0
DEBUG 2025-11-30 11:42:31,223 autoreload File C:\Users\User\AppData\Local\Programs\Python\Python310\Lib\asyncio\protocols.py first seen with mtime 1665482304.0
DEBUG 2025-11-30 11:42:31,223 autoreload File C:\Users\User\Downloads\pondok\venv\Lib\site-packages\django\core\checks\security\base.py first seen with mtime 1763752053.0266936
DEBUG 2025-11-30 11:42:31,223 autoreload File C:\Users\User\Downloads\pondok\venv\Lib\site-packages\sqlparse\filters\right_margin.py first seen with mtime 1763752045.336867
DEBUG 2025-11-30 11:42:31,223 autoreload File C:\Users\User\Downloads\pondok\venv\Lib\site-packages\django\core\management\base.py first seen with mtime 1763752053.0613513
DEBUG 2025-11-30 11:42:31,224 autoreload File C:\Users\User\AppData\Local\Programs\Python\Python310\Lib\concurrent\futures\thread.py first seen with mtime 1665482304.0
DEBUG 2025-11-30 11:42:31,224 autoreload File C:\Users\User\Downloads\pondok\venv\Lib\site-packages\django\db\models\sql\__init__.py first seen with mtime 1763752053.2231755
DEBUG 2025-11-30 11:42:31,224 autoreload File C:\Users\User\Downloads\pondok\venv\Lib\site-packages\django\utils\timezone.py first seen with mtime 1763752053.4311655
DEBUG 2025-11-30 11:42:31,224 autoreload File C:\Users\User\Downloads\pondok\venv\Lib\site-packages\reportlab\pdfbase\ttfonts.py first seen with mtime 1763751567.8025444
DEBUG 2025-11-30 11:42:31,224 autoreload File C:\Users\User\AppData\Local\Programs\Python\Python310\Lib\zoneinfo\_common.py first seen with mtime 1665482304.0
DEBUG 2025-11-30 11:42:31,224 autoreload File C:\Users\User\Downloads\pondok\venv\Lib\site-packages\reportlab\lib\textsplit.py first seen with mtime 1763751567.7624822
DEBUG 2025-11-30 11:42:31,225 autoreload File C:\Users\User\Downloads\pondok\venv\Lib\site-packages\django\contrib\staticfiles\views.py first seen with mtime 1763752052.976581
DEBUG 2025-11-30 11:42:31,225 autoreload File C:\Users\User\Downloads\pondok\venv\Lib\site-packages\django\template\__init__.py first seen with mtime 1763752053.3450255
DEBUG 2025-11-30 11:42:31,225 autoreload File C:\Users\User\Downloads\pondok\venv\Lib\site-packages\reportlab\pdfbase\_fontdata_widths_helveticabold.py first seen with mtime 1763751567.7831633
DEBUG 2025-11-30 11:42:31,225 autoreload File C:\Users\User\Downloads\pondok\venv\Lib\site-packages\django\core\paginator.py first seen with mtime 1763752052.9881454
DEBUG 2025-11-30 11:42:31,225 autoreload File C:\Users\User\AppData\Local\Programs\Python\Python310\Lib\asyncio\format_helpers.py first seen with mtime 1665482304.0
DEBUG 2025-11-30 11:42:31,226 autoreload File C:\Users\User\Downloads\pondok\venv\Lib\site-packages\django\db\migrations\operations\__init__.py first seen with mtime 1763752053.176328
DEBUG 2025-11-30 11:42:31,226 autoreload File C:\Users\User\Downloads\pondok\venv\Lib\site-packages\django\views\i18n.py first seen with mtime 1763752053.4428465
DEBUG 2025-11-30 11:42:31,226 autoreload File C:\Users\User\AppData\Local\Programs\Python\Python310\Lib\email\mime\base.py first seen with mtime 1665482304.0
DEBUG 2025-11-30 11:42:31,226 autoreload File C:\Users\User\Downloads\pondok\blog\admin.py first seen with mtime 1763884481.7248695
DEBUG 2025-11-30 11:42:31,226 autoreload File C:\Users\User\Downloads\pondok\venv\Lib\site-packages\reportlab\pdfbase\_fontdata_widths_symbol.py first seen with mtime 1763751567.7862048
DEBUG 2025-11-30 11:42:31,227 autoreload File C:\Users\User\Downloads\pondok\venv\Lib\site-packages\django\db\models\expressions.py first seen with mtime 1763752053.187962
DEBUG 2025-11-30 11:42:31,227 autoreload File C:\Users\User\Downloads\pondok\venv\Lib\site-packages\django\core\files\__init__.py first seen with mtime 1763752053.029708
DEBUG 2025-11-30 11:42:31,227 autoreload File C:\Users\User\Downloads\pondok\venv\Lib\site-packages\sqlparse\lexer.py first seen with mtime 1763752045.326751
DEBUG 2025-11-30 11:42:31,227 autoreload File C:\Users\User\Downloads\pondok\venv\Lib\site-packages\django_summernote\__init__.py first seen with mtime 1763750129.7901552
DEBUG 2025-11-30 11:42:31,227 autoreload File C:\Users\User\Downloads\pondok\venv\Lib\site-packages\django\views\decorators\clickjacking.py first seen with mtime 1763752053.4468825
DEBUG 2025-11-30 11:42:31,227 autoreload File C:\Users\User\AppData\Local\Programs\Python\Python310\Lib\wsgiref\util.py first seen with mtime 1665482304.0
DEBUG 2025-11-30 11:42:31,227 autoreload File C:\Users\User\Downloads\pondok\venv\Lib\site-packages\django\db\backends\sqlite3\introspection.py first seen with mtime 1763752053.158895
DEBUG 2025-11-30 11:42:31,228 autoreload File C:\Users\User\Downloads\pondok\venv\Lib\site-packages\django\forms\boundfield.py first seen with mtime 1763752053.2362592
DEBUG 2025-11-30 11:42:31,228 autoreload File C:\Users\User\Downloads\pondok\venv\Lib\site-packages\django\urls\__init__.py first seen with mtime 1763752053.3869758
DEBUG 2025-11-30 11:42:31,228 autoreload File C:\Users\User\Downloads\pondok\venv\Lib\site-packages\django\core\cache\backends\base.py first seen with mtime 1763752052.9975681
DEBUG 2025-11-30 11:42:31,228 autoreload File C:\Users\User\AppData\Local\Programs\Python\Python310\Lib\importlib\_common.py first seen with mtime 1665482304.0
DEBUG 2025-11-30 11:42:31,228 autoreload File C:\Users\User\AppData\Local\Programs\Python\Python310\Lib\json\decoder.py first seen with mtime 1665482304.0
DEBUG 2025-11-30 11:42:31,228 autoreload File C:\Users\User\Downloads\pondok\venv\Lib\site-packages\django\db\backends\base\introspection.py first seen with mtime 1763752053.1123435
DEBUG 2025-11-30 11:42:31,230 autoreload File C:\Users\User\Downloads\pondok\venv\Lib\site-packages\reportlab\pdfgen\__init__.py first seen with mtime 1763751567.8050568
DEBUG 2025-11-30 11:42:31,230 autoreload File C:\Users\User\AppData\Local\Programs\Python\Python310\Lib\asyncio\runners.py first seen with mtime 1665482304.0
DEBUG 2025-11-30 11:42:31,230 autoreload File C:\Users\User\Downloads\pondok\venv\Lib\site-packages\django\contrib\messages\storage\base.py first seen with mtime 1763752051.9890993
DEBUG 2025-11-30 11:42:31,230 autoreload File C:\Users\User\Downloads\pondok\venv\Lib\site-packages\django\template\utils.py first seen with mtime 1763752053.3585753
DEBUG 2025-11-30 11:42:31,230 autoreload File C:\Users\User\AppData\Local\Programs\Python\Python310\Lib\pkgutil.py first seen with mtime 1665482304.0
DEBUG 2025-11-30 11:42:31,230 autoreload File C:\Users\User\Downloads\pondok\venv\Lib\site-packages\django\db\backends\__init__.py first seen with mtime 1763752053.1026845
DEBUG 2025-11-30 11:42:31,230 autoreload File C:\Users\User\Downloads\pondok\venv\Lib\site-packages\django\contrib\humanize\__init__.py first seen with mtime 1763752051.7422411
DEBUG 2025-11-30 11:42:31,230 autoreload File C:\Users\User\Downloads\pondok\venv\Lib\site-packages\django\contrib\auth\middleware.py first seen with mtime 1763752050.5252342
DEBUG 2025-11-30 11:42:31,230 autoreload File C:\Users\User\Downloads\pondok\venv\Lib\site-packages\django\contrib\auth\checks.py first seen with mtime 1763752050.5184839
DEBUG 2025-11-30 11:42:31,231 autoreload File C:\Users\User\Downloads\pondok\venv\Lib\site-packages\django\template\engine.py first seen with mtime 1763752053.3515482
DEBUG 2025-11-30 11:42:31,231 autoreload File C:\Users\User\Downloads\pondok\venv\Lib\site-packages\django\db\models\fields\related.py first seen with mtime 1763752053.2081556
DEBUG 2025-11-30 11:42:31,231 autoreload File C:\Users\User\Downloads\pondok\venv\Lib\site-packages\django\template\smartif.py first seen with mtime 1763752053.3575745
DEBUG 2025-11-30 11:42:31,231 autoreload File C:\Users\User\Downloads\pondok\venv\Lib\site-packages\django\core\handlers\wsgi.py first seen with mtime 1763752053.0492604
DEBUG 2025-11-30 11:42:31,231 autoreload File C:\Users\User\Downloads\pondok\venv\Lib\site-packages\PIL\__init__.py first seen with mtime 1763746572.4992702
DEBUG 2025-11-30 11:42:31,231 autoreload File C:\Users\User\Downloads\pondok\venv\Lib\site-packages\colorama\ansi.py first seen with mtime 1763746574.4669259
DEBUG 2025-11-30 11:42:31,232 autoreload File C:\Users\User\Downloads\pondok\venv\Lib\site-packages\django\core\files\utils.py first seen with mtime 1763752053.0372267
DEBUG 2025-11-30 11:42:31,232 autoreload File C:\Users\User\Downloads\pondok\venv\Lib\site-packages\django\db\backends\sqlite3\__init__.py first seen with mtime 1763752053.1532624
DEBUG 2025-11-30 11:42:31,232 autoreload File C:\Users\User\Downloads\pondok\blog\models.py first seen with mtime 1763884481.7166636
DEBUG 2025-11-30 11:42:31,232 autoreload File C:\Users\User\Downloads\pondok\venv\Lib\site-packages\django\db\backends\sqlite3\creation.py first seen with mtime 1763752053.1560476
DEBUG 2025-11-30 11:42:31,232 autoreload File C:\Users\User\Downloads\pondok\venv\Lib\site-packages\django\core\checks\async_checks.py first seen with mtime 1763752053.005588
DEBUG 2025-11-30 11:42:31,232 autoreload File C:\Users\User\Downloads\pondok\venv\Lib\site-packages\django\db\backends\base\__init__.py first seen with mtime 1763752053.1072028
DEBUG 2025-11-30 11:42:31,232 autoreload File C:\Users\User\Downloads\pondok\venv\Lib\site-packages\django\db\backends\base\operations.py first seen with mtime 1763752053.1138146
DEBUG 2025-11-30 11:42:31,233 autoreload File C:\Users\User\Downloads\pondok\venv\Lib\site-packages\django\db\models\aggregates.py first seen with mtime 1763752053.1824327
DEBUG 2025-11-30 11:42:31,233 autoreload File C:\Users\User\Downloads\pondok\venv\Lib\site-packages\django\urls\utils.py first seen with mtime 1763752053.3925185
DEBUG 2025-11-30 11:42:31,233 autoreload File C:\Users\User\Downloads\pondok\venv\Lib\site-packages\django_extensions\admin\widgets.py first seen with mtime 1763746598.6252358
DEBUG 2025-11-30 11:42:31,233 autoreload File C:\Users\User\Downloads\pondok\venv\Lib\site-packages\django\utils\asyncio.py first seen with mtime 1763752053.3965466
DEBUG 2025-11-30 11:42:31,233 autoreload File C:\Users\User\AppData\Local\Programs\Python\Python310\Lib\socketserver.py first seen with mtime 1665482304.0
DEBUG 2025-11-30 11:42:31,233 autoreload File C:\Users\User\AppData\Local\Programs\Python\Python310\Lib\dis.py first seen with mtime 1665482304.0
DEBUG 2025-11-30 11:42:31,234 autoreload File C:\Users\User\Downloads\pondok\venv\Lib\site-packages\django\db\backends\utils.py first seen with mtime 1763752053.1060536
DEBUG 2025-11-30 11:42:31,234 autoreload File C:\Users\User\Downloads\pondok\venv\Lib\site-packages\django\db\models\fields\composite.py first seen with mtime 1763752053.2006252
DEBUG 2025-11-30 11:42:31,234 autoreload File C:\Users\User\Downloads\pondok\venv\Lib\site-packages\reportlab\rl_config.py first seen with mtime 1763751567.6264756
DEBUG 2025-11-30 11:42:31,234 autoreload File C:\Users\User\Downloads\pondok\venv\Lib\site-packages\django\db\models\sql\subqueries.py first seen with mtime 1763752053.230222
DEBUG 2025-11-30 11:42:31,234 autoreload File C:\Users\User\Downloads\pondok\venv\Lib\site-packages\django\http\multipartparser.py first seen with mtime 1763752053.3314922
DEBUG 2025-11-30 11:42:31,235 autoreload File C:\Users\User\Downloads\pondok\venv\Lib\site-packages\django\core\checks\security\csrf.py first seen with mtime 1763752053.0277054
DEBUG 2025-11-30 11:42:31,235 autoreload File C:\Users\User\AppData\Local\Programs\Python\Python310\Lib\dataclasses.py first seen with mtime 1665482304.0
DEBUG 2025-11-30 11:42:31,235 autoreload File C:\Users\User\Downloads\pondok\venv\Lib\site-packages\colorama\initialise.py first seen with mtime 1763746574.468425
DEBUG 2025-11-30 11:42:31,235 autoreload File C:\Users\User\Downloads\pondok\venv\Lib\site-packages\django\template\loaders\app_directories.py first seen with mtime 1763752053.365587
DEBUG 2025-11-30 11:42:31,235 autoreload File C:\Users\User\Downloads\pondok\venv\Lib\site-packages\django_htmx\jinja.py first seen with mtime 1763752067.2475204
DEBUG 2025-11-30 11:42:31,235 autoreload File C:\Users\User\Downloads\pondok\venv\Lib\site-packages\django\utils\log.py first seen with mtime 1763752053.4196248
DEBUG 2025-11-30 11:42:31,236 autoreload File C:\Users\User\Downloads\pondok\venv\Lib\site-packages\django\db\models\query.py first seen with mtime 1763752053.194481
DEBUG 2025-11-30 11:42:31,236 autoreload File C:\Users\User\Downloads\pondok\venv\Lib\site-packages\sqlparse\engine\filter_stack.py first seen with mtime 1763752045.3309753
DEBUG 2025-11-30 11:42:31,236 autoreload File C:\Users\User\AppData\Local\Programs\Python\Python310\Lib\_weakrefset.py first seen with mtime 1665482304.0
DEBUG 2025-11-30 11:42:31,236 autoreload File C:\Users\User\Downloads\pondok\venv\Lib\site-packages\django\contrib\admin\templatetags\admin_list.py first seen with mtime 1763752050.2424302
DEBUG 2025-11-30 11:42:31,236 autoreload File C:\Users\User\Downloads\pondok\venv\Lib\site-packages\django\middleware\http.py first seen with mtime 1763752053.3405254
DEBUG 2025-11-30 11:42:31,237 autoreload File C:\Users\User\Downloads\pondok\venv\Lib\site-packages\widget_tweaks\templatetags\widget_tweaks.py first seen with mtime 1763746574.4015274
DEBUG 2025-11-30 11:42:31,237 autoreload File C:\Users\User\Downloads\pondok\venv\Lib\site-packages\django\contrib\contenttypes\checks.py first seen with mtime 1763752050.812312
DEBUG 2025-11-30 11:42:31,237 autoreload File C:\Users\User\AppData\Local\Programs\Python\Python310\Lib\email\_header_value_parser.py first seen with mtime 1665482304.0
DEBUG 2025-11-30 11:42:31,237 autoreload File C:\Users\User\AppData\Local\Programs\Python\Python310\Lib\ntpath.py first seen with mtime 1665482304.0
DEBUG 2025-11-30 11:42:31,237 autoreload File C:\Users\User\Downloads\pondok\venv\Lib\site-packages\django\utils\safestring.py first seen with mtime 1763752053.4261553
DEBUG 2025-11-30 11:42:31,237 autoreload File C:\Users\User\AppData\Local\Programs\Python\Python310\DLLs\_socket.pyd first seen with mtime 1665482364.0
DEBUG 2025-11-30 11:42:31,238 autoreload File C:\Users\User\AppData\Local\Programs\Python\Python310\DLLs\_sqlite3.pyd first seen with mtime 1665482364.0
DEBUG 2025-11-30 11:42:31,238 autoreload File C:\Users\User\Downloads\pondok\admin_panel\apps.py first seen with mtime 1763746837.8052993
DEBUG 2025-11-30 11:42:31,238 autoreload File C:\Users\User\Downloads\pondok\venv\Lib\site-packages\django_summernote\apps.py first seen with mtime 1763750129.7921634
DEBUG 2025-11-30 11:42:31,238 autoreload File C:\Users\User\Downloads\pondok\venv\Lib\site-packages\django\utils\translation\reloader.py first seen with mtime 1763752053.4346714
DEBUG 2025-11-30 11:42:31,238 autoreload File C:\Users\User\Downloads\pondok\venv\Lib\site-packages\django\contrib\admin\widgets.py first seen with mtime 1763752049.621704
DEBUG 2025-11-30 11:42:31,239 autoreload File C:\Users\User\Downloads\pondok\venv\Lib\site-packages\django\contrib\admin\decorators.py first seen with mtime 1763752049.613006
DEBUG 2025-11-30 11:42:31,239 autoreload File C:\Users\User\Downloads\pondok\venv\Lib\site-packages\PIL\_imaging.cp310-win_amd64.pyd first seen with mtime 1763746572.5455792
DEBUG 2025-11-30 11:42:31,239 autoreload File C:\Users\User\AppData\Local\Programs\Python\Python310\Lib\socket.py first seen with mtime 1665482304.0
DEBUG 2025-11-30 11:42:31,239 autoreload File C:\Users\User\Downloads\pondok\venv\Lib\site-packages\sqlparse\tokens.py first seen with mtime 1763752045.3289762
DEBUG 2025-11-30 11:42:31,239 autoreload File C:\Users\User\AppData\Local\Programs\Python\Python310\Lib\asyncio\mixins.py first seen with mtime 1665482304.0
DEBUG 2025-11-30 11:42:31,240 autoreload File C:\Users\User\Downloads\pondok\venv\Lib\site-packages\django\__init__.py first seen with mtime 1763752049.2248352
DEBUG 2025-11-30 11:42:31,240 autoreload File C:\Users\User\Downloads\pondok\venv\Lib\site-packages\django\db\backends\sqlite3\features.py first seen with mtime 1763752053.1567788
DEBUG 2025-11-30 11:42:31,240 autoreload File C:\Users\User\Downloads\pondok\admin_panel\views.py first seen with mtime 1764278625.4531243
DEBUG 2025-11-30 11:42:31,240 autoreload File C:\Users\User\Downloads\pondok\venv\Lib\site-packages\django_summernote\views.py first seen with mtime 1763750129.7963274
DEBUG 2025-11-30 11:42:31,240 autoreload File C:\Users\User\Downloads\pondok\venv\Lib\site-packages\sqlparse\filters\reindent.py first seen with mtime 1763752045.335371
DEBUG 2025-11-30 11:42:31,241 autoreload File C:\Users\User\AppData\Local\Programs\Python\Python310\Lib\html\__init__.py first seen with mtime 1665482304.0
DEBUG 2025-11-30 11:42:31,241 autoreload File C:\Users\User\Downloads\pondok\venv\Lib\site-packages\sqlparse\exceptions.py first seen with mtime 1763752045.3245177
DEBUG 2025-11-30 11:42:31,241 autoreload File C:\Users\User\Downloads\pondok\venv\Lib\site-packages\django\utils\lorem_ipsum.py first seen with mtime 1763752053.420624
DEBUG 2025-11-30 11:42:31,241 autoreload File C:\Users\User\Downloads\pondok\venv\Lib\site-packages\django\core\exceptions.py first seen with mtime 1763752052.9866314
DEBUG 2025-11-30 11:42:31,241 autoreload File C:\Users\User\Downloads\pondok\venv\Lib\site-packages\django\contrib\messages\utils.py first seen with mtime 1763752051.9860833
DEBUG 2025-11-30 11:42:31,243 autoreload File C:\Users\User\Downloads\pondok\venv\Lib\site-packages\django\views\static.py first seen with mtime 1763752053.4443567
DEBUG 2025-11-30 11:42:31,243 autoreload File C:\Users\User\Downloads\pondok\venv\Lib\site-packages\django\forms\fields.py first seen with mtime 1763752053.2372594
DEBUG 2025-11-30 11:42:31,243 autoreload File C:\Users\User\Downloads\pondok\blog\__init__.py first seen with mtime 1763750160.293606
DEBUG 2025-11-30 11:42:31,243 autoreload File C:\Users\User\Downloads\pondok\venv\Lib\site-packages\django_htmx\__init__.py first seen with mtime 1763752067.2452374
DEBUG 2025-11-30 11:42:31,243 autoreload File C:\Users\User\AppData\Local\Programs\Python\Python310\Lib\importlib\metadata\_itertools.py first seen with mtime 1665482304.0
DEBUG 2025-11-30 11:42:31,244 autoreload File C:\Users\User\Downloads\pondok\venv\Lib\site-packages\django\db\models\constraints.py first seen with mtime 1763752053.1854467
DEBUG 2025-11-30 11:42:31,244 autoreload File C:\Users\User\Downloads\pondok\venv\Lib\site-packages\django\db\migrations\operations\special.py first seen with mtime 1763752053.1804323
DEBUG 2025-11-30 11:42:31,244 autoreload File C:\Users\User\Downloads\pondok\venv\Lib\site-packages\django\utils\dates.py first seen with mtime 1763752053.4055612
DEBUG 2025-11-30 11:42:31,244 autoreload File C:\Users\User\AppData\Local\Programs\Python\Python310\Lib\encodings\__init__.py first seen with mtime 1665482304.0
DEBUG 2025-11-30 11:42:31,245 autoreload File C:\Users\User\Downloads\pondok\venv\Lib\site-packages\django\db\migrations\migration.py first seen with mtime 1763752053.16792
DEBUG 2025-11-30 11:42:31,245 autoreload File C:\Users\User\Downloads\pondok\venv\Lib\site-packages\django\core\management\commands\__init__.py first seen with mtime 1763752053.0663736
DEBUG 2025-11-30 11:42:31,245 autoreload File C:\Users\User\Downloads\pondok\core\views_public.py first seen with mtime 1764229625.3788285
DEBUG 2025-11-30 11:42:31,245 autoreload File C:\Users\User\AppData\Local\Programs\Python\Python310\DLLs\_zoneinfo.pyd first seen with mtime 1665482364.0
DEBUG 2025-11-30 11:42:31,246 autoreload File C:\Users\User\AppData\Local\Programs\Python\Python310\Lib\asyncio\events.py first seen with mtime 1665482304.0
DEBUG 2025-11-30 11:42:31,246 autoreload File C:\Users\User\Downloads\pondok\venv\Lib\site-packages\django\db\migrations\__init__.py first seen with mtime 1763752053.1618938
DEBUG 2025-11-30 11:42:31,246 autoreload File C:\Users\User\AppData\Local\Programs\Python\Python310\Lib\email\_parseaddr.py first seen with mtime 1665482304.0
DEBUG 2025-11-30 11:42:31,246 autoreload File C:\Users\User\AppData\Local\Programs\Python\Python310\Lib\zipfile.py first seen with mtime 1665482304.0
DEBUG 2025-11-30 11:42:31,246 autoreload File C:\Users\User\Downloads\pondok\venv\Lib\site-packages\django\utils\dateparse.py first seen with mtime 1763752053.4045463
DEBUG 2025-11-30 11:42:31,247 autoreload File C:\Users\User\AppData\Local\Programs\Python\Python310\Lib\ctypes\wintypes.py first seen with mtime 1665482304.0
DEBUG 2025-11-30 11:42:31,247 autoreload File C:\Users\User\AppData\Local\Programs\Python\Python310\Lib\pathlib.py first seen with mtime 1665482304.0
DEBUG 2025-11-30 11:42:31,247 autoreload File C:\Users\User\Downloads\pondok\venv\Lib\site-packages\django\core\servers\__init__.py first seen with mtime 1763752053.0986755
DEBUG 2025-11-30 11:42:31,247 autoreload File C:\Users\User\AppData\Local\Programs\Python\Python310\Lib\_markupbase.py first seen with mtime 1665482304.0
DEBUG 2025-11-30 11:42:31,247 autoreload File C:\Users\User\Downloads\pondok\venv\Lib\site-packages\django\core\cache\utils.py first seen with mtime 1763752052.99555
DEBUG 2025-11-30 11:42:31,248 autoreload File C:\Users\User\Downloads\pondok\venv\Lib\site-packages\django\core\files\temp.py first seen with mtime 1763752053.0347033
DEBUG 2025-11-30 11:42:31,248 autoreload File C:\Users\User\Downloads\pondok\venv\Lib\site-packages\django\core\handlers\exception.py first seen with mtime 1763752053.048262
DEBUG 2025-11-30 11:42:31,248 autoreload File C:\Users\User\Downloads\pondok\venv\Lib\site-packages\django\views\generic\base.py first seen with mtime 1763752053.4543898
DEBUG 2025-11-30 11:42:31,248 autoreload File C:\Users\User\Downloads\pondok\venv\Lib\site-packages\django\core\checks\compatibility\django_4_0.py first seen with mtime 1763752053.0236506
DEBUG 2025-11-30 11:42:31,249 autoreload File C:\Users\User\Downloads\pondok\venv\Lib\site-packages\django\contrib\sessions\__init__.py first seen with mtime 1763752052.4474978
DEBUG 2025-11-30 11:42:31,249 autoreload File C:\Users\User\Downloads\pondok\venv\Lib\site-packages\django\db\migrations\utils.py first seen with mtime 1763752053.172925
DEBUG 2025-11-30 11:42:31,249 autoreload File C:\Users\User\Downloads\pondok\venv\Lib\site-packages\django\core\files\storage\base.py first seen with mtime 1763752053.0402331
DEBUG 2025-11-30 11:42:31,249 autoreload File C:\Users\User\Downloads\pondok\venv\Lib\site-packages\django\db\models\functions\text.py first seen with mtime 1763752053.2211735
DEBUG 2025-11-30 11:42:31,249 autoreload File C:\Users\User\Downloads\pondok\venv\Lib\site-packages\django\contrib\sites\shortcuts.py first seen with mtime 1763752052.7205207
DEBUG 2025-11-30 11:42:31,250 autoreload File C:\Users\User\AppData\Local\Programs\Python\Python310\Lib\platform.py first seen with mtime 1665482304.0
DEBUG 2025-11-30 11:42:31,250 autoreload File C:\Users\User\Downloads\pondok\venv\Lib\site-packages\django\template\autoreload.py first seen with mtime 1763752053.3455331
DEBUG 2025-11-30 11:42:31,250 autoreload File C:\Users\User\Downloads\pondok\venv\Lib\site-packages\reportlab\lib\colors.py first seen with mtime 1763751567.7418199
DEBUG 2025-11-30 11:42:31,250 autoreload File C:\Users\User\Downloads\pondok\venv\Lib\site-packages\asgiref\current_thread_executor.py first seen with mtime 1763752045.86293
DEBUG 2025-11-30 11:42:31,250 autoreload File C:\Users\User\AppData\Local\Programs\Python\Python310\Lib\gettext.py first seen with mtime 1665482304.0
DEBUG 2025-11-30 11:42:31,250 autoreload File C:\Users\User\Downloads\pondok\venv\Lib\site-packages\django\forms\widgets.py first seen with mtime 1763752053.2432303
DEBUG 2025-11-30 11:42:31,251 autoreload File C:\Users\User\AppData\Local\Programs\Python\Python310\Lib\collections\__init__.py first seen with mtime 1665482304.0
DEBUG 2025-11-30 11:42:31,251 autoreload File C:\Users\User\Downloads\pondok\venv\Lib\site-packages\django\utils\__init__.py first seen with mtime 1763752053.3935173
DEBUG 2025-11-30 11:42:31,251 autoreload File C:\Users\User\Downloads\pondok\venv\Lib\site-packages\django_htmx\templatetags\django_htmx.py first seen with mtime 1763752067.2525215
DEBUG 2025-11-30 11:42:31,251 autoreload File C:\Users\User\Downloads\pondok\venv\Lib\site-packages\reportlab\lib\validators.py first seen with mtime 1763751567.765578
DEBUG 2025-11-30 11:42:31,251 autoreload File C:\Users\User\Downloads\pondok\venv\Lib\site-packages\django\db\models\manager.py first seen with mtime 1763752053.1919715
DEBUG 2025-11-30 11:42:31,252 autoreload File C:\Users\User\Downloads\pondok\venv\Lib\site-packages\django\contrib\admin\exceptions.py first seen with mtime 1763752049.613006
DEBUG 2025-11-30 11:42:31,252 autoreload File C:\Users\User\Downloads\pondok\venv\Lib\site-packages\django\views\decorators\csrf.py first seen with mtime 1763752053.4488826
DEBUG 2025-11-30 11:42:31,252 autoreload File C:\Users\User\AppData\Local\Programs\Python\Python310\Lib\struct.py first seen with mtime 1665482304.0
DEBUG 2025-11-30 11:42:31,252 autoreload File C:\Users\User\Downloads\pondok\venv\Lib\site-packages\django\contrib\admin\helpers.py first seen with mtime 1763752049.616032
DEBUG 2025-11-30 11:42:31,252 autoreload File C:\Users\User\AppData\Local\Programs\Python\Python310\Lib\sysconfig.py first seen with mtime 1665482304.0
DEBUG 2025-11-30 11:42:31,253 autoreload File C:\Users\User\Downloads\pondok\venv\Lib\site-packages\reportlab\pdfbase\_fontdata_enc_zapfdingbats.py first seen with mtime 1763751567.7781177
DEBUG 2025-11-30 11:42:31,253 autoreload File C:\Users\User\AppData\Local\Programs\Python\Python310\DLLs\_overlapped.pyd first seen with mtime 1665482364.0
DEBUG 2025-11-30 11:42:31,253 autoreload File C:\Users\User\Downloads\pondok\venv\Lib\site-packages\django\template\loader_tags.py first seen with mtime 1763752053.3555632
DEBUG 2025-11-30 11:42:31,253 autoreload File C:\Users\User\AppData\Local\Programs\Python\Python310\Lib\subprocess.py first seen with mtime 1665482304.0
DEBUG 2025-11-30 11:42:31,253 autoreload File C:\Users\User\AppData\Local\Programs\Python\Python310\Lib\warnings.py first seen with mtime 1665482304.0
DEBUG 2025-11-30 11:42:31,254 autoreload File C:\Users\User\Downloads\pondok\venv\Lib\site-packages\reportlab\pdfbase\_fontdata_widths_timesbolditalic.py first seen with mtime 1763751567.7884407
DEBUG 2025-11-30 11:42:31,254 autoreload File C:\Users\User\AppData\Local\Programs\Python\Python310\Lib\asyncio\streams.py first seen with mtime 1665482304.0
DEBUG 2025-11-30 11:42:31,254 autoreload File C:\Users\User\Downloads\pondok\venv\Lib\site-packages\django\db\models\sql\where.py first seen with mtime 1763752053.2312229
DEBUG 2025-11-30 11:42:31,254 autoreload File C:\Users\User\Downloads\pondok\venv\Lib\site-packages\django\core\checks\translation.py first seen with mtime 1763752053.0196426
DEBUG 2025-11-30 11:42:31,254 autoreload File C:\Users\User\Downloads\pondok\venv\Lib\site-packages\django\contrib\contenttypes\forms.py first seen with mtime 1763752050.8148189
DEBUG 2025-11-30 11:42:31,255 autoreload File C:\Users\User\Downloads\pondok\venv\Lib\site-packages\django\core\files\images.py first seen with mtime 1763752053.0317035
DEBUG 2025-11-30 11:42:31,255 autoreload File C:\Users\User\Downloads\pondok\venv\Lib\site-packages\django\db\models\sql\constants.py first seen with mtime 1763752053.2262154
DEBUG 2025-11-30 11:42:31,255 autoreload File C:\Users\User\AppData\Local\Programs\Python\Python310\Lib\numbers.py first seen with mtime 1665482304.0
DEBUG 2025-11-30 11:42:31,255 autoreload File C:\Users\User\Downloads\pondok\venv\Lib\site-packages\reportlab\lib\pagesizes.py first seen with mtime 1763751567.7519095
DEBUG 2025-11-30 11:42:31,255 autoreload File C:\Users\User\Downloads\pondok\venv\Lib\site-packages\django\utils\translation\trans_real.py first seen with mtime 1763752053.4378452
DEBUG 2025-11-30 11:42:31,256 autoreload File C:\Users\User\Downloads\pondok\venv\Lib\site-packages\reportlab\pdfbase\rl_codecs.py first seen with mtime 1763751567.8012314
DEBUG 2025-11-30 11:42:31,256 autoreload File C:\Users\User\Downloads\pondok\venv\Lib\site-packages\django_extensions\templatetags\debugger_tags.py first seen with mtime 1763746598.7297943
DEBUG 2025-11-30 11:42:31,256 autoreload File C:\Users\User\AppData\Local\Programs\Python\Python310\Lib\traceback.py first seen with mtime 1665482304.0
DEBUG 2025-11-30 11:42:31,256 autoreload File C:\Users\User\Downloads\pondok\venv\Lib\site-packages\django\apps\registry.py first seen with mtime 1763752049.2293494
DEBUG 2025-11-30 11:42:31,257 autoreload File C:\Users\User\Downloads\pondok\venv\Lib\site-packages\django\db\models\fields\json.py first seen with mtime 1763752053.2036264
DEBUG 2025-11-30 11:42:31,257 autoreload File C:\Users\User\Downloads\pondok\venv\Lib\site-packages\django\template\loaders\base.py first seen with mtime 1763752053.3665957
DEBUG 2025-11-30 11:42:31,257 autoreload File C:\Users\User\AppData\Local\Programs\Python\Python310\Lib\email\iterators.py first seen with mtime 1665482304.0
DEBUG 2025-11-30 11:42:31,257 autoreload File C:\Users\User\Downloads\pondok\venv\Lib\site-packages\django\core\checks\compatibility\__init__.py first seen with mtime 1763752053.0216472
DEBUG 2025-11-30 11:42:31,257 autoreload File C:\Users\User\Downloads\pondok\venv\Lib\site-packages\django\db\backends\sqlite3\schema.py first seen with mtime 1763752053.1608942
DEBUG 2025-11-30 11:42:31,258 autoreload File C:\Users\User\AppData\Local\Programs\Python\Python310\Lib\asyncio\windows_events.py first seen with mtime 1665482304.0
DEBUG 2025-11-30 11:42:31,258 autoreload File C:\Users\User\Downloads\pondok\venv\Lib\site-packages\reportlab\platypus\tables.py first seen with mtime 1763751567.8241854
DEBUG 2025-11-30 11:42:31,258 autoreload File C:\Users\User\AppData\Local\Programs\Python\Python310\Lib\bz2.py first seen with mtime 1665482304.0
DEBUG 2025-11-30 11:42:31,258 autoreload File C:\Users\User\Downloads\pondok\venv\Lib\site-packages\django\contrib\admin\templatetags\__init__.py first seen with mtime 1763752050.2414305
DEBUG 2025-11-30 11:42:31,258 autoreload File C:\Users\User\AppData\Local\Programs\Python\Python310\Lib\importlib\_abc.py first seen with mtime 1665482304.0
DEBUG 2025-11-30 11:42:31,259 autoreload File C:\Users\User\Downloads\pondok\venv\Lib\site-packages\django\core\checks\files.py first seen with mtime 1763752053.0146015
DEBUG 2025-11-30 11:42:31,259 autoreload File C:\Users\User\Downloads\pondok\venv\Lib\site-packages\django\template\base.py first seen with mtime 1763752053.346541
DEBUG 2025-11-30 11:42:31,259 autoreload File C:\Users\User\AppData\Local\Programs\Python\Python310\Lib\asyncio\futures.py first seen with mtime 1665482304.0
DEBUG 2025-11-30 11:42:31,259 autoreload File C:\Users\User\AppData\Local\Programs\Python\Python310\Lib\enum.py first seen with mtime 1665482304.0
DEBUG 2025-11-30 11:42:31,259 autoreload File C:\Users\User\AppData\Local\Programs\Python\Python310\Lib\fnmatch.py first seen with mtime 1665482304.0
DEBUG 2025-11-30 11:42:31,260 autoreload File C:\Users\User\AppData\Local\Programs\Python\Python310\Lib\threading.py first seen with mtime 1665482304.0
DEBUG 2025-11-30 11:42:31,260 autoreload File C:\Users\User\AppData\Local\Programs\Python\Python310\Lib\stat.py first seen with mtime 1665482304.0
DEBUG 2025-11-30 11:42:31,260 autoreload File C:\Users\User\Downloads\pondok\venv\Lib\site-packages\django\contrib\humanize\templatetags\humanize.py first seen with mtime 1763752051.9796476
DEBUG 2025-11-30 11:42:31,260 autoreload File C:\Users\User\Downloads\pondok\venv\Lib\site-packages\reportlab\pdfgen\textobject.py first seen with mtime 1763751567.8095174
DEBUG 2025-11-30 11:42:31,260 autoreload File C:\Users\User\Downloads\pondok\venv\Lib\site-packages\django\utils\version.py first seen with mtime 1763752053.4321632
DEBUG 2025-11-30 11:42:31,260 autoreload File C:\Users\User\AppData\Local\Programs\Python\Python310\Lib\copy.py first seen with mtime 1665482304.0
DEBUG 2025-11-30 11:42:31,261 autoreload File C:\Users\User\Downloads\pondok\venv\Lib\site-packages\PIL\_util.py first seen with mtime 1763746572.5669034
DEBUG 2025-11-30 11:42:31,261 autoreload File C:\Users\User\Downloads\pondok\venv\Lib\site-packages\django\utils\timesince.py first seen with mtime 1763752053.430168
DEBUG 2025-11-30 11:42:31,261 autoreload File C:\Users\User\Downloads\pondok\venv\Lib\site-packages\reportlab\pdfbase\_fontdata_enc_macexpert.py first seen with mtime 1763751567.7724025
DEBUG 2025-11-30 11:42:31,261 autoreload File C:\Users\User\Downloads\pondok\venv\Lib\site-packages\django\db\migrations\operations\models.py first seen with mtime 1763752053.1794336
DEBUG 2025-11-30 11:42:31,261 autoreload File C:\Users\User\AppData\Local\Programs\Python\Python310\Lib\tokenize.py first seen with mtime 1665482304.0
DEBUG 2025-11-30 11:42:31,261 autoreload File C:\Users\User\Downloads\pondok\venv\Lib\site-packages\django\db\models\fields\related_lookups.py first seen with mtime 1763752053.2126622
DEBUG 2025-11-30 11:42:31,262 autoreload File C:\Users\User\Downloads\pondok\venv\Lib\site-packages\django\core\files\base.py first seen with mtime 1763752053.0307047
DEBUG 2025-11-30 11:42:31,262 autoreload File C:\Users\User\AppData\Local\Programs\Python\Python310\Lib\html\parser.py first seen with mtime 1665482304.0
DEBUG 2025-11-30 11:42:31,262 autoreload File C:\Users\User\Downloads\pondok\venv\Lib\site-packages\django\forms\forms.py first seen with mtime 1763752053.238261
DEBUG 2025-11-30 11:42:31,262 autoreload File C:\Users\User\Downloads\pondok\venv\Lib\site-packages\django\utils\numberformat.py first seen with mtime 1763752053.422627
DEBUG 2025-11-30 11:42:31,262 autoreload File C:\Users\User\AppData\Local\Programs\Python\Python310\Lib\logging\handlers.py first seen with mtime 1665482304.0
DEBUG 2025-11-30 11:42:31,262 autoreload File C:\Users\User\Downloads\pondok\venv\Lib\site-packages\reportlab\pdfbase\__init__.py first seen with mtime 1763751567.76798
DEBUG 2025-11-30 11:42:31,263 autoreload File C:\Users\User\Downloads\pondok\venv\Lib\site-packages\django\core\checks\database.py first seen with mtime 1763752053.012602
DEBUG 2025-11-30 11:42:31,263 autoreload File C:\Users\User\Downloads\pondok\venv\Lib\site-packages\django\views\decorators\http.py first seen with mtime 1763752053.4508822
DEBUG 2025-11-30 11:42:31,263 autoreload File C:\Users\User\AppData\Local\Programs\Python\Python310\Lib\email\policy.py first seen with mtime 1665482304.0
DEBUG 2025-11-30 11:42:31,263 autoreload File C:\Users\User\Downloads\pondok\payments\apps.py first seen with mtime 1763744957.2775214
DEBUG 2025-11-30 11:42:31,263 autoreload File C:\Users\User\AppData\Local\Programs\Python\Python310\Lib\email\mime\message.py first seen with mtime 1665482304.0
DEBUG 2025-11-30 11:42:31,263 autoreload File C:\Users\User\AppData\Local\Programs\Python\Python310\Lib\asyncio\exceptions.py first seen with mtime 1665482304.0
DEBUG 2025-11-30 11:42:31,263 autoreload File C:\Users\User\AppData\Local\Programs\Python\Python310\Lib\ipaddress.py first seen with mtime 1665482304.0
DEBUG 2025-11-30 11:42:31,264 autoreload File C:\Users\User\Downloads\pondok\users\apps.py first seen with mtime 1763744951.9295158
DEBUG 2025-11-30 11:42:31,264 autoreload File C:\Users\User\Downloads\pondok\venv\Lib\site-packages\reportlab\lib\geomutils.py first seen with mtime 1763751567.748908
DEBUG 2025-11-30 11:42:31,264 autoreload File C:\Users\User\AppData\Local\Programs\Python\Python310\Lib\contextlib.py first seen with mtime 1665482304.0
DEBUG 2025-11-30 11:42:31,264 autoreload File C:\Users\User\Downloads\pondok\venv\Lib\site-packages\django\core\handlers\__init__.py first seen with mtime 1763752053.0458593
DEBUG 2025-11-30 11:42:31,264 autoreload File C:\Users\User\Downloads\pondok\venv\Lib\site-packages\sqlparse\sql.py first seen with mtime 1763752045.3279386
DEBUG 2025-11-30 11:42:31,265 autoreload File C:\Users\User\AppData\Local\Programs\Python\Python310\Lib\asyncio\windows_utils.py first seen with mtime 1665482304.0
DEBUG 2025-11-30 11:42:31,265 autoreload File C:\Users\User\Downloads\pondok\venv\Lib\site-packages\sqlparse\filters\tokens.py first seen with mtime 1763752045.3378673
DEBUG 2025-11-30 11:42:31,265 autoreload File C:\Users\User\Downloads\pondok\venv\Lib\site-packages\django\utils\tree.py first seen with mtime 1763752053.4311655
DEBUG 2025-11-30 11:42:31,265 autoreload File C:\Users\User\Downloads\pondok\venv\Lib\site-packages\pygments\token.py first seen with mtime 1763746566.4686275
DEBUG 2025-11-30 11:42:31,265 autoreload File C:\Users\User\Downloads\pondok\venv\Lib\site-packages\django\db\backends\sqlite3\base.py first seen with mtime 1763752053.1547687
DEBUG 2025-11-30 11:42:31,265 autoreload File C:\Users\User\Downloads\pondok\venv\Lib\site-packages\django\contrib\auth\models.py first seen with mtime 1763752050.5272448
DEBUG 2025-11-30 11:42:31,266 autoreload File C:\Users\User\Downloads\pondok\venv\Lib\site-packages\django\template\defaulttags.py first seen with mtime 1763752053.3505497
DEBUG 2025-11-30 11:42:31,266 autoreload File C:\Users\User\Downloads\pondok\venv\Lib\site-packages\django\core\serializers\json.py first seen with mtime 1763752053.0929985
DEBUG 2025-11-30 11:42:31,266 autoreload File C:\Users\User\Downloads\pondok\venv\Lib\site-packages\django\db\models\functions\window.py first seen with mtime 1763752053.2211735
DEBUG 2025-11-30 11:42:31,266 autoreload File C:\Users\User\Downloads\pondok\venv\Lib\site-packages\reportlab\pdfbase\_fontdata_widths_timesroman.py first seen with mtime 1763751567.7904487
DEBUG 2025-11-30 11:42:31,266 autoreload File C:\Users\User\Downloads\pondok\venv\Lib\site-packages\django\db\backends\base\base.py first seen with mtime 1763752053.1091988
DEBUG 2025-11-30 11:42:31,266 autoreload File C:\Users\User\Downloads\pondok\venv\Lib\site-packages\django\views\defaults.py first seen with mtime 1763752053.4428465
DEBUG 2025-11-30 11:42:31,267 autoreload File C:\Users\User\Downloads\pondok\venv\Lib\site-packages\django\db\backends\signals.py first seen with mtime 1763752053.1051908
DEBUG 2025-11-30 11:42:31,267 autoreload File C:\Users\User\Downloads\pondok\venv\Lib\site-packages\asgiref\local.py first seen with mtime 1763752045.86293
DEBUG 2025-11-30 11:42:31,267 autoreload File C:\Users\User\Downloads\pondok\psb_pondok\urls.py first seen with mtime 1763913433.4046576
DEBUG 2025-11-30 11:42:31,267 autoreload File C:\Users\User\Downloads\pondok\venv\Lib\site-packages\django\contrib\contenttypes\admin.py first seen with mtime 1763752050.8103123
DEBUG 2025-11-30 11:42:31,267 autoreload File C:\Users\User\AppData\Local\Programs\Python\Python310\Lib\email\mime\multipart.py first seen with mtime 1665482304.0
DEBUG 2025-11-30 11:42:31,267 autoreload File C:\Users\User\AppData\Local\Programs\Python\Python310\Lib\encodings\aliases.py first seen with mtime 1665482304.0
DEBUG 2025-11-30 11:42:31,268 autoreload File C:\Users\User\AppData\Local\Programs\Python\Python310\Lib\importlib\resources.py first seen with mtime 1665482304.0
DEBUG 2025-11-30 11:42:31,268 autoreload File C:\Users\User\Downloads\pondok\venv\Lib\site-packages\django\contrib\auth\signals.py first seen with mtime 1763752050.5292435
DEBUG 2025-11-30 11:42:31,268 autoreload File C:\Users\User\Downloads\pondok\venv\Lib\site-packages\django_extensions\templatetags\highlighting.py first seen with mtime 1763746598.7307944
DEBUG 2025-11-30 11:42:31,268 autoreload File C:\Users\User\Downloads\pondok\venv\Lib\site-packages\django\contrib\staticfiles\apps.py first seen with mtime 1763752052.9686544
DEBUG 2025-11-30 11:42:31,268 autoreload File C:\Users\User\Downloads\pondok\venv\Lib\site-packages\sqlparse\utils.py first seen with mtime 1763752045.3299756
DEBUG 2025-11-30 11:42:31,268 autoreload File C:\Users\User\AppData\Local\Programs\Python\Python310\Lib\calendar.py first seen with mtime 1665482304.0
DEBUG 2025-11-30 11:42:31,269 autoreload File C:\Users\User\Downloads\pondok\venv\Lib\site-packages\django\utils\regex_helper.py first seen with mtime 1763752053.4236295
DEBUG 2025-11-30 11:42:31,269 autoreload File C:\Users\User\Downloads\pondok\venv\Lib\site-packages\django\contrib\admin\options.py first seen with mtime 1763752049.6177049
DEBUG 2025-11-30 11:42:31,269 autoreload File C:\Users\User\Downloads\pondok\venv\Lib\site-packages\reportlab\pdfgen\canvas.py first seen with mtime 1763751567.805724
DEBUG 2025-11-30 11:42:31,269 autoreload File C:\Users\User\AppData\Local\Programs\Python\Python310\Lib\inspect.py first seen with mtime 1665482304.0
DEBUG 2025-11-30 11:42:31,269 autoreload File C:\Users\User\Downloads\pondok\venv\Lib\site-packages\django\conf\locale\__init__.py first seen with mtime 1763752049.2462778
DEBUG 2025-11-30 11:42:31,270 autoreload File C:\Users\User\Downloads\pondok\venv\Lib\site-packages\pyphen\__init__.py first seen with mtime 1764179454.5164661
DEBUG 2025-11-30 11:42:31,270 autoreload File C:\Users\User\Downloads\pondok\venv\Lib\site-packages\sqlparse\engine\statement_splitter.py first seen with mtime 1763752045.332211
DEBUG 2025-11-30 11:42:31,270 autoreload File C:\Users\User\AppData\Local\Programs\Python\Python310\Lib\urllib\response.py first seen with mtime 1665482304.0
DEBUG 2025-11-30 11:42:31,270 autoreload File C:\Users\User\Downloads\pondok\venv\Lib\site-packages\django\db\backends\base\client.py first seen with mtime 1763752053.1101995
DEBUG 2025-11-30 11:42:31,270 autoreload File C:\Users\User\AppData\Local\Programs\Python\Python310\Lib\email\message.py first seen with mtime 1665482304.0
DEBUG 2025-11-30 11:42:31,270 autoreload File C:\Users\User\Downloads\pondok\venv\Lib\site-packages\django\contrib\contenttypes\models.py first seen with mtime 1763752050.8153386
DEBUG 2025-11-30 11:42:31,271 autoreload File C:\Users\User\Downloads\pondok\venv\Lib\site-packages\reportlab\__init__.py first seen with mtime 1763751567.6264756
DEBUG 2025-11-30 11:42:31,271 autoreload File C:\Users\User\Downloads\pondok\venv\Lib\site-packages\django\middleware\csrf.py first seen with mtime 1763752053.3385139
DEBUG 2025-11-30 11:42:31,271 autoreload File C:\Users\User\Downloads\pondok\psb_pondok\__init__.py first seen with mtime 1763744941.0017133
DEBUG 2025-11-30 11:42:31,271 autoreload File C:\Users\User\Downloads\pondok\venv\Lib\site-packages\pygments\formatters\html.py first seen with mtime 1763746566.476357
DEBUG 2025-11-30 11:42:31,271 autoreload File C:\Users\User\Downloads\pondok\venv\Lib\site-packages\django\urls\conf.py first seen with mtime 1763752053.3884814
DEBUG 2025-11-30 11:42:31,271 autoreload File C:\Users\User\AppData\Local\Programs\Python\Python310\Lib\asyncio\threads.py first seen with mtime 1665482304.0
DEBUG 2025-11-30 11:42:31,272 autoreload File C:\Users\User\AppData\Local\Programs\Python\Python310\Lib\locale.py first seen with mtime 1665482304.0
DEBUG 2025-11-30 11:42:31,272 autoreload File C:\Users\User\Downloads\pondok\venv\Lib\site-packages\reportlab\lib\enums.py first seen with mtime 1763751567.7443218
DEBUG 2025-11-30 11:42:31,272 autoreload File C:\Users\User\AppData\Local\Programs\Python\Python310\Lib\html\entities.py first seen with mtime 1665482304.0
DEBUG 2025-11-30 11:42:31,272 autoreload File C:\Users\User\Downloads\pondok\venv\Lib\site-packages\django\conf\urls\static.py first seen with mtime 1763752049.6080077
DEBUG 2025-11-30 11:42:31,272 autoreload File C:\Users\User\Downloads\pondok\venv\Lib\site-packages\django\utils\translation\__init__.py first seen with mtime 1763752053.4346714
DEBUG 2025-11-30 11:42:31,273 autoreload File C:\Users\User\AppData\Local\Programs\Python\Python310\Lib\asyncio\selector_events.py first seen with mtime 1665482304.0
DEBUG 2025-11-30 11:42:31,273 autoreload File C:\Users\User\Downloads\pondok\venv\Lib\site-packages\django\urls\resolvers.py first seen with mtime 1763752053.3925185
DEBUG 2025-11-30 11:42:31,273 autoreload File C:\Users\User\Downloads\pondok\venv\Lib\site-packages\django\db\models\options.py first seen with mtime 1763752053.192972
DEBUG 2025-11-30 11:42:31,273 autoreload File C:\Users\User\AppData\Local\Programs\Python\Python310\Lib\json\__init__.py first seen with mtime 1665482304.0
DEBUG 2025-11-30 11:42:31,273 autoreload File C:\Users\User\AppData\Local\Programs\Python\Python310\Lib\importlib\readers.py first seen with mtime 1665482304.0
DEBUG 2025-11-30 11:42:31,273 autoreload File C:\Users\User\Downloads\pondok\venv\Lib\site-packages\django\contrib\contenttypes\management\__init__.py first seen with mtime 1763752051.0448985
DEBUG 2025-11-30 11:42:31,274 autoreload File C:\Users\User\Downloads\pondok\venv\Lib\site-packages\django\db\backends\base\validation.py first seen with mtime 1763752053.1158366
DEBUG 2025-11-30 11:42:31,274 autoreload File C:\Users\User\Downloads\pondok\venv\Lib\site-packages\django\contrib\admin\checks.py first seen with mtime 1763752049.6120057
DEBUG 2025-11-30 11:42:31,274 autoreload File C:\Users\User\Downloads\pondok\venv\Lib\site-packages\django_filters\__init__.py first seen with mtime 1763746598.3495262
DEBUG 2025-11-30 11:42:31,274 autoreload File C:\Users\User\Downloads\pondok\venv\Lib\site-packages\django\utils\autoreload.py first seen with mtime 1763752053.3975463
DEBUG 2025-11-30 11:42:31,274 autoreload File C:\Users\User\Downloads\pondok\core\forms.py first seen with mtime 1763901866.3094137
DEBUG 2025-11-30 11:42:31,274 autoreload File C:\Users\User\Downloads\pondok\venv\Lib\site-packages\colorama\winterm.py first seen with mtime 1763746574.470433
DEBUG 2025-11-30 11:42:31,276 autoreload File C:\Users\User\Downloads\pondok\venv\Lib\site-packages\django\contrib\auth\__init__.py first seen with mtime 1763752050.5119748
DEBUG 2025-11-30 11:42:31,276 autoreload File C:\Users\User\Downloads\pondok\venv\Lib\site-packages\reportlab\pdfbase\_fontdata_widths_zapfdingbats.py first seen with mtime 1763751567.791517
DEBUG 2025-11-30 11:42:31,276 autoreload File C:\Users\User\Downloads\pondok\venv\Lib\site-packages\django\db\models\sql\query.py first seen with mtime 1763752053.2282243
DEBUG 2025-11-30 11:42:31,276 autoreload File C:\Users\User\AppData\Local\Programs\Python\Python310\Lib\importlib\metadata\_functools.py first seen with mtime 1665482304.0
DEBUG 2025-11-30 11:42:31,276 autoreload File C:\Users\User\Downloads\pondok\venv\Lib\site-packages\django\core\wsgi.py first seen with mtime 1763752052.9925358
DEBUG 2025-11-30 11:42:31,276 autoreload File C:\Users\User\Downloads\pondok\venv\Lib\site-packages\django\db\backends\sqlite3\operations.py first seen with mtime 1763752053.1598935
DEBUG 2025-11-30 11:42:31,276 autoreload File C:\Users\User\Downloads\pondok\venv\Lib\site-packages\reportlab\lib\boxstuff.py first seen with mtime 1763751567.7393816
DEBUG 2025-11-30 11:42:31,277 autoreload File C:\Users\User\AppData\Local\Programs\Python\Python310\Lib\site.py first seen with mtime 1665482304.0
DEBUG 2025-11-30 11:42:31,277 autoreload File C:\Users\User\AppData\Local\Programs\Python\Python310\Lib\importlib\metadata\_adapters.py first seen with mtime 1665482304.0
DEBUG 2025-11-30 11:42:31,277 autoreload File C:\Users\User\Downloads\pondok\venv\Lib\site-packages\django\core\checks\registry.py first seen with mtime 1763752053.0186436
DEBUG 2025-11-30 11:42:31,277 autoreload File C:\Users\User\Downloads\pondok\venv\Lib\site-packages\reportlab\rl_settings.py first seen with mtime 1763751567.6274803
DEBUG 2025-11-30 11:42:31,277 autoreload File C:\Users\User\Downloads\pondok\venv\Lib\site-packages\django\db\migrations\operations\fields.py first seen with mtime 1763752053.1779616
DEBUG 2025-11-30 11:42:31,277 autoreload File C:\Users\User\AppData\Local\Programs\Python\Python310\Lib\shutil.py first seen with mtime 1665482304.0
DEBUG 2025-11-30 11:42:31,277 autoreload File C:\Users\User\AppData\Local\Programs\Python\Python310\Lib\getpass.py first seen with mtime 1665482304.0
DEBUG 2025-11-30 11:42:31,278 autoreload File C:\Users\User\AppData\Local\Programs\Python\Python310\Lib\email\base64mime.py first seen with mtime 1665482304.0
DEBUG 2025-11-30 11:42:31,278 autoreload File C:\Users\User\AppData\Local\Programs\Python\Python310\Lib\zoneinfo\_tzpath.py first seen with mtime 1665482304.0
DEBUG 2025-11-30 11:42:31,278 autoreload File C:\Users\User\Downloads\pondok\venv\Lib\site-packages\django\core\management\commands\runserver.py first seen with mtime 1763752053.0792139
DEBUG 2025-11-30 11:42:31,278 autoreload File C:\Users\User\Downloads\pondok\venv\Lib\site-packages\pygments\styles\_mapping.py first seen with mtime 1763746566.6892948
DEBUG 2025-11-30 11:42:31,278 autoreload File C:\Users\User\AppData\Local\Programs\Python\Python310\Lib\asyncio\trsock.py first seen with mtime 1665482304.0
DEBUG 2025-11-30 11:42:31,278 autoreload File C:\Users\User\Downloads\pondok\venv\Lib\site-packages\django\db\models\functions\comparison.py first seen with mtime 1763752053.216174
DEBUG 2025-11-30 11:42:31,278 autoreload File C:\Users\User\AppData\Local\Programs\Python\Python310\Lib\lzma.py first seen with mtime 1665482304.0
DEBUG 2025-11-30 11:42:31,280 autoreload File C:\Users\User\Downloads\pondok\venv\Lib\site-packages\django\contrib\admin\utils.py first seen with mtime 1763752049.6207042
DEBUG 2025-11-30 11:42:31,280 autoreload File C:\Users\User\Downloads\pondok\venv\Lib\site-packages\django_filters\utils.py first seen with mtime 1763746598.3542056
DEBUG 2025-11-30 11:42:31,280 autoreload File C:\Users\User\AppData\Local\Programs\Python\Python310\DLLs\_asyncio.pyd first seen with mtime 1665482366.0
DEBUG 2025-11-30 11:42:31,280 autoreload File C:\Users\User\AppData\Local\Programs\Python\Python310\Lib\sre_parse.py first seen with mtime 1665482304.0
DEBUG 2025-11-30 11:42:31,280 autoreload File C:\Users\User\AppData\Local\Programs\Python\Python310\Lib\queue.py first seen with mtime 1665482304.0
DEBUG 2025-11-30 11:42:31,281 autoreload File C:\Users\User\Downloads\pondok\venv\Lib\site-packages\django\contrib\__init__.py first seen with mtime 1763752049.609007
DEBUG 2025-11-30 11:42:31,281 autoreload File C:\Users\User\Downloads\pondok\venv\Lib\site-packages\asgiref\__init__.py first seen with mtime 1763752045.8619294
DEBUG 2025-11-30 11:42:31,281 autoreload File C:\Users\User\Downloads\pondok\venv\Lib\site-packages\django\contrib\staticfiles\management\__init__.py first seen with mtime 1763752052.97758
DEBUG 2025-11-30 11:42:31,281 autoreload File C:\Users\User\AppData\Local\Programs\Python\Python310\Lib\argparse.py first seen with mtime 1665482304.0
DEBUG 2025-11-30 11:42:31,281 autoreload File C:\Users\User\Downloads\pondok\venv\Lib\site-packages\django\core\files\locks.py first seen with mtime 1763752053.032704
DEBUG 2025-11-30 11:42:31,281 autoreload File C:\Users\User\Downloads\pondok\venv\Lib\site-packages\reportlab\pdfbase\_fontdata_widths_courierbold.py first seen with mtime 1763751567.7791169
DEBUG 2025-11-30 11:42:31,282 autoreload File C:\Users\User\Downloads\pondok\blog\urls.py first seen with mtime 1763754000.576024
DEBUG 2025-11-30 11:42:31,282 autoreload File C:\Users\User\AppData\Local\Programs\Python\Python310\Lib\graphlib.py first seen with mtime 1665482304.0
DEBUG 2025-11-30 11:42:31,282 autoreload File C:\Users\User\Downloads\pondok\venv\Lib\site-packages\django\contrib\contenttypes\__init__.py first seen with mtime 1763752050.8093133
DEBUG 2025-11-30 11:42:31,282 autoreload File C:\Users\User\Downloads\pondok\venv\Lib\site-packages\django_extensions\templatetags\__init__.py first seen with mtime 1763746598.72877
DEBUG 2025-11-30 11:42:31,282 autoreload File C:\Users\User\Downloads\pondok\venv\Lib\site-packages\django\templatetags\l10n.py first seen with mtime 1763752053.3734763
DEBUG 2025-11-30 11:42:31,283 autoreload File C:\Users\User\AppData\Local\Programs\Python\Python310\Lib\email\encoders.py first seen with mtime 1665482304.0
DEBUG 2025-11-30 11:42:31,283 autoreload File C:\Users\User\Downloads\pondok\venv\Lib\site-packages\django\core\checks\__init__.py first seen with mtime 1763752053.0045714
DEBUG 2025-11-30 11:42:31,283 autoreload File C:\Users\User\Downloads\pondok\venv\Lib\site-packages\django\contrib\sessions\models.py first seen with mtime 1763752052.4535046
DEBUG 2025-11-30 11:42:31,283 autoreload File C:\Users\User\Downloads\pondok\venv\Lib\site-packages\django\contrib\messages\__init__.py first seen with mtime 1763752051.9810615
DEBUG 2025-11-30 11:42:31,283 autoreload File C:\Users\User\Downloads\pondok\venv\Lib\site-packages\django\utils\formats.py first seen with mtime 1763752053.4125867
DEBUG 2025-11-30 11:42:31,283 autoreload File C:\Users\User\AppData\Local\Programs\Python\Python310\Lib\importlib\_adapters.py first seen with mtime 1665482304.0
DEBUG 2025-11-30 11:42:31,284 autoreload File C:\Users\User\AppData\Local\Programs\Python\Python310\Lib\multiprocessing\process.py first seen with mtime 1665482304.0
DEBUG 2025-11-30 11:42:31,284 autoreload File C:\Users\User\Downloads\pondok\core\templatetags\__init__.py first seen with mtime 1764222917.640781
DEBUG 2025-11-30 11:42:31,284 autoreload File C:\Users\User\Downloads\pondok\venv\Lib\site-packages\django\utils\_os.py first seen with mtime 1763752053.3950295
DEBUG 2025-11-30 11:42:31,284 autoreload File C:\Users\User\Downloads\pondok\venv\Lib\site-packages\django\core\checks\model_checks.py first seen with mtime 1763752053.0166323
DEBUG 2025-11-30 11:42:31,285 autoreload File C:\Users\User\Downloads\pondok\venv\Lib\site-packages\django\contrib\auth\hashers.py first seen with mtime 1763752050.5246968
DEBUG 2025-11-30 11:42:31,285 autoreload File C:\Users\User\AppData\Local\Programs\Python\Python310\Lib\http\client.py first seen with mtime 1665482304.0
DEBUG 2025-11-30 11:42:31,285 autoreload File C:\Users\User\Downloads\pondok\venv\Lib\site-packages\django\core\files\storage\filesystem.py first seen with mtime 1763752053.0412276
DEBUG 2025-11-30 11:42:31,285 autoreload File C:\Users\User\AppData\Local\Programs\Python\Python310\Lib\asyncio\base_subprocess.py first seen with mtime 1665482304.0
DEBUG 2025-11-30 11:42:31,285 autoreload File C:\Users\User\Downloads\pondok\venv\Lib\site-packages\reportlab\pdfbase\pdfutils.py first seen with mtime 1763751567.8000524
DEBUG 2025-11-30 11:42:31,285 autoreload File C:\Users\User\AppData\Local\Programs\Python\Python310\Lib\email\_encoded_words.py first seen with mtime 1665482304.0
DEBUG 2025-11-30 11:42:31,286 autoreload File C:\Users\User\Downloads\pondok\venv\Lib\site-packages\django\contrib\humanize\apps.py first seen with mtime 1763752051.7432399
DEBUG 2025-11-30 11:42:31,286 autoreload File C:\Users\User\Downloads\pondok\venv\Lib\site-packages\django\forms\formsets.py first seen with mtime 1763752053.2392616
DEBUG 2025-11-30 11:42:31,286 autoreload File C:\Users\User\Downloads\pondok\venv\Lib\site-packages\django\core\checks\caches.py first seen with mtime 1763752053.0065103
DEBUG 2025-11-30 11:42:31,286 autoreload File C:\Users\User\AppData\Local\Programs\Python\Python310\Lib\encodings\cp1252.py first seen with mtime 1665482304.0
DEBUG 2025-11-30 11:42:31,286 autoreload File C:\Users\User\Downloads\pondok\admissions\admin.py first seen with mtime 1763745278.2624967
DEBUG 2025-11-30 11:42:31,287 autoreload File C:\Users\User\Downloads\pondok\venv\Lib\site-packages\django\db\models\fields\__init__.py first seen with mtime 1763752053.1996255
DEBUG 2025-11-30 11:42:31,287 autoreload File C:\Users\User\Downloads\pondok\venv\Lib\site-packages\django_extensions\models.py first seen with mtime 1763746598.6220088
DEBUG 2025-11-30 11:42:31,287 autoreload File C:\Users\User\Downloads\pondok\venv\Lib\site-packages\django\utils\text.py first seen with mtime 1763752053.4281647
DEBUG 2025-11-30 11:42:31,287 autoreload File C:\Users\User\Downloads\pondok\venv\Lib\site-packages\django\contrib\auth\apps.py first seen with mtime 1763752050.5154648
DEBUG 2025-11-30 11:42:31,287 autoreload File C:\Users\User\Downloads\pondok\venv\Lib\site-packages\pygments\__init__.py first seen with mtime 1763746566.4585993
DEBUG 2025-11-30 11:42:31,287 autoreload File C:\Users\User\Downloads\pondok\core\admin.py first seen with mtime 1764219297.056036
DEBUG 2025-11-30 11:42:31,287 autoreload File C:\Users\User\Downloads\pondok\venv\Lib\site-packages\django\core\cache\__init__.py first seen with mtime 1763752052.9935367
DEBUG 2025-11-30 11:42:31,287 autoreload File C:\Users\User\Downloads\pondok\venv\Lib\site-packages\reportlab\pdfbase\_fontdata_widths_courierboldoblique.py first seen with mtime 1763751567.7801168
DEBUG 2025-11-30 11:42:31,287 autoreload File C:\Users\User\Downloads\pondok\venv\Lib\site-packages\django\http\__init__.py first seen with mtime 1763752053.3304915
DEBUG 2025-11-30 11:42:31,288 autoreload File C:\Users\User\Downloads\pondok\venv\Lib\site-packages\django\contrib\admin\templatetags\log.py first seen with mtime 1763752050.2464547
DEBUG 2025-11-30 11:42:31,288 autoreload File C:\Users\User\Downloads\pondok\venv\Lib\site-packages\django\middleware\security.py first seen with mtime 1763752053.3435178
DEBUG 2025-11-30 11:42:31,288 autoreload File C:\Users\User\Downloads\pondok\venv\Lib\site-packages\django\contrib\auth\views.py first seen with mtime 1763752050.5332437
DEBUG 2025-11-30 11:42:31,288 autoreload File C:\Users\User\Downloads\pondok\venv\Lib\site-packages\django\views\decorators\common.py first seen with mtime 1763752053.4478815
DEBUG 2025-11-30 11:42:31,288 autoreload File C:\Users\User\Downloads\pondok\venv\Lib\site-packages\django_summernote\widgets.py first seen with mtime 1763750129.7973273
DEBUG 2025-11-30 11:42:31,288 autoreload File C:\Users\User\AppData\Local\Programs\Python\Python310\Lib\urllib\parse.py first seen with mtime 1665482304.0
DEBUG 2025-11-30 11:42:31,289 autoreload File C:\Users\User\AppData\Local\Programs\Python\Python310\Lib\posixpath.py first seen with mtime 1665482304.0
DEBUG 2025-11-30 11:42:31,289 autoreload File C:\Users\User\Downloads\pondok\venv\Lib\site-packages\reportlab\lib\fonts.py first seen with mtime 1763751567.7469027
DEBUG 2025-11-30 11:42:31,289 autoreload File C:\Users\User\AppData\Local\Programs\Python\Python310\DLLs\select.pyd first seen with mtime 1665482366.0
DEBUG 2025-11-30 11:42:31,289 autoreload File C:\Users\User\Downloads\pondok\venv\Lib\site-packages\django\template\loaders\cached.py first seen with mtime 1763752053.3676033
DEBUG 2025-11-30 11:42:31,289 autoreload File C:\Users\User\Downloads\pondok\venv\Lib\site-packages\django\conf\urls\__init__.py first seen with mtime 1763752049.6059978
DEBUG 2025-11-30 11:42:31,290 autoreload File C:\Users\User\Downloads\pondok\venv\Lib\site-packages\django\utils\termcolors.py first seen with mtime 1763752053.4271653
DEBUG 2025-11-30 11:42:31,290 autoreload File C:\Users\User\Downloads\pondok\venv\Lib\site-packages\django\core\handlers\asgi.py first seen with mtime 1763752053.0472617
DEBUG 2025-11-30 11:42:31,290 autoreload File C:\Users\User\AppData\Local\Programs\Python\Python310\Lib\ssl.py first seen with mtime 1665482304.0
DEBUG 2025-11-30 11:42:31,290 autoreload File C:\Users\User\AppData\Local\Programs\Python\Python310\Lib\asyncio\base_events.py first seen with mtime 1665482304.0
DEBUG 2025-11-30 11:42:31,290 autoreload File C:\Users\User\Downloads\pondok\venv\Lib\site-packages\django\contrib\sessions\base_session.py first seen with mtime 1763752052.4505024
DEBUG 2025-11-30 11:42:31,290 autoreload File C:\Users\User\Downloads\pondok\venv\Lib\site-packages\PIL\_deprecate.py first seen with mtime 1763746572.535338
DEBUG 2025-11-30 11:42:31,291 autoreload File C:\Users\User\AppData\Local\Programs\Python\Python310\Lib\fractions.py first seen with mtime 1665482304.0
DEBUG 2025-11-30 11:42:31,291 autoreload File C:\Users\User\AppData\Local\Programs\Python\Python310\Lib\mimetypes.py first seen with mtime 1665482304.0
DEBUG 2025-11-30 11:42:31,291 autoreload File C:\Users\User\Downloads\pondok\venv\Lib\site-packages\django\forms\utils.py first seen with mtime 1763752053.2432303
DEBUG 2025-11-30 11:42:31,291 autoreload File C:\Users\User\Downloads\pondok\venv\Lib\site-packages\django\utils\dateformat.py first seen with mtime 1763752053.403546
DEBUG 2025-11-30 11:42:31,292 autoreload File C:\Users\User\Downloads\pondok\venv\Lib\site-packages\sqlparse\filters\output.py first seen with mtime 1763752045.335371
DEBUG 2025-11-30 11:42:31,292 autoreload File C:\Users\User\Downloads\pondok\venv\Lib\site-packages\django\template\loaders\filesystem.py first seen with mtime 1763752053.3690672
DEBUG 2025-11-30 11:42:31,292 autoreload File C:\Users\User\Downloads\pondok\venv\Lib\site-packages\django\contrib\admin\templatetags\admin_modify.py first seen with mtime 1763752050.2434306
DEBUG 2025-11-30 11:42:31,292 autoreload File C:\Users\User\Downloads\pondok\venv\Lib\site-packages\django_extensions\templatetags\widont.py first seen with mtime 1763746598.7327938
DEBUG 2025-11-30 11:42:31,293 autoreload File C:\Users\User\AppData\Local\Programs\Python\Python310\Lib\string.py first seen with mtime 1665482304.0
DEBUG 2025-11-30 11:42:31,293 autoreload File C:\Users\User\Downloads\pondok\venv\Lib\site-packages\django\contrib\messages\apps.py first seen with mtime 1763752051.9830604
DEBUG 2025-11-30 11:42:31,293 autoreload File C:\Users\User\AppData\Local\Programs\Python\Python310\Lib\hmac.py first seen with mtime 1665482304.0
DEBUG 2025-11-30 11:42:31,293 autoreload File C:\Users\User\Downloads\pondok\venv\Lib\site-packages\pygments\styles\__init__.py first seen with mtime 1763746566.6882946
DEBUG 2025-11-30 11:42:31,294 autoreload File C:\Users\User\AppData\Local\Programs\Python\Python310\Lib\uuid.py first seen with mtime 1665482304.0
DEBUG 2025-11-30 11:42:31,294 autoreload File C:\Users\User\AppData\Local\Programs\Python\Python310\DLLs\_ssl.pyd first seen with mtime 1665482364.0
DEBUG 2025-11-30 11:42:31,294 autoreload File C:\Users\User\Downloads\pondok\venv\Lib\site-packages\reportlab\pdfgen\pathobject.py first seen with mtime 1763751567.8067794
DEBUG 2025-11-30 11:42:31,294 autoreload File C:\Users\User\Downloads\pondok\venv\Lib\site-packages\django\contrib\admin\views\main.py first seen with mtime 1763752050.2504542
DEBUG 2025-11-30 11:42:31,294 autoreload File C:\Users\User\Downloads\pondok\venv\Lib\site-packages\django\contrib\auth\management\__init__.py first seen with mtime 1763752050.7877402
DEBUG 2025-11-30 11:42:31,294 autoreload File C:\Users\User\Downloads\pondok\venv\Lib\site-packages\reportlab\platypus\flowables.py first seen with mtime 1763751567.814097
DEBUG 2025-11-30 11:42:31,294 autoreload File C:\Users\User\Downloads\pondok\venv\Lib\site-packages\django\core\serializers\__init__.py first seen with mtime 1763752053.0909991
DEBUG 2025-11-30 11:42:31,296 autoreload File C:\Users\User\AppData\Local\Programs\Python\Python310\Lib\concurrent\futures\_base.py first seen with mtime 1665482304.0
DEBUG 2025-11-30 11:42:31,296 autoreload File C:\Users\User\Downloads\pondok\venv\Lib\site-packages\django\contrib\admin\views\__init__.py first seen with mtime 1763752050.247455
DEBUG 2025-11-30 11:42:31,296 autoreload File C:\Users\User\Downloads\pondok\venv\Lib\site-packages\django\core\checks\templates.py first seen with mtime 1763752053.0186436
DEBUG 2025-11-30 11:42:31,296 autoreload File C:\Users\User\Downloads\pondok\venv\Lib\site-packages\django_extensions\__init__.py first seen with mtime 1763746598.619009
DEBUG 2025-11-30 11:42:31,296 autoreload File C:\Users\User\Downloads\pondok\venv\Lib\site-packages\reportlab\platypus\paragraph.py first seen with mtime 1763751567.8191285
DEBUG 2025-11-30 11:42:31,297 autoreload File C:\Users\User\Downloads\pondok\venv\lib\site-packages\django_summernote\templates\django_summernote first seen with mtime 1763750129.8588538
DEBUG 2025-11-30 11:42:31,297 autoreload File C:\Users\User\Downloads\pondok\venv\lib\site-packages\django_summernote\templates\django_summernote\upload_attachment.json first seen with mtime 1763750129.8566442
DEBUG 2025-11-30 11:42:31,298 autoreload File C:\Users\User\Downloads\pondok\venv\lib\site-packages\django_summernote\templates\django_summernote\widget_common.html first seen with mtime 1763750129.8578537
DEBUG 2025-11-30 11:42:31,298 autoreload File C:\Users\User\Downloads\pondok\venv\lib\site-packages\django_summernote\templates\django_summernote\widget_iframe.html first seen with mtime 1763750129.8578537
DEBUG 2025-11-30 11:42:31,298 autoreload File C:\Users\User\Downloads\pondok\venv\lib\site-packages\django_summernote\templates\django_summernote\widget_iframe_editor.html first seen with mtime 1763750129.8588538
DEBUG 2025-11-30 11:42:31,298 autoreload File C:\Users\User\Downloads\pondok\venv\lib\site-packages\django_summernote\templates\django_summernote\widget_inplace.html first seen with mtime 1763750129.8588538
DEBUG 2025-11-30 11:42:31,299 autoreload File C:\Users\User\Downloads\pondok\venv\lib\site-packages\django_extensions\templates\django_extensions first seen with mtime 1763746598.72772
DEBUG 2025-11-30 11:42:31,299 autoreload File C:\Users\User\Downloads\pondok\venv\lib\site-packages\django_extensions\templates\django_extensions\graph_models first seen with mtime 1763746598.726118
DEBUG 2025-11-30 11:42:31,299 autoreload File C:\Users\User\Downloads\pondok\venv\lib\site-packages\django_extensions\templates\django_extensions\widgets first seen with mtime 1763746598.72772
DEBUG 2025-11-30 11:42:31,300 autoreload File C:\Users\User\Downloads\pondok\venv\lib\site-packages\django_extensions\templates\django_extensions\graph_models\django2018 first seen with mtime 1763746598.723117
DEBUG 2025-11-30 11:42:31,300 autoreload File C:\Users\User\Downloads\pondok\venv\lib\site-packages\django_extensions\templates\django_extensions\graph_models\django2018style first seen with mtime 1763746598.7251225
DEBUG 2025-11-30 11:42:31,300 autoreload File C:\Users\User\Downloads\pondok\venv\lib\site-packages\django_extensions\templates\django_extensions\graph_models\original first seen with mtime 1763746598.72772
DEBUG 2025-11-30 11:42:31,300 autoreload File C:\Users\User\Downloads\pondok\venv\lib\site-packages\django_extensions\templates\django_extensions\graph_models\django2018\digraph.dot first seen with mtime 1763746598.7218864
DEBUG 2025-11-30 11:42:31,301 autoreload File C:\Users\User\Downloads\pondok\venv\lib\site-packages\django_extensions\templates\django_extensions\graph_models\django2018\label.dot first seen with mtime 1763746598.723117
DEBUG 2025-11-30 11:42:31,301 autoreload File C:\Users\User\Downloads\pondok\venv\lib\site-packages\django_extensions\templates\django_extensions\graph_models\django2018\relation.dot first seen with mtime 1763746598.723117
DEBUG 2025-11-30 11:42:31,301 autoreload File C:\Users\User\Downloads\pondok\venv\lib\site-packages\django_extensions\templates\django_extensions\graph_models\django2018style\digraph.dot first seen with mtime 1763746598.7241173
DEBUG 2025-11-30 11:42:31,301 autoreload File C:\Users\User\Downloads\pondok\venv\lib\site-packages\django_extensions\templates\django_extensions\graph_models\django2018style\label.dot first seen with mtime 1763746598.7251225
DEBUG 2025-11-30 11:42:31,301 autoreload File C:\Users\User\Downloads\pondok\venv\lib\site-packages\django_extensions\templates\django_extensions\graph_models\django2018style\relation.dot first seen with mtime 1763746598.7251225
DEBUG 2025-11-30 11:42:31,302 autoreload File C:\Users\User\Downloads\pondok\venv\lib\site-packages\django_extensions\templates\django_extensions\graph_models\original\digraph.dot first seen with mtime 1763746598.726118
DEBUG 2025-11-30 11:42:31,302 autoreload File C:\Users\User\Downloads\pondok\venv\lib\site-packages\django_extensions\templates\django_extensions\graph_models\original\label.dot first seen with mtime 1763746598.7271216
DEBUG 2025-11-30 11:42:31,302 autoreload File C:\Users\User\Downloads\pondok\venv\lib\site-packages\django_extensions\templates\django_extensions\graph_models\original\relation.dot first seen with mtime 1763746598.72772
DEBUG 2025-11-30 11:42:31,302 autoreload File C:\Users\User\Downloads\pondok\venv\lib\site-packages\django_extensions\templates\django_extensions\widgets\foreignkey_searchinput.html first seen with mtime 1763746598.72877
DEBUG 2025-11-30 11:42:31,303 autoreload File C:\Users\User\Downloads\pondok\templates\admin-panel first seen with mtime 1763912998.2280385
DEBUG 2025-11-30 11:42:31,303 autoreload File C:\Users\User\Downloads\pondok\templates\public first seen with mtime 1764229630.570127
DEBUG 2025-11-30 11:42:31,303 autoreload File C:\Users\User\Downloads\pondok\templates\users first seen with mtime 1764277646.1576557
DEBUG 2025-11-30 11:42:31,304 autoreload File C:\Users\User\Downloads\pondok\templates\admin-panel\base.html first seen with mtime 1764219478.8352973
DEBUG 2025-11-30 11:42:31,304 autoreload File C:\Users\User\Downloads\pondok\templates\admin-panel\blog first seen with mtime 1763756521.1056106
DEBUG 2025-11-30 11:42:31,304 autoreload File C:\Users\User\Downloads\pondok\templates\admin-panel\core first seen with mtime 1763894027.3235173
DEBUG 2025-11-30 11:42:31,304 autoreload File C:\Users\User\Downloads\pondok\templates\admin-panel\index.html first seen with mtime 1763758812.746669
DEBUG 2025-11-30 11:42:31,305 autoreload File C:\Users\User\Downloads\pondok\templates\admin-panel\keuangan first seen with mtime 1763787444.3892975
DEBUG 2025-11-30 11:42:31,305 autoreload File C:\Users\User\Downloads\pondok\templates\admin-panel\pembayaran first seen with mtime 1763748006.2731514
DEBUG 2025-11-30 11:42:31,305 autoreload File C:\Users\User\Downloads\pondok\templates\admin-panel\santri first seen with mtime 1764218657.1105275
DEBUG 2025-11-30 11:42:31,305 autoreload File C:\Users\User\Downloads\pondok\templates\admin-panel\settings first seen with mtime 1764219228.2096589
DEBUG 2025-11-30 11:42:31,306 autoreload File C:\Users\User\Downloads\pondok\templates\admin-panel\staff first seen with mtime 1763868302.4616177
DEBUG 2025-11-30 11:42:31,306 autoreload File C:\Users\User\Downloads\pondok\templates\admin-panel\tenaga-pengajar first seen with mtime 1763908231.8321702
DEBUG 2025-11-30 11:42:31,306 autoreload File C:\Users\User\Downloads\pondok\templates\admin-panel\tools first seen with mtime 1763913905.5681448
DEBUG 2025-11-30 11:42:31,306 autoreload File C:\Users\User\Downloads\pondok\templates\admin-panel\users first seen with mtime 1763866125.2960858
DEBUG 2025-11-30 11:42:31,306 autoreload File C:\Users\User\Downloads\pondok\templates\admin-panel\blog\category_list.html first seen with mtime 1763756036.9704561
DEBUG 2025-11-30 11:42:31,307 autoreload File C:\Users\User\Downloads\pondok\templates\admin-panel\blog\delete_confirm.html first seen with mtime 1763750893.5933561
DEBUG 2025-11-30 11:42:31,307 autoreload File C:\Users\User\Downloads\pondok\templates\admin-panel\blog\detail.html first seen with mtime 1763884481.727071
DEBUG 2025-11-30 11:42:31,307 autoreload File C:\Users\User\Downloads\pondok\templates\admin-panel\blog\form.html first seen with mtime 1763884481.727071
DEBUG 2025-11-30 11:42:31,307 autoreload File C:\Users\User\Downloads\pondok\templates\admin-panel\blog\list.html first seen with mtime 1763759770.8241048
DEBUG 2025-11-30 11:42:31,307 autoreload File C:\Users\User\Downloads\pondok\templates\admin-panel\blog\pengumuman_list.html first seen with mtime 1763760038.425172
DEBUG 2025-11-30 11:42:31,308 autoreload File C:\Users\User\Downloads\pondok\templates\admin-panel\blog\tag_list.html first seen with mtime 1763756036.9704561
DEBUG 2025-11-30 11:42:31,308 autoreload File C:\Users\User\Downloads\pondok\templates\admin-panel\blog\testimoni_list.html first seen with mtime 1763759770.8337035
DEBUG 2025-11-30 11:42:31,308 autoreload File C:\Users\User\Downloads\pondok\templates\admin-panel\core\alur_pendaftaran_list.html first seen with mtime 1763794079.7392638
DEBUG 2025-11-30 11:42:31,309 autoreload File C:\Users\User\Downloads\pondok\templates\admin-panel\core\biaya_pendidikan_list.html first seen with mtime 1763794831.53693
DEBUG 2025-11-30 11:42:31,309 autoreload File C:\Users\User\Downloads\pondok\templates\admin-panel\core\contact_person_list.html first seen with mtime 1763761656.580018
DEBUG 2025-11-30 11:42:31,309 autoreload File C:\Users\User\Downloads\pondok\templates\admin-panel\core\dokumentasi_list.html first seen with mtime 1763895540.294514
DEBUG 2025-11-30 11:42:31,309 autoreload File C:\Users\User\Downloads\pondok\templates\admin-panel\core\ekstrakurikuler_list.html first seen with mtime 1763893387.5095527
DEBUG 2025-11-30 11:42:31,309 autoreload File C:\Users\User\Downloads\pondok\templates\admin-panel\core\faq_list.html first seen with mtime 1763796713.4313161
DEBUG 2025-11-30 11:42:31,310 autoreload File C:\Users\User\Downloads\pondok\templates\admin-panel\core\fasilitas_list.html first seen with mtime 1763761656.5765662
DEBUG 2025-11-30 11:42:31,310 autoreload File C:\Users\User\Downloads\pondok\templates\admin-panel\core\hero_section_list.html first seen with mtime 1763806885.4116611
DEBUG 2025-11-30 11:42:31,310 autoreload File C:\Users\User\Downloads\pondok\templates\admin-panel\core\jadwal_harian_list.html first seen with mtime 1763796713.4323173
DEBUG 2025-11-30 11:42:31,310 autoreload File C:\Users\User\Downloads\pondok\templates\admin-panel\core\kmi_form.html first seen with mtime 1763795112.4272206
DEBUG 2025-11-30 11:42:31,311 autoreload File C:\Users\User\Downloads\pondok\templates\admin-panel\core\kontak_form.html first seen with mtime 1763755260.045317
DEBUG 2025-11-30 11:42:31,311 autoreload File C:\Users\User\Downloads\pondok\templates\admin-panel\core\kontak_list.html first seen with mtime 1763761973.2850382
DEBUG 2025-11-30 11:42:31,311 autoreload File C:\Users\User\Downloads\pondok\templates\admin-panel\core\media_list.html first seen with mtime 1763884481.705338
DEBUG 2025-11-30 11:42:31,311 autoreload File C:\Users\User\Downloads\pondok\templates\admin-panel\core\persyaratan_list.html first seen with mtime 1763796043.5502832
DEBUG 2025-11-30 11:42:31,312 autoreload File C:\Users\User\Downloads\pondok\templates\admin-panel\core\program_form.html first seen with mtime 1763754000.5778296
DEBUG 2025-11-30 11:42:31,312 autoreload File C:\Users\User\Downloads\pondok\templates\admin-panel\core\program_list.html first seen with mtime 1764038974.1366322
DEBUG 2025-11-30 11:42:31,312 autoreload File C:\Users\User\Downloads\pondok\templates\admin-panel\core\program_pendidikan_list.html first seen with mtime 1763892808.6886878
DEBUG 2025-11-30 11:42:31,312 autoreload File C:\Users\User\Downloads\pondok\templates\admin-panel\core\sejarah_timeline_list.html first seen with mtime 1763820469.5481164
DEBUG 2025-11-30 11:42:31,312 autoreload File C:\Users\User\Downloads\pondok\templates\admin-panel\core\seragam_list.html first seen with mtime 1763797336.2629879
DEBUG 2025-11-30 11:42:31,313 autoreload File C:\Users\User\Downloads\pondok\templates\admin-panel\core\social_media_list.html first seen with mtime 1763884481.728078
DEBUG 2025-11-30 11:42:31,313 autoreload File C:\Users\User\Downloads\pondok\templates\admin-panel\core\statistik_list.html first seen with mtime 1763823508.5926964
DEBUG 2025-11-30 11:42:31,313 autoreload File C:\Users\User\Downloads\pondok\templates\admin-panel\core\visi_misi_form.html first seen with mtime 1763793499.011457
DEBUG 2025-11-30 11:42:31,313 autoreload File C:\Users\User\Downloads\pondok\templates\admin-panel\core\whatsapp_broadcast.html first seen with mtime 1764222385.724699
DEBUG 2025-11-30 11:42:31,313 autoreload File C:\Users\User\Downloads\pondok\templates\admin-panel\core\whatsapp_broadcast_result.html first seen with mtime 1763755260.045317
DEBUG 2025-11-30 11:42:31,314 autoreload File C:\Users\User\Downloads\pondok\templates\admin-panel\core\whatsapp_template_form.html first seen with mtime 1763898963.81134
DEBUG 2025-11-30 11:42:31,314 autoreload File C:\Users\User\Downloads\pondok\templates\admin-panel\core\whatsapp_template_list.html first seen with mtime 1763898963.81134
DEBUG 2025-11-30 11:42:31,314 autoreload File C:\Users\User\Downloads\pondok\templates\admin-panel\keuangan\bank_list.html first seen with mtime 1763787473.0268984
DEBUG 2025-11-30 11:42:31,314 autoreload File C:\Users\User\Downloads\pondok\templates\admin-panel\keuangan\dashboard.html first seen with mtime 1763759252.9143884
DEBUG 2025-11-30 11:42:31,315 autoreload File C:\Users\User\Downloads\pondok\templates\admin-panel\pembayaran\detail.html first seen with mtime 1763758812.7456698
DEBUG 2025-11-30 11:42:31,315 autoreload File C:\Users\User\Downloads\pondok\templates\admin-panel\pembayaran\list.html first seen with mtime 1763759088.0048707
DEBUG 2025-11-30 11:42:31,315 autoreload File C:\Users\User\Downloads\pondok\templates\admin-panel\pembayaran\verify.html first seen with mtime 1763749472.394269
DEBUG 2025-11-30 11:42:31,316 autoreload File C:\Users\User\Downloads\pondok\templates\admin-panel\santri\detail.html first seen with mtime 1764277876.7809474
DEBUG 2025-11-30 11:42:31,316 autoreload File C:\Users\User\Downloads\pondok\templates\admin-panel\santri\dokumen_list.html first seen with mtime 1763793356.5618591
DEBUG 2025-11-30 11:42:31,316 autoreload File C:\Users\User\Downloads\pondok\templates\admin-panel\santri\form.html first seen with mtime 1764277876.7819512
DEBUG 2025-11-30 11:42:31,316 autoreload File C:\Users\User\Downloads\pondok\templates\admin-panel\santri\import.html first seen with mtime 1763751769.8689103
DEBUG 2025-11-30 11:42:31,316 autoreload File C:\Users\User\Downloads\pondok\templates\admin-panel\santri\list.html first seen with mtime 1764220536.19146
DEBUG 2025-11-30 11:42:31,316 autoreload File C:\Users\User\Downloads\pondok\templates\admin-panel\santri\partial_list.html first seen with mtime 1764277704.8506632
DEBUG 2025-11-30 11:42:31,317 autoreload File C:\Users\User\Downloads\pondok\templates\admin-panel\settings\account.html first seen with mtime 1763749472.3977108
DEBUG 2025-11-30 11:42:31,317 autoreload File C:\Users\User\Downloads\pondok\templates\admin-panel\settings\appearance.html first seen with mtime 1763749472.3991547
DEBUG 2025-11-30 11:42:31,317 autoreload File C:\Users\User\Downloads\pondok\templates\admin-panel\settings\general.html first seen with mtime 1764227346.926526
DEBUG 2025-11-30 11:42:31,317 autoreload File C:\Users\User\Downloads\pondok\templates\admin-panel\settings\profile.html first seen with mtime 1763873018.1109262
DEBUG 2025-11-30 11:42:31,318 autoreload File C:\Users\User\Downloads\pondok\templates\admin-panel\staff\change_password.html first seen with mtime 1763868405.3691676
DEBUG 2025-11-30 11:42:31,318 autoreload File C:\Users\User\Downloads\pondok\templates\admin-panel\staff\form.html first seen with mtime 1763868405.3677042
DEBUG 2025-11-30 11:42:31,318 autoreload File C:\Users\User\Downloads\pondok\templates\admin-panel\staff\list.html first seen with mtime 1763868405.3585658
DEBUG 2025-11-30 11:42:31,318 autoreload File C:\Users\User\Downloads\pondok\templates\admin-panel\tenaga-pengajar\bagian_list.html first seen with mtime 1763908460.5594385
DEBUG 2025-11-30 11:42:31,319 autoreload File C:\Users\User\Downloads\pondok\templates\admin-panel\tenaga-pengajar\detail.html first seen with mtime 1763908460.561438
DEBUG 2025-11-30 11:42:31,319 autoreload File C:\Users\User\Downloads\pondok\templates\admin-panel\tenaga-pengajar\form.html first seen with mtime 1763910507.2962246
DEBUG 2025-11-30 11:42:31,319 autoreload File C:\Users\User\Downloads\pondok\templates\admin-panel\tenaga-pengajar\list.html first seen with mtime 1763909140.0800836
DEBUG 2025-11-30 11:42:31,319 autoreload File C:\Users\User\Downloads\pondok\templates\admin-panel\tools\converted_image_list.html first seen with mtime 1763913624.6089509
DEBUG 2025-11-30 11:42:31,320 autoreload File C:\Users\User\Downloads\pondok\templates\admin-panel\tools\image_converter.html first seen with mtime 1763913433.4026527
DEBUG 2025-11-30 11:42:31,320 autoreload File C:\Users\User\Downloads\pondok\templates\admin-panel\tools\media_files_manager.html first seen with mtime 1763914332.0750134
DEBUG 2025-11-30 11:42:31,320 autoreload File C:\Users\User\Downloads\pondok\templates\admin-panel\users\change_password.html first seen with mtime 1763866758.8871865
DEBUG 2025-11-30 11:42:31,320 autoreload File C:\Users\User\Downloads\pondok\templates\admin-panel\users\form.html first seen with mtime 1763867171.7554958
DEBUG 2025-11-30 11:42:31,320 autoreload File C:\Users\User\Downloads\pondok\templates\admin-panel\users\list.html first seen with mtime 1763867627.873114
DEBUG 2025-11-30 11:42:31,321 autoreload File C:\Users\User\Downloads\pondok\templates\public\base.html first seen with mtime 1764228121.3320177
DEBUG 2025-11-30 11:42:31,321 autoreload File C:\Users\User\Downloads\pondok\templates\public\blog_detail.html first seen with mtime 1764229056.2814894
DEBUG 2025-11-30 11:42:31,321 autoreload File C:\Users\User\Downloads\pondok\templates\public\blog_list.html first seen with mtime 1764229625.3768473
DEBUG 2025-11-30 11:42:31,321 autoreload File C:\Users\User\Downloads\pondok\templates\public\home.html first seen with mtime 1764474753.5560634
DEBUG 2025-11-30 11:42:31,322 autoreload File C:\Users\User\Downloads\pondok\templates\public\tenaga_pengajar_list.html first seen with mtime 1763912256.0448134
DEBUG 2025-11-30 11:42:31,322 autoreload File C:\Users\User\Downloads\pondok\templates\users\base.html first seen with mtime 1763956539.799146
DEBUG 2025-11-30 11:42:31,322 autoreload File C:\Users\User\Downloads\pondok\templates\users\dashboard first seen with mtime 1763797795.6443574
DEBUG 2025-11-30 11:42:31,322 autoreload File C:\Users\User\Downloads\pondok\templates\users\dashboard.html first seen with mtime 1763865338.7041855
DEBUG 2025-11-30 11:42:31,322 autoreload File C:\Users\User\Downloads\pondok\templates\users\dokumen.html first seen with mtime 1764216852.9583461
DEBUG 2025-11-30 11:42:31,323 autoreload File C:\Users\User\Downloads\pondok\templates\users\login.html first seen with mtime 1764176012.6519885
DEBUG 2025-11-30 11:42:31,323 autoreload File C:\Users\User\Downloads\pondok\templates\users\notifikasi.html first seen with mtime 1763865338.7064333
DEBUG 2025-11-30 11:42:31,323 autoreload File C:\Users\User\Downloads\pondok\templates\users\pembayaran.html first seen with mtime 1764176926.1187112
DEBUG 2025-11-30 11:42:31,323 autoreload File C:\Users\User\Downloads\pondok\templates\users\pendaftaran.html first seen with mtime 1764277876.7819512
DEBUG 2025-11-30 11:42:31,323 autoreload File C:\Users\User\Downloads\pondok\templates\users\pendaftaran_pdf.html first seen with mtime 1764281013.9362168
DEBUG 2025-11-30 11:42:31,324 autoreload File C:\Users\User\Downloads\pondok\templates\users\profile.html first seen with mtime 1763881388.1086276
DEBUG 2025-11-30 11:42:31,324 autoreload File C:\Users\User\Downloads\pondok\templates\users\riwayat.html first seen with mtime 1763865338.7064333
DEBUG 2025-11-30 11:42:31,324 autoreload File C:\Users\User\Downloads\pondok\templates\users\status.html first seen with mtime 1764277876.7815795
DEBUG 2025-11-30 11:42:31,324 autoreload File C:\Users\User\Downloads\pondok\venv\lib\site-packages\django_filters\templates\django_filters first seen with mtime 1763746598.3922663
DEBUG 2025-11-30 11:42:31,326 autoreload File C:\Users\User\Downloads\pondok\venv\lib\site-packages\django_filters\templates\django_filters\rest_framework first seen with mtime 1763746598.3922663
DEBUG 2025-11-30 11:42:31,326 autoreload File C:\Users\User\Downloads\pondok\venv\lib\site-packages\django_filters\templates\django_filters\widgets first seen with mtime 1763746598.3922663
DEBUG 2025-11-30 11:42:31,326 autoreload File C:\Users\User\Downloads\pondok\venv\lib\site-packages\django_filters\templates\django_filters\rest_framework\crispy_form.html first seen with mtime 1763746598.3910987
DEBUG 2025-11-30 11:42:31,326 autoreload File C:\Users\User\Downloads\pondok\venv\lib\site-packages\django_filters\templates\django_filters\rest_framework\form.html first seen with mtime 1763746598.3922663
DEBUG 2025-11-30 11:42:31,327 autoreload File C:\Users\User\Downloads\pondok\venv\lib\site-packages\django_filters\templates\django_filters\widgets\multiwidget.html first seen with mtime 1763746598.3922663
DEBUG 2025-11-30 11:42:31,328 autoreload File C:\Users\User\Downloads\pondok\venv\lib\site-packages\django_filters\locale\ar\LC_MESSAGES\django.mo first seen with mtime 1763746598.356663
DEBUG 2025-11-30 11:42:31,328 autoreload File C:\Users\User\Downloads\pondok\venv\lib\site-packages\django_filters\locale\be\LC_MESSAGES\django.mo first seen with mtime 1763746598.3576913
DEBUG 2025-11-30 11:42:31,329 autoreload File C:\Users\User\Downloads\pondok\venv\lib\site-packages\django_filters\locale\bg\LC_MESSAGES\django.mo first seen with mtime 1763746598.3596904
DEBUG 2025-11-30 11:42:31,330 autoreload File C:\Users\User\Downloads\pondok\venv\lib\site-packages\django_filters\locale\cs\LC_MESSAGES\django.mo first seen with mtime 1763746598.361096
DEBUG 2025-11-30 11:42:31,330 autoreload File C:\Users\User\Downloads\pondok\venv\lib\site-packages\django_filters\locale\da\LC_MESSAGES\django.mo first seen with mtime 1763746598.3631985
DEBUG 2025-11-30 11:42:31,330 autoreload File C:\Users\User\Downloads\pondok\venv\lib\site-packages\django_filters\locale\de\LC_MESSAGES\django.mo first seen with mtime 1763746598.3651955
DEBUG 2025-11-30 11:42:31,331 autoreload File C:\Users\User\Downloads\pondok\venv\lib\site-packages\django_filters\locale\el\LC_MESSAGES\django.mo first seen with mtime 1763746598.3664975
DEBUG 2025-11-30 11:42:31,331 autoreload File C:\Users\User\Downloads\pondok\venv\lib\site-packages\django_filters\locale\es\LC_MESSAGES\django.mo first seen with mtime 1763746598.3675325
DEBUG 2025-11-30 11:42:31,332 autoreload File C:\Users\User\Downloads\pondok\venv\lib\site-packages\django_filters\locale\es_AR\LC_MESSAGES\django.mo first seen with mtime 1763746598.3695874
DEBUG 2025-11-30 11:42:31,332 autoreload File C:\Users\User\Downloads\pondok\venv\lib\site-packages\django_filters\locale\fa\LC_MESSAGES\django.mo first seen with mtime 1763746598.371588
DEBUG 2025-11-30 11:42:31,333 autoreload File C:\Users\User\Downloads\pondok\venv\lib\site-packages\django_filters\locale\fr\LC_MESSAGES\django.mo first seen with mtime 1763746598.3735852
DEBUG 2025-11-30 11:42:31,333 autoreload File C:\Users\User\Downloads\pondok\venv\lib\site-packages\django_filters\locale\it\LC_MESSAGES\django.mo first seen with mtime 1763746598.374706
DEBUG 2025-11-30 11:42:31,334 autoreload File C:\Users\User\Downloads\pondok\venv\lib\site-packages\django_filters\locale\nl\LC_MESSAGES\django.mo first seen with mtime 1763746598.3767083
DEBUG 2025-11-30 11:42:31,334 autoreload File C:\Users\User\Downloads\pondok\venv\lib\site-packages\django_filters\locale\pl\LC_MESSAGES\django.mo first seen with mtime 1763746598.3788407
DEBUG 2025-11-30 11:42:31,335 autoreload File C:\Users\User\Downloads\pondok\venv\lib\site-packages\django_filters\locale\pt_BR\LC_MESSAGES\django.mo first seen with mtime 1763746598.3798375
DEBUG 2025-11-30 11:42:31,336 autoreload File C:\Users\User\Downloads\pondok\venv\lib\site-packages\django_filters\locale\ru\LC_MESSAGES\django.mo first seen with mtime 1763746598.3829246
DEBUG 2025-11-30 11:42:31,336 autoreload File C:\Users\User\Downloads\pondok\venv\lib\site-packages\django_filters\locale\sk\LC_MESSAGES\django.mo first seen with mtime 1763746598.3839562
DEBUG 2025-11-30 11:42:31,336 autoreload File C:\Users\User\Downloads\pondok\venv\lib\site-packages\django_filters\locale\uk\LC_MESSAGES\django.mo first seen with mtime 1763746598.3859556
DEBUG 2025-11-30 11:42:31,337 autoreload File C:\Users\User\Downloads\pondok\venv\lib\site-packages\django_filters\locale\zh_CN\LC_MESSAGES\django.mo first seen with mtime 1763746598.3869565
DEBUG 2025-11-30 11:42:31,338 autoreload File C:\Users\User\Downloads\pondok\venv\lib\site-packages\django_extensions\locale\da\LC_MESSAGES\django.mo first seen with mtime 1763746598.6497998
DEBUG 2025-11-30 11:42:31,338 autoreload File C:\Users\User\Downloads\pondok\venv\lib\site-packages\django_extensions\locale\de\LC_MESSAGES\django.mo first seen with mtime 1763746598.6507995
DEBUG 2025-11-30 11:42:31,339 autoreload File C:\Users\User\Downloads\pondok\venv\lib\site-packages\django_extensions\locale\el\LC_MESSAGES\django.mo first seen with mtime 1763746598.6529908
DEBUG 2025-11-30 11:42:31,339 autoreload File C:\Users\User\Downloads\pondok\venv\lib\site-packages\django_extensions\locale\en\LC_MESSAGES\django.mo first seen with mtime 1763746598.6542475
DEBUG 2025-11-30 11:42:31,340 autoreload File C:\Users\User\Downloads\pondok\venv\lib\site-packages\django_extensions\locale\es\LC_MESSAGES\django.mo first seen with mtime 1763746598.6562462
DEBUG 2025-11-30 11:42:31,340 autoreload File C:\Users\User\Downloads\pondok\venv\lib\site-packages\django_extensions\locale\fr\LC_MESSAGES\django.mo first seen with mtime 1763746598.657246
DEBUG 2025-11-30 11:42:31,340 autoreload File C:\Users\User\Downloads\pondok\venv\lib\site-packages\django_extensions\locale\hu\LC_MESSAGES\django.mo first seen with mtime 1763746598.6592464
DEBUG 2025-11-30 11:42:31,341 autoreload File C:\Users\User\Downloads\pondok\venv\lib\site-packages\django_extensions\locale\id\LC_MESSAGES\django.mo first seen with mtime 1763746598.6610992
DEBUG 2025-11-30 11:42:31,341 autoreload File C:\Users\User\Downloads\pondok\venv\lib\site-packages\django_extensions\locale\it\LC_MESSAGES\django.mo first seen with mtime 1763746598.6622007
DEBUG 2025-11-30 11:42:31,342 autoreload File C:\Users\User\Downloads\pondok\venv\lib\site-packages\django_extensions\locale\ja\LC_MESSAGES\django.mo first seen with mtime 1763746598.6642046
DEBUG 2025-11-30 11:42:31,342 autoreload File C:\Users\User\Downloads\pondok\venv\lib\site-packages\django_extensions\locale\pl\LC_MESSAGES\django.mo first seen with mtime 1763746598.6662037
DEBUG 2025-11-30 11:42:31,342 autoreload File C:\Users\User\Downloads\pondok\venv\lib\site-packages\django_extensions\locale\pt\LC_MESSAGES\django.mo first seen with mtime 1763746598.6672027
DEBUG 2025-11-30 11:42:31,343 autoreload File C:\Users\User\Downloads\pondok\venv\lib\site-packages\django_extensions\locale\pt_BR\LC_MESSAGES\django.mo first seen with mtime 1763746598.6692011
DEBUG 2025-11-30 11:42:31,343 autoreload File C:\Users\User\Downloads\pondok\venv\lib\site-packages\django_extensions\locale\ro\LC_MESSAGES\django.mo first seen with mtime 1763746598.671203
DEBUG 2025-11-30 11:42:31,343 autoreload File C:\Users\User\Downloads\pondok\venv\lib\site-packages\django_extensions\locale\ru\LC_MESSAGES\django.mo first seen with mtime 1763746598.672203
DEBUG 2025-11-30 11:42:32,517 autoreload File C:\Users\User\Downloads\pondok\venv\Lib\site-packages\django_summernote\migrations\0003_alter_attachment_id.py first seen with mtime 1763752317.823022
DEBUG 2025-11-30 11:42:32,518 autoreload File C:\Users\User\Downloads\pondok\blog\migrations\0001_initial.py first seen with mtime 1764219695.3528056
DEBUG 2025-11-30 11:42:32,519 autoreload File C:\Users\User\Downloads\pondok\venv\Lib\site-packages\django\db\migrations\executor.py first seen with mtime 1763752053.1643991
DEBUG 2025-11-30 11:42:32,520 autoreload File C:\Users\User\Downloads\pondok\venv\Lib\site-packages\django\views\csrf.py first seen with mtime 1763752053.4398527
DEBUG 2025-11-30 11:42:32,522 autoreload File C:\Users\User\Downloads\pondok\users\migrations\__init__.py first seen with mtime 1763744951.9347467
DEBUG 2025-11-30 11:42:32,523 autoreload File C:\Users\User\Downloads\pondok\venv\Lib\site-packages\django\contrib\auth\migrations\0004_alter_user_username_opts.py first seen with mtime 1763752050.7977767
DEBUG 2025-11-30 11:42:32,523 autoreload File C:\Users\User\Downloads\pondok\venv\Lib\site-packages\django\contrib\auth\migrations\0005_alter_user_last_login_null.py first seen with mtime 1763752050.7987754
DEBUG 2025-11-30 11:42:32,524 autoreload File C:\Users\User\Downloads\pondok\venv\Lib\site-packages\django\contrib\admin\migrations\0003_logentry_add_action_flag_choices.py first seen with mtime 1763752050.060655
DEBUG 2025-11-30 11:42:32,525 autoreload File C:\Users\User\AppData\Local\Programs\Python\Python310\Lib\encodings\idna.py first seen with mtime 1665482304.0
DEBUG 2025-11-30 11:42:32,525 autoreload File C:\Users\User\Downloads\pondok\venv\Lib\site-packages\django\contrib\contenttypes\migrations\0001_initial.py first seen with mtime 1763752051.0484252
DEBUG 2025-11-30 11:42:32,525 autoreload File C:\Users\User\Downloads\pondok\venv\Lib\site-packages\django\contrib\sessions\backends\__init__.py first seen with mtime 1763752052.4556215
DEBUG 2025-11-30 11:42:32,526 autoreload File C:\Users\User\Downloads\pondok\venv\Lib\site-packages\django\core\management\commands\migrate.py first seen with mtime 1763752053.0782132
DEBUG 2025-11-30 11:42:32,527 autoreload File C:\Users\User\Downloads\pondok\venv\Lib\site-packages\django\db\migrations\recorder.py first seen with mtime 1763752053.1699212
DEBUG 2025-11-30 11:42:32,527 autoreload File C:\Users\User\Downloads\pondok\venv\Lib\site-packages\django_summernote\migrations\__init__.py first seen with mtime 1763750129.7983274
DEBUG 2025-11-30 11:42:32,527 autoreload File C:\Users\User\Downloads\pondok\core\migrations\__init__.py first seen with mtime 1763744949.3262408
DEBUG 2025-11-30 11:42:32,528 autoreload File C:\Users\User\Downloads\pondok\admin_panel\migrations\0002_initial.py first seen with mtime 1764219695.3497953
DEBUG 2025-11-30 11:42:32,528 autoreload File C:\Users\User\Downloads\pondok\venv\Lib\site-packages\django\contrib\auth\migrations\0009_alter_user_last_name_max_length.py first seen with mtime 1763752050.801776
DEBUG 2025-11-30 11:42:32,529 autoreload File C:\Users\User\Downloads\pondok\venv\Lib\site-packages\django\core\management\utils.py first seen with mtime 1763752053.0659494
DEBUG 2025-11-30 11:42:32,529 autoreload File C:\Users\User\Downloads\pondok\payments\migrations\0001_initial.py first seen with mtime 1764219695.3550572
DEBUG 2025-11-30 11:42:32,529 autoreload File C:\Users\User\Downloads\pondok\venv\Lib\site-packages\django\db\migrations\graph.py first seen with mtime 1763752053.1659129
DEBUG 2025-11-30 11:42:32,530 autoreload File C:\Users\User\Downloads\pondok\admin_panel\migrations\0001_initial.py first seen with mtime 1764219695.340893
DEBUG 2025-11-30 11:42:32,530 autoreload File C:\Users\User\Downloads\pondok\venv\Lib\site-packages\django_htmx\middleware.py first seen with mtime 1763752067.2475204
DEBUG 2025-11-30 11:42:32,530 autoreload File C:\Users\User\Downloads\pondok\venv\Lib\site-packages\django\contrib\sessions\migrations\__init__.py first seen with mtime 1763752052.705196
DEBUG 2025-11-30 11:42:32,530 autoreload File C:\Users\User\Downloads\pondok\venv\Lib\site-packages\django\db\models\sql\compiler.py first seen with mtime 1763752053.2246826
DEBUG 2025-11-30 11:42:32,531 autoreload File C:\Users\User\Downloads\pondok\venv\Lib\site-packages\django\core\management\commands\makemigrations.py first seen with mtime 1763752053.0772133
DEBUG 2025-11-30 11:42:32,531 autoreload File C:\Users\User\Downloads\pondok\venv\Lib\site-packages\django\contrib\auth\migrations\0001_initial.py first seen with mtime 1763752050.7946467
DEBUG 2025-11-30 11:42:32,531 autoreload File C:\Users\User\Downloads\pondok\core\migrations\0002_add_header_mobile_image.py first seen with mtime 1764224777.9382749
DEBUG 2025-11-30 11:42:32,533 autoreload File C:\Users\User\Downloads\pondok\venv\Lib\site-packages\django\contrib\auth\migrations\0012_alter_user_first_name_max_length.py first seen with mtime 1763752050.803775
DEBUG 2025-11-30 11:42:32,534 autoreload File C:\Users\User\Downloads\pondok\users\migrations\0001_initial.py first seen with mtime 1764219695.3580554
DEBUG 2025-11-30 11:42:32,534 autoreload File C:\Users\User\Downloads\pondok\admissions\migrations\__init__.py first seen with mtime 1763744954.7733984
DEBUG 2025-11-30 11:42:32,534 autoreload File C:\Users\User\Downloads\pondok\venv\Lib\site-packages\django\contrib\sessions\backends\base.py first seen with mtime 1763752052.4576297
DEBUG 2025-11-30 11:42:32,536 autoreload File C:\Users\User\Downloads\pondok\venv\Lib\site-packages\django\db\migrations\loader.py first seen with mtime 1763752053.1669204
DEBUG 2025-11-30 11:42:32,536 autoreload File C:\Users\User\Downloads\pondok\venv\Lib\site-packages\django\contrib\admin\migrations\__init__.py first seen with mtime 1763752050.0626569
DEBUG 2025-11-30 11:42:32,536 autoreload File C:\Users\User\Downloads\pondok\venv\Lib\site-packages\django\contrib\auth\migrations\0010_alter_group_name_max_length.py first seen with mtime 1763752050.8027759
DEBUG 2025-11-30 11:42:32,537 autoreload File C:\Users\User\Downloads\pondok\venv\Lib\site-packages\django\contrib\sessions\exceptions.py first seen with mtime 1763752052.451504
DEBUG 2025-11-30 11:42:32,537 autoreload File C:\Users\User\Downloads\pondok\venv\Lib\site-packages\django\db\migrations\autodetector.py first seen with mtime 1763752053.1628935
DEBUG 2025-11-30 11:42:32,537 autoreload File C:\Users\User\Downloads\pondok\venv\Lib\site-packages\django\db\migrations\questioner.py first seen with mtime 1763752053.168921
DEBUG 2025-11-30 11:42:32,539 autoreload File C:\Users\User\Downloads\pondok\venv\Lib\site-packages\django_summernote\migrations\0002_update-help_text.py first seen with mtime 1763750129.7983274
DEBUG 2025-11-30 11:42:32,539 autoreload File C:\Users\User\Downloads\pondok\venv\Lib\site-packages\django_summernote\migrations\0001_initial.py first seen with mtime 1763750129.7973273
DEBUG 2025-11-30 11:42:32,540 autoreload File C:\Users\User\Downloads\pondok\venv\Lib\site-packages\django\contrib\messages\middleware.py first seen with mtime 1763752051.985576
DEBUG 2025-11-30 11:42:32,540 autoreload File C:\Users\User\Downloads\pondok\psb_pondok\wsgi.py first seen with mtime 1763744941.0017133
DEBUG 2025-11-30 11:42:32,542 autoreload File C:\Users\User\Downloads\pondok\venv\Lib\site-packages\django\contrib\sessions\migrations\0001_initial.py first seen with mtime 1763752052.705196
DEBUG 2025-11-30 11:42:32,542 autoreload File C:\Users\User\Downloads\pondok\venv\Lib\site-packages\django\db\migrations\writer.py first seen with mtime 1763752053.1754465
DEBUG 2025-11-30 11:42:32,543 autoreload File C:\Users\User\Downloads\pondok\venv\Lib\site-packages\django\middleware\clickjacking.py first seen with mtime 1763752053.3365135
DEBUG 2025-11-30 11:42:32,543 autoreload File C:\Users\User\Downloads\pondok\venv\Lib\site-packages\django\contrib\sessions\middleware.py first seen with mtime 1763752052.4525056
DEBUG 2025-11-30 11:42:32,543 autoreload File C:\Users\User\Downloads\pondok\payments\migrations\__init__.py first seen with mtime 1763744957.281516
DEBUG 2025-11-30 11:42:32,544 autoreload File C:\Users\User\Downloads\pondok\venv\Lib\site-packages\django\contrib\contenttypes\migrations\0002_remove_content_type_name.py first seen with mtime 1763752051.0494251
DEBUG 2025-11-30 11:42:32,544 autoreload File C:\Users\User\Downloads\pondok\blog\migrations\__init__.py first seen with mtime 1763750160.2949433
DEBUG 2025-11-30 11:42:32,545 autoreload File C:\Users\User\Downloads\pondok\venv\Lib\site-packages\django\contrib\auth\migrations\__init__.py first seen with mtime 1763752050.8047762
DEBUG 2025-11-30 11:42:32,545 autoreload File C:\Users\User\Downloads\pondok\venv\Lib\site-packages\django\db\migrations\serializer.py first seen with mtime 1763752053.1709213
DEBUG 2025-11-30 11:42:32,546 autoreload File C:\Users\User\Downloads\pondok\venv\Lib\site-packages\django\db\migrations\optimizer.py first seen with mtime 1763752053.16792
DEBUG 2025-11-30 11:42:32,546 autoreload File C:\Users\User\Downloads\pondok\admissions\migrations\0001_initial.py first seen with mtime 1764219695.3328874
DEBUG 2025-11-30 11:42:32,547 autoreload File C:\Users\User\Downloads\pondok\venv\Lib\site-packages\django\middleware\common.py first seen with mtime 1763752053.3365135
DEBUG 2025-11-30 11:42:32,547 autoreload File C:\Users\User\Downloads\pondok\venv\Lib\site-packages\django\contrib\sessions\backends\db.py first seen with mtime 1763752052.4626296
DEBUG 2025-11-30 11:42:32,548 autoreload File C:\Users\User\Downloads\pondok\venv\Lib\site-packages\django\contrib\admin\migrations\0001_initial.py first seen with mtime 1763752050.0586605
DEBUG 2025-11-30 11:42:32,548 autoreload File C:\Users\User\AppData\Local\Programs\Python\Python310\Lib\stringprep.py first seen with mtime 1665482304.0
DEBUG 2025-11-30 11:42:32,550 autoreload File C:\Users\User\Downloads\pondok\venv\Lib\site-packages\django\contrib\auth\migrations\0003_alter_user_email_max_length.py first seen with mtime 1763752050.7967675
DEBUG 2025-11-30 11:42:32,551 autoreload File C:\Users\User\Downloads\pondok\core\migrations\0001_initial.py first seen with mtime 1764219695.3398874
DEBUG 2025-11-30 11:42:32,552 autoreload File C:\Users\User\Downloads\pondok\venv\Lib\site-packages\django\contrib\contenttypes\migrations\__init__.py first seen with mtime 1763752051.0494251
DEBUG 2025-11-30 11:42:32,552 autoreload File C:\Users\User\Downloads\pondok\venv\Lib\site-packages\django\contrib\auth\migrations\0007_alter_validators_add_error_messages.py first seen with mtime 1763752050.800776
DEBUG 2025-11-30 11:42:32,553 autoreload File C:\Users\User\Downloads\pondok\core\migrations\0003_add_header_mobile_height.py first seen with mtime 1764227150.5417204
DEBUG 2025-11-30 11:42:32,553 autoreload File C:\Users\User\Downloads\pondok\venv\Lib\site-packages\django\contrib\auth\migrations\0002_alter_permission_name_max_length.py first seen with mtime 1763752050.7961674
DEBUG 2025-11-30 11:42:32,553 autoreload File C:\Users\User\Downloads\pondok\venv\Lib\site-packages\django\core\cache\backends\locmem.py first seen with mtime 1763752053.001567
DEBUG 2025-11-30 11:42:32,554 autoreload File C:\Users\User\Downloads\pondok\venv\Lib\site-packages\django\core\management\sql.py first seen with mtime 1763752053.0633497
DEBUG 2025-11-30 11:42:32,554 autoreload File C:\Users\User\Downloads\pondok\payments\migrations\0002_initial.py first seen with mtime 1764219695.3560567
DEBUG 2025-11-30 11:42:32,555 autoreload File C:\Users\User\Downloads\pondok\venv\Lib\site-packages\django\contrib\admin\migrations\0002_logentry_remove_auto_add.py first seen with mtime 1763752050.059654
DEBUG 2025-11-30 11:42:32,555 autoreload File C:\Users\User\Downloads\pondok\venv\Lib\site-packages\django\contrib\auth\migrations\0011_update_proxy_permissions.py first seen with mtime 1763752050.803775
DEBUG 2025-11-30 11:42:32,556 autoreload File C:\Users\User\Downloads\pondok\venv\Lib\site-packages\django\contrib\auth\migrations\0006_require_contenttypes_0002.py first seen with mtime 1763752050.7997768
DEBUG 2025-11-30 11:42:32,556 autoreload File C:\Users\User\Downloads\pondok\admin_panel\migrations\__init__.py first seen with mtime 1763744959.7626362
DEBUG 2025-11-30 11:42:32,556 autoreload File C:\Users\User\Downloads\pondok\venv\Lib\site-packages\django\contrib\auth\migrations\0008_alter_user_username_max_length.py first seen with mtime 1763752050.801776
DEBUG 2025-11-30 11:42:32,556 autoreload File C:\Users\User\Downloads\pondok\blog\migrations\0002_initial.py first seen with mtime 1764219695.3538554
INFO 2025-11-30 11:43:37,889 autoreload Watching for file changes with StatReloader
DEBUG 2025-11-30 11:43:37,889 autoreload Waiting for apps ready_event.
DEBUG 2025-11-30 11:43:38,008 autoreload Apps ready_event triggered. Sending autoreload_started signal.
DEBUG 2025-11-30 11:43:38,046 autoreload Watching dir C:\Users\User\Downloads\pondok\venv\lib\site-packages\django_filters\templates with glob **/*.
DEBUG 2025-11-30 11:43:38,047 autoreload Watching dir C:\Users\User\Downloads\pondok\venv\lib\site-packages\django_summernote\templates with glob **/*.
DEBUG 2025-11-30 11:43:38,049 autoreload Watching dir C:\Users\User\Downloads\pondok\templates with glob **/*.
DEBUG 2025-11-30 11:43:38,049 autoreload Watching dir C:\Users\User\Downloads\pondok\venv\lib\site-packages\django_extensions\templates with glob **/*.
DEBUG 2025-11-30 11:43:38,049 autoreload Watching dir C:\Users\User\Downloads\pondok\locale with glob **/*.mo.
DEBUG 2025-11-30 11:43:38,050 autoreload Watching dir C:\Users\User\Downloads\pondok\venv\lib\site-packages\django_htmx\locale with glob **/*.mo.
DEBUG 2025-11-30 11:43:38,050 autoreload Watching dir C:\Users\User\Downloads\pondok\venv\lib\site-packages\widget_tweaks\locale with glob **/*.mo.
DEBUG 2025-11-30 11:43:38,050 autoreload Watching dir C:\Users\User\Downloads\pondok\venv\lib\site-packages\django_filters\locale with glob **/*.mo.
DEBUG 2025-11-30 11:43:38,050 autoreload Watching dir C:\Users\User\Downloads\pondok\venv\lib\site-packages\django_extensions\locale with glob **/*.mo.
DEBUG 2025-11-30 11:43:38,050 autoreload Watching dir C:\Users\User\Downloads\pondok\venv\lib\site-packages\django_summernote\locale with glob **/*.mo.
DEBUG 2025-11-30 11:43:38,051 autoreload Watching dir C:\Users\User\Downloads\pondok\core\locale with glob **/*.mo.
DEBUG 2025-11-30 11:43:38,051 autoreload Watching dir C:\Users\User\Downloads\pondok\users\locale with glob **/*.mo.
DEBUG 2025-11-30 11:43:38,051 autoreload Watching dir C:\Users\User\Downloads\pondok\admissions\locale with glob **/*.mo.
DEBUG 2025-11-30 11:43:38,051 autoreload Watching dir C:\Users\User\Downloads\pondok\payments\locale with glob **/*.mo.
DEBUG 2025-11-30 11:43:38,052 autoreload Watching dir C:\Users\User\Downloads\pondok\admin_panel\locale with glob **/*.mo.
DEBUG 2025-11-30 11:43:38,052 autoreload Watching dir C:\Users\User\Downloads\pondok\blog\locale with glob **/*.mo.
DEBUG 2025-11-30 11:43:38,251 autoreload File C:\Users\User\Downloads\pondok\venv\Lib\site-packages\django\views\static.py first seen with mtime 1763752053.4443567
DEBUG 2025-11-30 11:43:38,252 autoreload File C:\Users\User\Downloads\pondok\venv\Lib\site-packages\django\contrib\staticfiles\apps.py first seen with mtime 1763752052.9686544
DEBUG 2025-11-30 11:43:38,252 autoreload File C:\Users\User\Downloads\pondok\venv\Lib\site-packages\django\contrib\admin\templatetags\base.py first seen with mtime 1763752050.2460477
DEBUG 2025-11-30 11:43:38,252 autoreload File C:\Users\User\AppData\Local\Programs\Python\Python310\Lib\asyncio\sslproto.py first seen with mtime 1665482304.0
DEBUG 2025-11-30 11:43:38,253 autoreload File C:\Users\User\AppData\Local\Programs\Python\Python310\Lib\asyncio\windows_events.py first seen with mtime 1665482304.0
DEBUG 2025-11-30 11:43:38,253 autoreload File C:\Users\User\Downloads\pondok\venv\Lib\site-packages\reportlab\pdfbase\_fontdata_enc_symbol.py first seen with mtime 1763751567.775918
DEBUG 2025-11-30 11:43:38,253 autoreload File C:\Users\User\Downloads\pondok\venv\Lib\site-packages\django\template\backends\django.py first seen with mtime 1763752053.3615708
DEBUG 2025-11-30 11:43:38,253 autoreload File C:\Users\User\AppData\Local\Programs\Python\Python310\Lib\statistics.py first seen with mtime 1665482304.0
DEBUG 2025-11-30 11:43:38,253 autoreload File C:\Users\User\Downloads\pondok\venv\Lib\site-packages\colorama\__init__.py first seen with mtime 1763746574.4669259
DEBUG 2025-11-30 11:43:38,253 autoreload File C:\Users\User\Downloads\pondok\venv\Lib\site-packages\django\template\exceptions.py first seen with mtime 1763752053.3525486
DEBUG 2025-11-30 11:43:38,253 autoreload File C:\Users\User\Downloads\pondok\venv\Lib\site-packages\django\utils\numberformat.py first seen with mtime 1763752053.422627
DEBUG 2025-11-30 11:43:38,254 autoreload File C:\Users\User\AppData\Local\Programs\Python\Python310\Lib\asyncio\base_events.py first seen with mtime 1665482304.0
DEBUG 2025-11-30 11:43:38,254 autoreload File C:\Users\User\AppData\Local\Programs\Python\Python310\Lib\sre_parse.py first seen with mtime 1665482304.0
DEBUG 2025-11-30 11:43:38,254 autoreload File C:\Users\User\AppData\Local\Programs\Python\Python310\Lib\asyncio\coroutines.py first seen with mtime 1665482304.0
DEBUG 2025-11-30 11:43:38,254 autoreload File C:\Users\User\AppData\Local\Programs\Python\Python310\Lib\asyncio\futures.py first seen with mtime 1665482304.0
DEBUG 2025-11-30 11:43:38,254 autoreload File C:\Users\User\AppData\Local\Programs\Python\Python310\Lib\asyncio\streams.py first seen with mtime 1665482304.0
DEBUG 2025-11-30 11:43:38,255 autoreload File C:\Users\User\Downloads\pondok\blog\__init__.py first seen with mtime 1763750160.293606
DEBUG 2025-11-30 11:43:38,255 autoreload File C:\Users\User\Downloads\pondok\venv\Lib\site-packages\django_extensions\templatetags\__init__.py first seen with mtime 1763746598.72877
DEBUG 2025-11-30 11:43:38,255 autoreload File C:\Users\User\AppData\Local\Programs\Python\Python310\Lib\ctypes\__init__.py first seen with mtime 1665482304.0
DEBUG 2025-11-30 11:43:38,255 autoreload File C:\Users\User\AppData\Local\Programs\Python\Python310\Lib\html\entities.py first seen with mtime 1665482304.0
DEBUG 2025-11-30 11:43:38,255 autoreload File C:\Users\User\Downloads\pondok\blog\admin.py first seen with mtime 1763884481.7248695
DEBUG 2025-11-30 11:43:38,255 autoreload File C:\Users\User\Downloads\pondok\venv\Lib\site-packages\django\contrib\sessions\base_session.py first seen with mtime 1763752052.4505024
DEBUG 2025-11-30 11:43:38,256 autoreload File C:\Users\User\Downloads\pondok\venv\Lib\site-packages\sqlparse\filters\right_margin.py first seen with mtime 1763752045.336867
DEBUG 2025-11-30 11:43:38,256 autoreload File C:\Users\User\AppData\Local\Programs\Python\Python310\Lib\_compression.py first seen with mtime 1665482304.0
DEBUG 2025-11-30 11:43:38,256 autoreload File C:\Users\User\AppData\Local\Programs\Python\Python310\Lib\fnmatch.py first seen with mtime 1665482304.0
DEBUG 2025-11-30 11:43:38,256 autoreload File C:\Users\User\AppData\Local\Programs\Python\Python310\Lib\wsgiref\__init__.py first seen with mtime 1665482304.0
DEBUG 2025-11-30 11:43:38,257 autoreload File C:\Users\User\Downloads\pondok\venv\Lib\site-packages\reportlab\pdfbase\_fontdata_widths_helveticabold.py first seen with mtime 1763751567.7831633
DEBUG 2025-11-30 11:43:38,257 autoreload File C:\Users\User\Downloads\pondok\venv\Lib\site-packages\django\contrib\humanize\templatetags\humanize.py first seen with mtime 1763752051.9796476
DEBUG 2025-11-30 11:43:38,257 autoreload File C:\Users\User\AppData\Local\Programs\Python\Python310\Lib\lzma.py first seen with mtime 1665482304.0
DEBUG 2025-11-30 11:43:38,257 autoreload File C:\Users\User\Downloads\pondok\venv\Lib\site-packages\django\contrib\auth\forms.py first seen with mtime 1763752050.5231767
DEBUG 2025-11-30 11:43:38,257 autoreload File C:\Users\User\Downloads\pondok\venv\Lib\site-packages\django\db\migrations\operations\base.py first seen with mtime 1763752053.1769621
DEBUG 2025-11-30 11:43:38,258 autoreload File C:\Users\User\AppData\Local\Programs\Python\Python310\Lib\nturl2path.py first seen with mtime 1665482304.0
DEBUG 2025-11-30 11:43:38,258 autoreload File C:\Users\User\Downloads\pondok\venv\Lib\site-packages\reportlab\pdfbase\_fontdata_enc_pdfdoc.py first seen with mtime 1763751567.7749107
DEBUG 2025-11-30 11:43:38,258 autoreload File C:\Users\User\AppData\Local\Programs\Python\Python310\Lib\asyncio\exceptions.py first seen with mtime 1665482304.0
DEBUG 2025-11-30 11:43:38,258 autoreload File C:\Users\User\Downloads\pondok\venv\Lib\site-packages\sqlparse\filters\__init__.py first seen with mtime 1763752045.3332613
DEBUG 2025-11-30 11:43:38,258 autoreload File C:\Users\User\Downloads\pondok\venv\Lib\site-packages\django\core\cache\__init__.py first seen with mtime 1763752052.9935367
DEBUG 2025-11-30 11:43:38,258 autoreload File C:\Users\User\AppData\Local\Programs\Python\Python310\Lib\email\policy.py first seen with mtime 1665482304.0
DEBUG 2025-11-30 11:43:38,258 autoreload File C:\Users\User\AppData\Local\Programs\Python\Python310\Lib\codecs.py first seen with mtime 1665482304.0
DEBUG 2025-11-30 11:43:38,259 autoreload File C:\Users\User\Downloads\pondok\venv\Lib\site-packages\django\utils\lorem_ipsum.py first seen with mtime 1763752053.420624
DEBUG 2025-11-30 11:43:38,259 autoreload File C:\Users\User\Downloads\pondok\venv\Lib\site-packages\django\contrib\staticfiles\views.py first seen with mtime 1763752052.976581
DEBUG 2025-11-30 11:43:38,259 autoreload File C:\Users\User\Downloads\pondok\venv\Lib\site-packages\reportlab\platypus\xpreformatted.py first seen with mtime 1763751567.8257039
DEBUG 2025-11-30 11:43:38,259 autoreload File C:\Users\User\Downloads\pondok\venv\Lib\site-packages\django\conf\urls\__init__.py first seen with mtime 1763752049.6059978
DEBUG 2025-11-30 11:43:38,259 autoreload File C:\Users\User\Downloads\pondok\core\views_crud.py first seen with mtime 1764222385.724699
DEBUG 2025-11-30 11:43:38,259 autoreload File C:\Users\User\Downloads\pondok\venv\Lib\site-packages\django\core\serializers\base.py first seen with mtime 1763752053.0929985
DEBUG 2025-11-30 11:43:38,260 autoreload File C:\Users\User\Downloads\pondok\venv\Lib\site-packages\django\http\request.py first seen with mtime 1763752053.3324926
DEBUG 2025-11-30 11:43:38,260 autoreload File C:\Users\User\AppData\Local\Programs\Python\Python310\Lib\importlib\readers.py first seen with mtime 1665482304.0
DEBUG 2025-11-30 11:43:38,260 autoreload File C:\Users\User\Downloads\pondok\venv\Lib\site-packages\django\contrib\auth\mixins.py first seen with mtime 1763752050.5262322
DEBUG 2025-11-30 11:43:38,260 autoreload File C:\Users\User\Downloads\pondok\venv\Lib\site-packages\pygments\plugin.py first seen with mtime 1763746566.4643147
DEBUG 2025-11-30 11:43:38,260 autoreload File C:\Users\User\AppData\Local\Programs\Python\Python310\Lib\hmac.py first seen with mtime 1665482304.0
DEBUG 2025-11-30 11:43:38,261 autoreload File C:\Users\User\Downloads\pondok\venv\Lib\site-packages\reportlab\pdfbase\_fontdata_widths_courieroblique.py first seen with mtime 1763751567.7811627
DEBUG 2025-11-30 11:43:38,261 autoreload File C:\Users\User\AppData\Local\Programs\Python\Python310\Lib\sysconfig.py first seen with mtime 1665482304.0
DEBUG 2025-11-30 11:43:38,261 autoreload File C:\Users\User\Downloads\pondok\venv\Lib\site-packages\django\core\checks\messages.py first seen with mtime 1763752053.015622
DEBUG 2025-11-30 11:43:38,261 autoreload File C:\Users\User\Downloads\pondok\venv\Lib\site-packages\reportlab\pdfbase\_fontdata_widths_zapfdingbats.py first seen with mtime 1763751567.791517
DEBUG 2025-11-30 11:43:38,261 autoreload File C:\Users\User\Downloads\pondok\venv\Lib\site-packages\django\contrib\sessions\__init__.py first seen with mtime 1763752052.4474978
DEBUG 2025-11-30 11:43:38,261 autoreload File C:\Users\User\Downloads\pondok\admin_panel\__init__.py first seen with mtime 1763746740.932487
DEBUG 2025-11-30 11:43:38,262 autoreload File C:\Users\User\Downloads\pondok\venv\Lib\site-packages\pygments\lexers\_mapping.py first seen with mtime 1763746566.4974573
DEBUG 2025-11-30 11:43:38,262 autoreload File C:\Users\User\Downloads\pondok\venv\Lib\site-packages\django\http\cookie.py first seen with mtime 1763752053.3314922
DEBUG 2025-11-30 11:43:38,262 autoreload File C:\Users\User\AppData\Local\Programs\Python\Python310\Lib\ctypes\wintypes.py first seen with mtime 1665482304.0
DEBUG 2025-11-30 11:43:38,262 autoreload File C:\Users\User\Downloads\pondok\venv\Lib\site-packages\django\db\backends\sqlite3\introspection.py first seen with mtime 1763752053.158895
DEBUG 2025-11-30 11:43:38,262 autoreload File C:\Users\User\Downloads\pondok\venv\Lib\site-packages\django\views\decorators\__init__.py first seen with mtime 1763752053.4453661
DEBUG 2025-11-30 11:43:38,262 autoreload File C:\Users\User\AppData\Local\Programs\Python\Python310\Lib\encodings\__init__.py first seen with mtime 1665482304.0
DEBUG 2025-11-30 11:43:38,262 autoreload File C:\Users\User\Downloads\pondok\admin_panel\admin.py first seen with mtime 1763744959.7566364
DEBUG 2025-11-30 11:43:38,263 autoreload File C:\Users\User\Downloads\pondok\venv\Lib\site-packages\django\core\handlers\base.py first seen with mtime 1763752053.048262
DEBUG 2025-11-30 11:43:38,263 autoreload File C:\Users\User\Downloads\pondok\venv\Lib\site-packages\sqlparse\keywords.py first seen with mtime 1763752045.326751
DEBUG 2025-11-30 11:43:38,263 autoreload File C:\Users\User\AppData\Local\Programs\Python\Python310\Lib\email\mime\nonmultipart.py first seen with mtime 1665482304.0
DEBUG 2025-11-30 11:43:38,263 autoreload File C:\Users\User\Downloads\pondok\venv\Lib\site-packages\reportlab\lib\rltempfile.py first seen with mtime 1763751567.757477
DEBUG 2025-11-30 11:43:38,263 autoreload File C:\Users\User\AppData\Local\Programs\Python\Python310\Lib\typing.py first seen with mtime 1665482304.0
DEBUG 2025-11-30 11:43:38,263 autoreload File C:\Users\User\Downloads\pondok\venv\Lib\site-packages\django\views\defaults.py first seen with mtime 1763752053.4428465
DEBUG 2025-11-30 11:43:38,263 autoreload File C:\Users\User\Downloads\pondok\venv\Lib\site-packages\reportlab\platypus\__init__.py first seen with mtime 1763751567.81053
DEBUG 2025-11-30 11:43:38,265 autoreload File C:\Users\User\Downloads\pondok\venv\Lib\site-packages\django\http\response.py first seen with mtime 1763752053.3334901
DEBUG 2025-11-30 11:43:38,265 autoreload File C:\Users\User\AppData\Local\Programs\Python\Python310\DLLs\_ctypes.pyd first seen with mtime 1665482366.0
DEBUG 2025-11-30 11:43:38,265 autoreload File C:\Users\User\Downloads\pondok\venv\Lib\site-packages\django\db\backends\base\creation.py first seen with mtime 1763752053.1101995
DEBUG 2025-11-30 11:43:38,265 autoreload File C:\Users\User\Downloads\pondok\venv\Lib\site-packages\django\utils\encoding.py first seen with mtime 1763752053.410594
DEBUG 2025-11-30 11:43:38,265 autoreload File C:\Users\User\Downloads\pondok\venv\Lib\site-packages\pygments\__init__.py first seen with mtime 1763746566.4585993
DEBUG 2025-11-30 11:43:38,265 autoreload File C:\Users\User\Downloads\pondok\venv\Lib\site-packages\django\contrib\staticfiles\management\__init__.py first seen with mtime 1763752052.97758
DEBUG 2025-11-30 11:43:38,265 autoreload File C:\Users\User\Downloads\pondok\venv\Lib\site-packages\widget_tweaks\models.py first seen with mtime 1763746574.400518
DEBUG 2025-11-30 11:43:38,265 autoreload File C:\Users\User\AppData\Local\Programs\Python\Python310\Lib\zoneinfo\__init__.py first seen with mtime 1665482304.0
DEBUG 2025-11-30 11:43:38,266 autoreload File C:\Users\User\AppData\Local\Programs\Python\Python310\Lib\posixpath.py first seen with mtime 1665482304.0
DEBUG 2025-11-30 11:43:38,266 autoreload File C:\Users\User\Downloads\pondok\venv\Lib\site-packages\django\template\defaulttags.py first seen with mtime 1763752053.3505497
DEBUG 2025-11-30 11:43:38,266 autoreload File C:\Users\User\Downloads\pondok\admissions\models.py first seen with mtime 1763793243.411057
DEBUG 2025-11-30 11:43:38,266 autoreload File C:\Users\User\AppData\Local\Programs\Python\Python310\Lib\email\_policybase.py first seen with mtime 1665482304.0
DEBUG 2025-11-30 11:43:38,266 autoreload File C:\Users\User\AppData\Local\Programs\Python\Python310\Lib\logging\__init__.py first seen with mtime 1665482304.0
DEBUG 2025-11-30 11:43:38,266 autoreload File C:\Users\User\Downloads\pondok\venv\Lib\site-packages\sqlparse\filters\reindent.py first seen with mtime 1763752045.335371
DEBUG 2025-11-30 11:43:38,266 autoreload File C:\Users\User\Downloads\pondok\blog\views_crud.py first seen with mtime 1763756036.9704561
DEBUG 2025-11-30 11:43:38,266 autoreload File C:\Users\User\Downloads\pondok\venv\Lib\site-packages\django\core\checks\commands.py first seen with mtime 1763752053.0086021
DEBUG 2025-11-30 11:43:38,267 autoreload File C:\Users\User\Downloads\pondok\venv\Lib\site-packages\reportlab\pdfgen\canvas.py first seen with mtime 1763751567.805724
DEBUG 2025-11-30 11:43:38,267 autoreload File C:\Users\User\Downloads\pondok\venv\Lib\site-packages\reportlab\pdfgen\pdfgeom.py first seen with mtime 1763751567.8067794
DEBUG 2025-11-30 11:43:38,267 autoreload File C:\Users\User\Downloads\pondok\venv\Lib\site-packages\django\contrib\staticfiles\finders.py first seen with mtime 1763752052.9696534
DEBUG 2025-11-30 11:43:38,267 autoreload File C:\Users\User\Downloads\pondok\venv\Lib\site-packages\django\db\models\fields\generated.py first seen with mtime 1763752053.2026258
DEBUG 2025-11-30 11:43:38,267 autoreload File C:\Users\User\AppData\Local\Programs\Python\Python310\Lib\asyncio\windows_utils.py first seen with mtime 1665482304.0
DEBUG 2025-11-30 11:43:38,267 autoreload File C:\Users\User\Downloads\pondok\venv\Lib\site-packages\django\forms\renderers.py first seen with mtime 1763752053.2422202
DEBUG 2025-11-30 11:43:38,267 autoreload File C:\Users\User\Downloads\pondok\venv\Lib\site-packages\reportlab\lib\rl_safe_eval.py first seen with mtime 1763751567.757477
DEBUG 2025-11-30 11:43:38,268 autoreload File C:\Users\User\Downloads\pondok\venv\Lib\site-packages\django\utils\tree.py first seen with mtime 1763752053.4311655
DEBUG 2025-11-30 11:43:38,268 autoreload File C:\Users\User\Downloads\pondok\admissions\apps.py first seen with mtime 1763744954.769668
DEBUG 2025-11-30 11:43:38,268 autoreload File C:\Users\User\Downloads\pondok\venv\Lib\site-packages\django\db\models\functions\math.py first seen with mtime 1763752053.2191741
DEBUG 2025-11-30 11:43:38,268 autoreload File C:\Users\User\AppData\Local\Programs\Python\Python310\Lib\email\iterators.py first seen with mtime 1665482304.0
DEBUG 2025-11-30 11:43:38,268 autoreload File C:\Users\User\Downloads\pondok\venv\Lib\site-packages\django\core\serializers\python.py first seen with mtime 1763752053.0960224
DEBUG 2025-11-30 11:43:38,268 autoreload File C:\Users\User\Downloads\pondok\venv\Lib\site-packages\django\utils\translation\trans_real.py first seen with mtime 1763752053.4378452
DEBUG 2025-11-30 11:43:38,268 autoreload File C:\Users\User\Downloads\pondok\venv\Lib\site-packages\django\utils\timezone.py first seen with mtime 1763752053.4311655
DEBUG 2025-11-30 11:43:38,269 autoreload File C:\Users\User\Downloads\pondok\venv\Lib\site-packages\django_extensions\admin\widgets.py first seen with mtime 1763746598.6252358
DEBUG 2025-11-30 11:43:38,269 autoreload File C:\Users\User\Downloads\pondok\venv\Lib\site-packages\django\template\loaders\base.py first seen with mtime 1763752053.3665957
DEBUG 2025-11-30 11:43:38,269 autoreload File C:\Users\User\Downloads\pondok\venv\Lib\site-packages\django_htmx\jinja.py first seen with mtime 1763752067.2475204
DEBUG 2025-11-30 11:43:38,269 autoreload File C:\Users\User\Downloads\pondok\venv\Lib\site-packages\asgiref\current_thread_executor.py first seen with mtime 1763752045.86293
DEBUG 2025-11-30 11:43:38,269 autoreload File C:\Users\User\Downloads\pondok\venv\Lib\site-packages\pygments\styles\__init__.py first seen with mtime 1763746566.6882946
DEBUG 2025-11-30 11:43:38,269 autoreload File C:\Users\User\AppData\Local\Programs\Python\Python310\Lib\email\_header_value_parser.py first seen with mtime 1665482304.0
DEBUG 2025-11-30 11:43:38,269 autoreload File C:\Users\User\Downloads\pondok\venv\Lib\site-packages\django\db\models\lookups.py first seen with mtime 1763752053.1909728
DEBUG 2025-11-30 11:43:38,270 autoreload File C:\Users\User\Downloads\pondok\venv\Lib\site-packages\django\db\models\fields\json.py first seen with mtime 1763752053.2036264
DEBUG 2025-11-30 11:43:38,270 autoreload File C:\Users\User\AppData\Local\Programs\Python\Python310\Lib\email\feedparser.py first seen with mtime 1665482304.0
DEBUG 2025-11-30 11:43:38,270 autoreload File C:\Users\User\AppData\Local\Programs\Python\Python310\Lib\subprocess.py first seen with mtime 1665482304.0
DEBUG 2025-11-30 11:43:38,270 autoreload File C:\Users\User\AppData\Local\Programs\Python\Python310\Lib\uuid.py first seen with mtime 1665482304.0
DEBUG 2025-11-30 11:43:38,270 autoreload File C:\Users\User\Downloads\pondok\venv\Lib\site-packages\reportlab\pdfbase\_fontdata.py first seen with mtime 1763751567.771403
DEBUG 2025-11-30 11:43:38,270 autoreload File C:\Users\User\Downloads\pondok\venv\Lib\site-packages\django\contrib\auth\backends.py first seen with mtime 1763752050.5164764
DEBUG 2025-11-30 11:43:38,270 autoreload File C:\Users\User\Downloads\pondok\venv\Lib\site-packages\django\views\generic\base.py first seen with mtime 1763752053.4543898
DEBUG 2025-11-30 11:43:38,270 autoreload File C:\Users\User\Downloads\pondok\venv\Lib\site-packages\reportlab\lib\rl_accel.py first seen with mtime 1763751567.7554722
DEBUG 2025-11-30 11:43:38,272 autoreload File C:\Users\User\AppData\Local\Programs\Python\Python310\Lib\glob.py first seen with mtime 1665482304.0
DEBUG 2025-11-30 11:43:38,272 autoreload File C:\Users\User\Downloads\pondok\core\templatetags\indonesia_format.py first seen with mtime 1764223157.9522643
DEBUG 2025-11-30 11:43:38,272 autoreload File C:\Users\User\Downloads\pondok\venv\Lib\site-packages\django\core\signals.py first seen with mtime 1763752052.9891534
DEBUG 2025-11-30 11:43:38,272 autoreload File C:\Users\User\Downloads\pondok\venv\Lib\site-packages\django\core\handlers\exception.py first seen with mtime 1763752053.048262
DEBUG 2025-11-30 11:43:38,272 autoreload File C:\Users\User\AppData\Local\Programs\Python\Python310\Lib\re.py first seen with mtime 1665482304.0
DEBUG 2025-11-30 11:43:38,272 autoreload File C:\Users\User\Downloads\pondok\venv\Lib\site-packages\django\contrib\humanize\apps.py first seen with mtime 1763752051.7432399
DEBUG 2025-11-30 11:43:38,273 autoreload File C:\Users\User\Downloads\pondok\venv\Lib\site-packages\django\db\backends\base\schema.py first seen with mtime 1763752053.1143222
DEBUG 2025-11-30 11:43:38,273 autoreload File C:\Users\User\Downloads\pondok\venv\Lib\site-packages\django\contrib\contenttypes\fields.py first seen with mtime 1763752050.8133123
DEBUG 2025-11-30 11:43:38,273 autoreload File C:\Users\User\Downloads\pondok\venv\Lib\site-packages\django\utils\http.py first seen with mtime 1763752053.4163203
DEBUG 2025-11-30 11:43:38,273 autoreload File C:\Users\User\Downloads\pondok\venv\Lib\site-packages\reportlab\pdfbase\_fontdata_widths_courier.py first seen with mtime 1763751567.7781177
DEBUG 2025-11-30 11:43:38,273 autoreload File C:\Users\User\Downloads\pondok\venv\Lib\site-packages\django\db\backends\sqlite3\client.py first seen with mtime 1763752053.1552906
DEBUG 2025-11-30 11:43:38,273 autoreload File C:\Users\User\AppData\Local\Programs\Python\Python310\Lib\wsgiref\util.py first seen with mtime 1665482304.0
DEBUG 2025-11-30 11:43:38,273 autoreload File C:\Users\User\Downloads\pondok\venv\Lib\site-packages\django\views\decorators\common.py first seen with mtime 1763752053.4478815
DEBUG 2025-11-30 11:43:38,274 autoreload File C:\Users\User\Downloads\pondok\venv\Lib\site-packages\django\core\files\utils.py first seen with mtime 1763752053.0372267
DEBUG 2025-11-30 11:43:38,274 autoreload File C:\Users\User\Downloads\pondok\venv\Lib\site-packages\django\utils\cache.py first seen with mtime 1763752053.3985467
DEBUG 2025-11-30 11:43:38,274 autoreload File C:\Users\User\AppData\Local\Programs\Python\Python310\Lib\socketserver.py first seen with mtime 1665482304.0
DEBUG 2025-11-30 11:43:38,274 autoreload File C:\Users\User\Downloads\pondok\venv\Lib\site-packages\django\middleware\http.py first seen with mtime 1763752053.3405254
DEBUG 2025-11-30 11:43:38,274 autoreload File C:\Users\User\AppData\Local\Programs\Python\Python310\Lib\struct.py first seen with mtime 1665482304.0
DEBUG 2025-11-30 11:43:38,274 autoreload File C:\Users\User\AppData\Local\Programs\Python\Python310\Lib\types.py first seen with mtime 1665482304.0
DEBUG 2025-11-30 11:43:38,274 autoreload File C:\Users\User\Downloads\pondok\venv\Lib\site-packages\django\contrib\admin\filters.py first seen with mtime 1763752049.6145158
DEBUG 2025-11-30 11:43:38,275 autoreload File C:\Users\User\AppData\Local\Programs\Python\Python310\Lib\calendar.py first seen with mtime 1665482304.0
DEBUG 2025-11-30 11:43:38,275 autoreload File C:\Users\User\AppData\Local\Programs\Python\Python310\Lib\importlib\metadata\_meta.py first seen with mtime 1665482304.0
DEBUG 2025-11-30 11:43:38,275 autoreload File C:\Users\User\Downloads\pondok\venv\Lib\site-packages\sqlparse\utils.py first seen with mtime 1763752045.3299756
DEBUG 2025-11-30 11:43:38,275 autoreload File C:\Users\User\Downloads\pondok\venv\Lib\site-packages\django\views\debug.py first seen with mtime 1763752053.440854
DEBUG 2025-11-30 11:43:38,275 autoreload File C:\Users\User\AppData\Local\Programs\Python\Python310\Lib\sqlite3\dbapi2.py first seen with mtime 1665482304.0
DEBUG 2025-11-30 11:43:38,275 autoreload File C:\Users\User\Downloads\pondok\venv\Lib\site-packages\django\db\models\aggregates.py first seen with mtime 1763752053.1824327
DEBUG 2025-11-30 11:43:38,275 autoreload File C:\Users\User\Downloads\pondok\venv\Lib\site-packages\django\middleware\cache.py first seen with mtime 1763752053.335505
DEBUG 2025-11-30 11:43:38,276 autoreload File C:\Users\User\Downloads\pondok\venv\Lib\site-packages\sqlparse\sql.py first seen with mtime 1763752045.3279386
DEBUG 2025-11-30 11:43:38,276 autoreload File C:\Users\User\Downloads\pondok\venv\Lib\site-packages\django\core\files\storage\__init__.py first seen with mtime 1763752053.038227
DEBUG 2025-11-30 11:43:38,276 autoreload File C:\Users\User\AppData\Local\Programs\Python\Python310\Lib\asyncio\__init__.py first seen with mtime 1665482304.0
DEBUG 2025-11-30 11:43:38,276 autoreload File C:\Users\User\Downloads\pondok\venv\Lib\site-packages\django\template\smartif.py first seen with mtime 1763752053.3575745
DEBUG 2025-11-30 11:43:38,276 autoreload File C:\Users\User\Downloads\pondok\venv\Lib\site-packages\django\template\backends\__init__.py first seen with mtime 1763752053.3595746
DEBUG 2025-11-30 11:43:38,276 autoreload File C:\Users\User\Downloads\pondok\venv\Lib\site-packages\django\db\models\sql\__init__.py first seen with mtime 1763752053.2231755
DEBUG 2025-11-30 11:43:38,276 autoreload File C:\Users\User\Downloads\pondok\venv\Lib\site-packages\django_summernote\widgets.py first seen with mtime 1763750129.7973273
DEBUG 2025-11-30 11:43:38,277 autoreload File C:\Users\User\Downloads\pondok\venv\Lib\site-packages\django\core\checks\templates.py first seen with mtime 1763752053.0186436
DEBUG 2025-11-30 11:43:38,277 autoreload File C:\Users\User\Downloads\pondok\venv\Lib\site-packages\django\db\backends\__init__.py first seen with mtime 1763752053.1026845
DEBUG 2025-11-30 11:43:38,277 autoreload File C:\Users\User\AppData\Local\Programs\Python\Python310\Lib\genericpath.py first seen with mtime 1665482304.0
DEBUG 2025-11-30 11:43:38,277 autoreload File C:\Users\User\AppData\Local\Programs\Python\Python310\Lib\asyncio\queues.py first seen with mtime 1665482304.0
DEBUG 2025-11-30 11:43:38,277 autoreload File C:\Users\User\AppData\Local\Programs\Python\Python310\Lib\pkgutil.py first seen with mtime 1665482304.0
DEBUG 2025-11-30 11:43:38,277 autoreload File C:\Users\User\Downloads\pondok\venv\Lib\site-packages\django\db\models\sql\query.py first seen with mtime 1763752053.2282243
DEBUG 2025-11-30 11:43:38,277 autoreload File C:\Users\User\Downloads\pondok\venv\Lib\site-packages\django\templatetags\static.py first seen with mtime 1763752053.3754964
DEBUG 2025-11-30 11:43:38,277 autoreload File C:\Users\User\AppData\Local\Programs\Python\Python310\Lib\importlib\resources.py first seen with mtime 1665482304.0
DEBUG 2025-11-30 11:43:38,279 autoreload File C:\Users\User\Downloads\pondok\venv\Lib\site-packages\django\contrib\admin\templatetags\__init__.py first seen with mtime 1763752050.2414305
DEBUG 2025-11-30 11:43:38,279 autoreload File C:\Users\User\Downloads\pondok\venv\Lib\site-packages\django\db\models\fields\files.py first seen with mtime 1763752053.2016263
DEBUG 2025-11-30 11:43:38,279 autoreload File C:\Users\User\Downloads\pondok\venv\Lib\site-packages\django\utils\hashable.py first seen with mtime 1763752053.4145844
DEBUG 2025-11-30 11:43:38,279 autoreload File C:\Users\User\AppData\Local\Programs\Python\Python310\Lib\asyncio\log.py first seen with mtime 1665482304.0
DEBUG 2025-11-30 11:43:38,279 autoreload File C:\Users\User\Downloads\pondok\venv\Lib\site-packages\django\dispatch\dispatcher.py first seen with mtime 1763752053.2332225
DEBUG 2025-11-30 11:43:38,279 autoreload File C:\Users\User\Downloads\pondok\venv\Lib\site-packages\django\utils\translation\reloader.py first seen with mtime 1763752053.4346714
DEBUG 2025-11-30 11:43:38,279 autoreload File C:\Users\User\Downloads\pondok\venv\Lib\site-packages\reportlab\lib\enums.py first seen with mtime 1763751567.7443218
DEBUG 2025-11-30 11:43:38,279 autoreload File C:\Users\User\AppData\Local\Programs\Python\Python310\Lib\asyncio\base_tasks.py first seen with mtime 1665482304.0
DEBUG 2025-11-30 11:43:38,280 autoreload File C:\Users\User\AppData\Local\Programs\Python\Python310\Lib\email\mime\base.py first seen with mtime 1665482304.0
DEBUG 2025-11-30 11:43:38,280 autoreload File C:\Users\User\AppData\Local\Programs\Python\Python310\Lib\copyreg.py first seen with mtime 1665482304.0
DEBUG 2025-11-30 11:43:38,280 autoreload File C:\Users\User\AppData\Local\Programs\Python\Python310\Lib\concurrent\futures\__init__.py first seen with mtime 1665482304.0
DEBUG 2025-11-30 11:43:38,280 autoreload File C:\Users\User\AppData\Local\Programs\Python\Python310\Lib\asyncio\format_helpers.py first seen with mtime 1665482304.0
DEBUG 2025-11-30 11:43:38,280 autoreload File C:\Users\User\Downloads\pondok\venv\Lib\site-packages\django\db\migrations\migration.py first seen with mtime 1763752053.16792
DEBUG 2025-11-30 11:43:38,280 autoreload File C:\Users\User\Downloads\pondok\venv\Lib\site-packages\pygments\util.py first seen with mtime 1763746566.4706454
DEBUG 2025-11-30 11:43:38,280 autoreload File C:\Users\User\Downloads\pondok\venv\Lib\site-packages\django\conf\__init__.py first seen with mtime 1763752049.2303507
DEBUG 2025-11-30 11:43:38,280 autoreload File C:\Users\User\AppData\Local\Programs\Python\Python310\Lib\email\errors.py first seen with mtime 1665482304.0
DEBUG 2025-11-30 11:43:38,281 autoreload File C:\Users\User\Downloads\pondok\venv\Lib\site-packages\django\db\models\functions\json.py first seen with mtime 1763752053.2181733
DEBUG 2025-11-30 11:43:38,281 autoreload File C:\Users\User\Downloads\pondok\venv\Lib\site-packages\django\forms\fields.py first seen with mtime 1763752053.2372594
DEBUG 2025-11-30 11:43:38,281 autoreload File C:\Users\User\AppData\Local\Programs\Python\Python310\Lib\importlib\_common.py first seen with mtime 1665482304.0
DEBUG 2025-11-30 11:43:38,281 autoreload File C:\Users\User\Downloads\pondok\venv\Lib\site-packages\django\contrib\admin\templatetags\log.py first seen with mtime 1763752050.2464547
DEBUG 2025-11-30 11:43:38,281 autoreload File C:\Users\User\Downloads\pondok\venv\Lib\site-packages\django\db\models\enums.py first seen with mtime 1763752053.186455
DEBUG 2025-11-30 11:43:38,281 autoreload File C:\Users\User\Downloads\pondok\venv\Lib\site-packages\PIL\_util.py first seen with mtime 1763746572.5669034
DEBUG 2025-11-30 11:43:38,281 autoreload File C:\Users\User\Downloads\pondok\venv\Lib\site-packages\django\template\loaders\cached.py first seen with mtime 1763752053.3676033
DEBUG 2025-11-30 11:43:38,282 autoreload File C:\Users\User\Downloads\pondok\venv\Lib\site-packages\sqlparse\tokens.py first seen with mtime 1763752045.3289762
DEBUG 2025-11-30 11:43:38,282 autoreload File C:\Users\User\Downloads\pondok\venv\Lib\site-packages\django\db\models\fields\composite.py first seen with mtime 1763752053.2006252
DEBUG 2025-11-30 11:43:38,282 autoreload File C:\Users\User\AppData\Local\Programs\Python\Python310\Lib\graphlib.py first seen with mtime 1665482304.0
DEBUG 2025-11-30 11:43:38,282 autoreload File C:\Users\User\Downloads\pondok\venv\Lib\site-packages\django\db\migrations\operations\__init__.py first seen with mtime 1763752053.176328
DEBUG 2025-11-30 11:43:38,282 autoreload File C:\Users\User\AppData\Local\Programs\Python\Python310\DLLs\_bz2.pyd first seen with mtime 1665482364.0
DEBUG 2025-11-30 11:43:38,282 autoreload File C:\Users\User\Downloads\pondok\venv\Lib\site-packages\django\db\utils.py first seen with mtime 1763752053.1026845
DEBUG 2025-11-30 11:43:38,283 autoreload File C:\Users\User\Downloads\pondok\venv\Lib\site-packages\django\db\backends\base\base.py first seen with mtime 1763752053.1091988
DEBUG 2025-11-30 11:43:38,283 autoreload File C:\Users\User\Downloads\pondok\venv\Lib\site-packages\reportlab\rl_settings.py first seen with mtime 1763751567.6274803
DEBUG 2025-11-30 11:43:38,283 autoreload File C:\Users\User\AppData\Local\Programs\Python\Python310\DLLs\_zoneinfo.pyd first seen with mtime 1665482364.0
DEBUG 2025-11-30 11:43:38,283 autoreload File C:\Users\User\Downloads\pondok\venv\Lib\site-packages\django\core\checks\security\sessions.py first seen with mtime 1763752053.0287056
DEBUG 2025-11-30 11:43:38,283 autoreload File C:\Users\User\Downloads\pondok\venv\Lib\site-packages\reportlab\lib\geomutils.py first seen with mtime 1763751567.748908
DEBUG 2025-11-30 11:43:38,283 autoreload File C:\Users\User\Downloads\pondok\venv\Lib\site-packages\django_htmx\__init__.py first seen with mtime 1763752067.2452374
DEBUG 2025-11-30 11:43:38,283 autoreload File C:\Users\User\Downloads\pondok\venv\Lib\site-packages\django\utils\_os.py first seen with mtime 1763752053.3950295
DEBUG 2025-11-30 11:43:38,284 autoreload File C:\Users\User\Downloads\pondok\venv\Lib\site-packages\django\core\management\base.py first seen with mtime 1763752053.0613513
DEBUG 2025-11-30 11:43:38,284 autoreload File C:\Users\User\AppData\Local\Programs\Python\Python310\Lib\io.py first seen with mtime 1665482304.0
DEBUG 2025-11-30 11:43:38,284 autoreload File C:\Users\User\Downloads\pondok\venv\Lib\site-packages\django\forms\formsets.py first seen with mtime 1763752053.2392616
DEBUG 2025-11-30 11:43:38,284 autoreload File C:\Users\User\Downloads\pondok\venv\Lib\site-packages\reportlab\lib\validators.py first seen with mtime 1763751567.765578
DEBUG 2025-11-30 11:43:38,284 autoreload File C:\Users\User\AppData\Local\Programs\Python\Python310\Lib\ipaddress.py first seen with mtime 1665482304.0
DEBUG 2025-11-30 11:43:38,284 autoreload File C:\Users\User\Downloads\pondok\venv\Lib\site-packages\sqlparse\filters\aligned_indent.py first seen with mtime 1763752045.3343632
DEBUG 2025-11-30 11:43:38,285 autoreload File C:\Users\User\Downloads\pondok\venv\Lib\site-packages\django\core\checks\caches.py first seen with mtime 1763752053.0065103
DEBUG 2025-11-30 11:43:38,285 autoreload File C:\Users\User\Downloads\pondok\venv\Lib\site-packages\reportlab\platypus\flowables.py first seen with mtime 1763751567.814097
DEBUG 2025-11-30 11:43:38,285 autoreload File C:\Users\User\Downloads\pondok\venv\Lib\site-packages\django\forms\widgets.py first seen with mtime 1763752053.2432303
DEBUG 2025-11-30 11:43:38,285 autoreload File C:\Users\User\AppData\Local\Programs\Python\Python310\Lib\quopri.py first seen with mtime 1665482304.0
DEBUG 2025-11-30 11:43:38,285 autoreload File C:\Users\User\Downloads\pondok\venv\Lib\site-packages\django\contrib\admin\apps.py first seen with mtime 1763752049.6110058
DEBUG 2025-11-30 11:43:38,285 autoreload File C:\Users\User\Downloads\pondok\venv\Lib\site-packages\django\core\checks\__init__.py first seen with mtime 1763752053.0045714
DEBUG 2025-11-30 11:43:38,285 autoreload File C:\Users\User\Downloads\pondok\venv\Lib\site-packages\reportlab\lib\sequencer.py first seen with mtime 1763751567.7594776
DEBUG 2025-11-30 11:43:38,287 autoreload File C:\Users\User\Downloads\pondok\venv\Lib\site-packages\django\core\files\storage\mixins.py first seen with mtime 1763752053.0452535
DEBUG 2025-11-30 11:43:38,287 autoreload File C:\Users\User\AppData\Local\Programs\Python\Python310\Lib\asyncio\mixins.py first seen with mtime 1665482304.0
DEBUG 2025-11-30 11:43:38,287 autoreload File C:\Users\User\Downloads\pondok\venv\Lib\site-packages\django\utils\__init__.py first seen with mtime 1763752053.3935173
DEBUG 2025-11-30 11:43:38,287 autoreload File C:\Users\User\Downloads\pondok\venv\Lib\site-packages\django\utils\deconstruct.py first seen with mtime 1763752053.406577
DEBUG 2025-11-30 11:43:38,287 autoreload File C:\Users\User\Downloads\pondok\venv\Lib\site-packages\sqlparse\engine\filter_stack.py first seen with mtime 1763752045.3309753
DEBUG 2025-11-30 11:43:38,287 autoreload File C:\Users\User\Downloads\pondok\venv\Lib\site-packages\reportlab\lib\fonts.py first seen with mtime 1763751567.7469027
DEBUG 2025-11-30 11:43:38,288 autoreload File C:\Users\User\Downloads\pondok\venv\Lib\site-packages\reportlab\lib\__init__.py first seen with mtime 1763751567.734794
DEBUG 2025-11-30 11:43:38,288 autoreload File C:\Users\User\Downloads\pondok\venv\Lib\site-packages\django\core\handlers\wsgi.py first seen with mtime 1763752053.0492604
DEBUG 2025-11-30 11:43:38,288 autoreload File C:\Users\User\AppData\Local\Programs\Python\Python310\Lib\concurrent\futures\_base.py first seen with mtime 1665482304.0
DEBUG 2025-11-30 11:43:38,288 autoreload File C:\Users\User\Downloads\pondok\venv\Lib\site-packages\django\utils\datastructures.py first seen with mtime 1763752053.4025476
DEBUG 2025-11-30 11:43:38,288 autoreload File C:\Users\User\Downloads\pondok\venv\Lib\site-packages\django_extensions\models.py first seen with mtime 1763746598.6220088
DEBUG 2025-11-30 11:43:38,288 autoreload File C:\Users\User\Downloads\pondok\venv\Lib\site-packages\widget_tweaks\templatetags\__init__.py first seen with mtime 1763746574.4015274
DEBUG 2025-11-30 11:43:38,288 autoreload File C:\Users\User\Downloads\pondok\venv\Lib\site-packages\django_extensions\templatetags\indent_text.py first seen with mtime 1763746598.7307944
DEBUG 2025-11-30 11:43:38,289 autoreload File C:\Users\User\Downloads\pondok\venv\Lib\site-packages\django\middleware\__init__.py first seen with mtime 1763752053.3344917
DEBUG 2025-11-30 11:43:38,289 autoreload File C:\Users\User\Downloads\pondok\venv\Lib\site-packages\django\contrib\staticfiles\checks.py first seen with mtime 1763752052.9686544
DEBUG 2025-11-30 11:43:38,289 autoreload File C:\Users\User\Downloads\pondok\venv\Lib\site-packages\django\contrib\auth\validators.py first seen with mtime 1763752050.532244
DEBUG 2025-11-30 11:43:38,289 autoreload File C:\Users\User\Downloads\pondok\venv\Lib\site-packages\django\contrib\staticfiles\__init__.py first seen with mtime 1763752052.9676545
DEBUG 2025-11-30 11:43:38,289 autoreload File C:\Users\User\Downloads\pondok\venv\Lib\site-packages\django\core\handlers\__init__.py first seen with mtime 1763752053.0458593
DEBUG 2025-11-30 11:43:38,289 autoreload File C:\Users\User\Downloads\pondok\venv\Lib\site-packages\reportlab\pdfgen\textobject.py first seen with mtime 1763751567.8095174
DEBUG 2025-11-30 11:43:38,290 autoreload File C:\Users\User\Downloads\pondok\venv\Lib\site-packages\django\utils\ipv6.py first seen with mtime 1763752053.4186223
DEBUG 2025-11-30 11:43:38,290 autoreload File C:\Users\User\Downloads\pondok\users\models.py first seen with mtime 1763881388.105136
DEBUG 2025-11-30 11:43:38,290 autoreload File C:\Users\User\Downloads\pondok\venv\Lib\site-packages\django\core\mail\__init__.py first seen with mtime 1763752053.0502608
DEBUG 2025-11-30 11:43:38,290 autoreload File C:\Users\User\AppData\Local\Programs\Python\Python310\Lib\http\server.py first seen with mtime 1665482304.0
DEBUG 2025-11-30 11:43:38,290 autoreload File C:\Users\User\Downloads\pondok\venv\Lib\site-packages\django\db\backends\ddl_references.py first seen with mtime 1763752053.103685
DEBUG 2025-11-30 11:43:38,290 autoreload File C:\Users\User\Downloads\pondok\venv\Lib\site-packages\django\db\models\__init__.py first seen with mtime 1763752053.1814332
DEBUG 2025-11-30 11:43:38,290 autoreload File C:\Users\User\Downloads\pondok\venv\Lib\site-packages\django_summernote\utils.py first seen with mtime 1763750129.7953274
DEBUG 2025-11-30 11:43:38,291 autoreload File C:\Users\User\Downloads\pondok\venv\Lib\site-packages\django\contrib\auth\__init__.py first seen with mtime 1763752050.5119748
DEBUG 2025-11-30 11:43:38,291 autoreload File C:\Users\User\Downloads\pondok\venv\Lib\site-packages\django\utils\log.py first seen with mtime 1763752053.4196248
DEBUG 2025-11-30 11:43:38,291 autoreload File C:\Users\User\AppData\Local\Programs\Python\Python310\Lib\threading.py first seen with mtime 1665482304.0
DEBUG 2025-11-30 11:43:38,291 autoreload File C:\Users\User\Downloads\pondok\venv\Lib\site-packages\django\core\signing.py first seen with mtime 1763752052.9902036
DEBUG 2025-11-30 11:43:38,291 autoreload File C:\Users\User\Downloads\pondok\venv\Lib\site-packages\django\core\cache\backends\base.py first seen with mtime 1763752052.9975681
DEBUG 2025-11-30 11:43:38,292 autoreload File C:\Users\User\Downloads\pondok\venv\Lib\site-packages\django\core\checks\security\base.py first seen with mtime 1763752053.0266936
DEBUG 2025-11-30 11:43:38,292 autoreload File C:\Users\User\Downloads\pondok\venv\Lib\site-packages\django\db\backends\base\operations.py first seen with mtime 1763752053.1138146
DEBUG 2025-11-30 11:43:38,292 autoreload File C:\Users\User\Downloads\pondok\venv\Lib\site-packages\django\urls\base.py first seen with mtime 1763752053.3884814
DEBUG 2025-11-30 11:43:38,292 autoreload File C:\Users\User\Downloads\pondok\venv\Lib\site-packages\django\db\models\query.py first seen with mtime 1763752053.194481
DEBUG 2025-11-30 11:43:38,292 autoreload File C:\Users\User\AppData\Local\Programs\Python\Python310\Lib\email\encoders.py first seen with mtime 1665482304.0
DEBUG 2025-11-30 11:43:38,292 autoreload File C:\Users\User\AppData\Local\Programs\Python\Python310\Lib\wsgiref\simple_server.py first seen with mtime 1665482304.0
DEBUG 2025-11-30 11:43:38,292 autoreload File C:\Users\User\Downloads\pondok\venv\Lib\site-packages\django\db\models\expressions.py first seen with mtime 1763752053.187962
DEBUG 2025-11-30 11:43:38,294 autoreload File C:\Users\User\AppData\Local\Programs\Python\Python310\Lib\email\mime\multipart.py first seen with mtime 1665482304.0
DEBUG 2025-11-30 11:43:38,294 autoreload File C:\Users\User\Downloads\pondok\venv\Lib\site-packages\django\utils\regex_helper.py first seen with mtime 1763752053.4236295
DEBUG 2025-11-30 11:43:38,294 autoreload File C:\Users\User\AppData\Local\Programs\Python\Python310\Lib\importlib\metadata\_adapters.py first seen with mtime 1665482304.0
DEBUG 2025-11-30 11:43:38,294 autoreload File C:\Users\User\Downloads\pondok\venv\Lib\site-packages\reportlab\lib\utils.py first seen with mtime 1763751567.7649846
DEBUG 2025-11-30 11:43:38,294 autoreload File C:\Users\User\AppData\Local\Programs\Python\Python310\Lib\json\decoder.py first seen with mtime 1665482304.0
DEBUG 2025-11-30 11:43:38,294 autoreload File C:\Users\User\AppData\Local\Programs\Python\Python310\Lib\email\__init__.py first seen with mtime 1665482304.0
DEBUG 2025-11-30 11:43:38,294 autoreload File C:\Users\User\Downloads\pondok\venv\Lib\site-packages\django\views\generic\__init__.py first seen with mtime 1763752053.4528818
DEBUG 2025-11-30 11:43:38,295 autoreload File C:\Users\User\Downloads\pondok\venv\Lib\site-packages\django\template\loaders\app_directories.py first seen with mtime 1763752053.365587
DEBUG 2025-11-30 11:43:38,295 autoreload File C:\Users\User\AppData\Local\Programs\Python\Python310\Lib\http\__init__.py first seen with mtime 1665482304.0
DEBUG 2025-11-30 11:43:38,295 autoreload File C:\Users\User\AppData\Local\Programs\Python\Python310\Lib\dataclasses.py first seen with mtime 1665482304.0
DEBUG 2025-11-30 11:43:38,295 autoreload File C:\Users\User\Downloads\pondok\venv\Lib\site-packages\django\contrib\admin\views\autocomplete.py first seen with mtime 1763752050.248455
DEBUG 2025-11-30 11:43:38,295 autoreload File C:\Users\User\AppData\Local\Programs\Python\Python310\Lib\encodings\utf_8.py first seen with mtime 1665482304.0
DEBUG 2025-11-30 11:43:38,295 autoreload File C:\Users\User\Downloads\pondok\payments\models.py first seen with mtime 1763787601.2428713
DEBUG 2025-11-30 11:43:38,295 autoreload File C:\Users\User\Downloads\pondok\venv\Lib\site-packages\reportlab\platypus\doctemplate.py first seen with mtime 1763751567.811571
DEBUG 2025-11-30 11:43:38,295 autoreload File C:\Users\User\Downloads\pondok\venv\Lib\site-packages\django_summernote\models.py first seen with mtime 1763750129.7933261
DEBUG 2025-11-30 11:43:38,296 autoreload File C:\Users\User\AppData\Local\Programs\Python\Python310\Lib\ast.py first seen with mtime 1665482304.0
DEBUG 2025-11-30 11:43:38,296 autoreload File C:\Users\User\Downloads\pondok\venv\Lib\site-packages\django\template\library.py first seen with mtime 1763752053.3535478
DEBUG 2025-11-30 11:43:38,296 autoreload File C:\Users\User\AppData\Local\Programs\Python\Python310\Lib\importlib\machinery.py first seen with mtime 1665482304.0
DEBUG 2025-11-30 11:43:38,296 autoreload File C:\Users\User\AppData\Local\Programs\Python\Python310\Lib\_sitebuiltins.py first seen with mtime 1665482304.0
DEBUG 2025-11-30 11:43:38,296 autoreload File C:\Users\User\Downloads\pondok\venv\Lib\site-packages\pygments\lexers\__init__.py first seen with mtime 1763746566.4838464
DEBUG 2025-11-30 11:43:38,296 autoreload File C:\Users\User\Downloads\pondok\venv\Lib\site-packages\django_summernote\apps.py first seen with mtime 1763750129.7921634
DEBUG 2025-11-30 11:43:38,297 autoreload File C:\Users\User\Downloads\pondok\venv\Lib\site-packages\django\contrib\contenttypes\models.py first seen with mtime 1763752050.8153386
DEBUG 2025-11-30 11:43:38,297 autoreload File C:\Users\User\AppData\Local\Programs\Python\Python310\Lib\shutil.py first seen with mtime 1665482304.0
DEBUG 2025-11-30 11:43:38,297 autoreload File C:\Users\User\AppData\Local\Programs\Python\Python310\Lib\importlib\_adapters.py first seen with mtime 1665482304.0
DEBUG 2025-11-30 11:43:38,297 autoreload File C:\Users\User\Downloads\pondok\venv\Lib\site-packages\reportlab\pdfbase\pdfmetrics.py first seen with mtime 1763751567.7980504
DEBUG 2025-11-30 11:43:38,297 autoreload File C:\Users\User\Downloads\pondok\venv\Lib\site-packages\sqlparse\filters\output.py first seen with mtime 1763752045.335371
DEBUG 2025-11-30 11:43:38,297 autoreload File C:\Users\User\Downloads\pondok\venv\Lib\site-packages\django\contrib\messages\utils.py first seen with mtime 1763752051.9860833
DEBUG 2025-11-30 11:43:38,298 autoreload File C:\Users\User\AppData\Local\Programs\Python\Python310\Lib\site.py first seen with mtime 1665482304.0
DEBUG 2025-11-30 11:43:38,298 autoreload File C:\Users\User\AppData\Local\Programs\Python\Python310\Lib\traceback.py first seen with mtime 1665482304.0
DEBUG 2025-11-30 11:43:38,298 autoreload File C:\Users\User\AppData\Local\Programs\Python\Python310\Lib\asyncio\protocols.py first seen with mtime 1665482304.0
DEBUG 2025-11-30 11:43:38,298 autoreload File C:\Users\User\AppData\Local\Programs\Python\Python310\Lib\opcode.py first seen with mtime 1665482304.0
DEBUG 2025-11-30 11:43:38,298 autoreload File C:\Users\User\Downloads\pondok\venv\Lib\site-packages\django\db\models\options.py first seen with mtime 1763752053.192972
DEBUG 2025-11-30 11:43:38,298 autoreload File C:\Users\User\AppData\Local\Programs\Python\Python310\Lib\mimetypes.py first seen with mtime 1665482304.0
DEBUG 2025-11-30 11:43:38,299 autoreload File C:\Users\User\Downloads\pondok\venv\Lib\site-packages\django\apps\__init__.py first seen with mtime 1763752049.22735
DEBUG 2025-11-30 11:43:38,299 autoreload File C:\Users\User\Downloads\pondok\venv\Lib\site-packages\pygments\formatters\__init__.py first seen with mtime 1763746566.4731612
DEBUG 2025-11-30 11:43:38,299 autoreload File C:\Users\User\Downloads\pondok\venv\Lib\site-packages\reportlab\lib\abag.py first seen with mtime 1763751567.736309
DEBUG 2025-11-30 11:43:38,299 autoreload File C:\Users\User\Downloads\pondok\venv\Lib\site-packages\reportlab\pdfbase\_fontdata_enc_winansi.py first seen with mtime 1763751567.7771173
DEBUG 2025-11-30 11:43:38,299 autoreload File C:\Users\User\Downloads\pondok\venv\Lib\site-packages\reportlab\lib\logger.py first seen with mtime 1763751567.7509098
DEBUG 2025-11-30 11:43:38,299 autoreload File C:\Users\User\AppData\Local\Programs\Python\Python310\Lib\urllib\__init__.py first seen with mtime 1665482304.0
DEBUG 2025-11-30 11:43:38,300 autoreload File C:\Users\User\Downloads\pondok\venv\Lib\site-packages\django\urls\exceptions.py first seen with mtime 1763752053.3915212
DEBUG 2025-11-30 11:43:38,300 autoreload File C:\Users\User\Downloads\pondok\venv\Lib\site-packages\django\core\exceptions.py first seen with mtime 1763752052.9866314
DEBUG 2025-11-30 11:43:38,300 autoreload File C:\Users\User\Downloads\pondok\venv\Lib\site-packages\django\forms\utils.py first seen with mtime 1763752053.2432303
DEBUG 2025-11-30 11:43:38,300 autoreload File C:\Users\User\Downloads\pondok\venv\Lib\site-packages\django\urls\conf.py first seen with mtime 1763752053.3884814
DEBUG 2025-11-30 11:43:38,300 autoreload File C:\Users\User\Downloads\pondok\venv\Lib\site-packages\reportlab\pdfbase\_fontdata_widths_timesitalic.py first seen with mtime 1763751567.789441
DEBUG 2025-11-30 11:43:38,300 autoreload File C:\Users\User\Downloads\pondok\venv\Lib\site-packages\colorama\ansi.py first seen with mtime 1763746574.4669259
DEBUG 2025-11-30 11:43:38,300 autoreload File C:\Users\User\AppData\Local\Programs\Python\Python310\Lib\tempfile.py first seen with mtime 1665482304.0
DEBUG 2025-11-30 11:43:38,300 autoreload File C:\Users\User\Downloads\pondok\venv\Lib\site-packages\django\contrib\admin\helpers.py first seen with mtime 1763752049.616032
DEBUG 2025-11-30 11:43:38,301 autoreload File C:\Users\User\Downloads\pondok\venv\Lib\site-packages\django\conf\urls\static.py first seen with mtime 1763752049.6080077
DEBUG 2025-11-30 11:43:38,301 autoreload File C:\Users\User\Downloads\pondok\venv\Lib\site-packages\django\views\__init__.py first seen with mtime 1763752053.4388463
DEBUG 2025-11-30 11:43:38,301 autoreload File C:\Users\User\Downloads\pondok\venv\Lib\site-packages\django\utils\dates.py first seen with mtime 1763752053.4055612
DEBUG 2025-11-30 11:43:38,301 autoreload File C:\Users\User\AppData\Local\Programs\Python\Python310\Lib\contextlib.py first seen with mtime 1665482304.0
DEBUG 2025-11-30 11:43:38,301 autoreload File C:\Users\User\Downloads\pondok\venv\Lib\site-packages\django\core\management\commands\__init__.py first seen with mtime 1763752053.0663736
DEBUG 2025-11-30 11:43:38,302 autoreload File C:\Users\User\AppData\Local\Programs\Python\Python310\Lib\ctypes\_endian.py first seen with mtime 1665482304.0
DEBUG 2025-11-30 11:43:38,302 autoreload File C:\Users\User\AppData\Local\Programs\Python\Python310\Lib\importlib\abc.py first seen with mtime 1665482304.0
DEBUG 2025-11-30 11:43:38,302 autoreload File C:\Users\User\Downloads\pondok\venv\Lib\site-packages\reportlab\platypus\tables.py first seen with mtime 1763751567.8241854
DEBUG 2025-11-30 11:43:38,302 autoreload File C:\Users\User\Downloads\pondok\venv\Lib\site-packages\django_summernote\views.py first seen with mtime 1763750129.7963274
DEBUG 2025-11-30 11:43:38,302 autoreload File C:\Users\User\Downloads\pondok\venv\Lib\site-packages\reportlab\pdfbase\_fontdata_enc_macroman.py first seen with mtime 1763751567.7734046
DEBUG 2025-11-30 11:43:38,303 autoreload File C:\Users\User\Downloads\pondok\core\models.py first seen with mtime 1764227325.2709403
DEBUG 2025-11-30 11:43:38,303 autoreload File C:\Users\User\Downloads\pondok\admissions\admin.py first seen with mtime 1763745278.2624967
DEBUG 2025-11-30 11:43:38,303 autoreload File C:\Users\User\Downloads\pondok\venv\Lib\site-packages\django\contrib\staticfiles\management\commands\runserver.py first seen with mtime 1763752052.9815788
DEBUG 2025-11-30 11:43:38,303 autoreload File C:\Users\User\Downloads\pondok\core\apps.py first seen with mtime 1763744949.3210676
DEBUG 2025-11-30 11:43:38,303 autoreload File C:\Users\User\Downloads\pondok\venv\Lib\site-packages\django\template\engine.py first seen with mtime 1763752053.3515482
DEBUG 2025-11-30 11:43:38,303 autoreload File C:\Users\User\Downloads\pondok\venv\Lib\site-packages\django\db\models\query_utils.py first seen with mtime 1763752053.1966171
DEBUG 2025-11-30 11:43:38,304 autoreload File C:\Users\User\Downloads\pondok\venv\Lib\site-packages\reportlab\lib\boxstuff.py first seen with mtime 1763751567.7393816
DEBUG 2025-11-30 11:43:38,304 autoreload File C:\Users\User\Downloads\pondok\venv\Lib\site-packages\django\contrib\admin\exceptions.py first seen with mtime 1763752049.613006
DEBUG 2025-11-30 11:43:38,304 autoreload File C:\Users\User\Downloads\pondok\venv\Lib\site-packages\django\contrib\humanize\__init__.py first seen with mtime 1763752051.7422411
DEBUG 2025-11-30 11:43:38,304 autoreload File C:\Users\User\Downloads\pondok\venv\Lib\site-packages\django\core\servers\basehttp.py first seen with mtime 1763752053.099684
DEBUG 2025-11-30 11:43:38,304 autoreload File C:\Users\User\AppData\Local\Programs\Python\Python310\DLLs\_decimal.pyd first seen with mtime 1665482366.0
DEBUG 2025-11-30 11:43:38,304 autoreload File C:\Users\User\Downloads\pondok\psb_pondok\urls.py first seen with mtime 1763913433.4046576
DEBUG 2025-11-30 11:43:38,304 autoreload File C:\Users\User\AppData\Local\Programs\Python\Python310\Lib\_markupbase.py first seen with mtime 1665482304.0
DEBUG 2025-11-30 11:43:38,306 autoreload File C:\Users\User\Downloads\pondok\venv\Lib\site-packages\django\db\backends\sqlite3\schema.py first seen with mtime 1763752053.1608942
DEBUG 2025-11-30 11:43:38,306 autoreload File C:\Users\User\Downloads\pondok\venv\Lib\site-packages\django\db\backends\base\__init__.py first seen with mtime 1763752053.1072028
DEBUG 2025-11-30 11:43:38,306 autoreload File C:\Users\User\Downloads\pondok\venv\Lib\site-packages\django\forms\models.py first seen with mtime 1763752053.2402637
DEBUG 2025-11-30 11:43:38,306 autoreload File C:\Users\User\Downloads\pondok\venv\Lib\site-packages\django\db\models\sql\constants.py first seen with mtime 1763752053.2262154
DEBUG 2025-11-30 11:43:38,306 autoreload File C:\Users\User\Downloads\pondok\venv\Lib\site-packages\asgiref\__init__.py first seen with mtime 1763752045.8619294
DEBUG 2025-11-30 11:43:38,306 autoreload File C:\Users\User\Downloads\pondok\venv\Lib\site-packages\django\db\models\fields\related.py first seen with mtime 1763752053.2081556
DEBUG 2025-11-30 11:43:38,306 autoreload File C:\Users\User\Downloads\pondok\venv\Lib\site-packages\django\db\models\indexes.py first seen with mtime 1763752053.1889713
DEBUG 2025-11-30 11:43:38,307 autoreload File C:\Users\User\Downloads\pondok\venv\Lib\site-packages\django_extensions\templatetags\widont.py first seen with mtime 1763746598.7327938
DEBUG 2025-11-30 11:43:38,307 autoreload File C:\Users\User\AppData\Local\Programs\Python\Python310\Lib\asyncio\subprocess.py first seen with mtime 1665482304.0
DEBUG 2025-11-30 11:43:38,307 autoreload File C:\Users\User\Downloads\pondok\venv\Lib\site-packages\PIL\_imaging.cp310-win_amd64.pyd first seen with mtime 1763746572.5455792
DEBUG 2025-11-30 11:43:38,307 autoreload File C:\Users\User\Downloads\pondok\venv\Lib\site-packages\django\db\models\functions\text.py first seen with mtime 1763752053.2211735
DEBUG 2025-11-30 11:43:38,307 autoreload File C:\Users\User\Downloads\pondok\venv\Lib\site-packages\django\core\cache\utils.py first seen with mtime 1763752052.99555
DEBUG 2025-11-30 11:43:38,308 autoreload File C:\Users\User\Downloads\pondok\venv\Lib\site-packages\django\contrib\auth\management\__init__.py first seen with mtime 1763752050.7877402
DEBUG 2025-11-30 11:43:38,308 autoreload File C:\Users\User\Downloads\pondok\venv\Lib\site-packages\django\http\multipartparser.py first seen with mtime 1763752053.3314922
DEBUG 2025-11-30 11:43:38,308 autoreload File C:\Users\User\Downloads\pondok\venv\Lib\site-packages\django\templatetags\i18n.py first seen with mtime 1763752053.372479
DEBUG 2025-11-30 11:43:38,308 autoreload File C:\Users\User\AppData\Local\Programs\Python\Python310\Lib\os.py first seen with mtime 1665482304.0
DEBUG 2025-11-30 11:43:38,308 autoreload File C:\Users\User\Downloads\pondok\venv\Lib\site-packages\reportlab\pdfbase\_fontdata_enc_standard.py first seen with mtime 1763751567.775918
DEBUG 2025-11-30 11:43:38,308 autoreload File C:\Users\User\Downloads\pondok\venv\Lib\site-packages\django\db\migrations\exceptions.py first seen with mtime 1763752053.1628935
DEBUG 2025-11-30 11:43:38,308 autoreload File C:\Users\User\Downloads\pondok\venv\Lib\site-packages\django\views\generic\dates.py first seen with mtime 1763752053.4543898
DEBUG 2025-11-30 11:43:38,309 autoreload File C:\Users\User\AppData\Local\Programs\Python\Python310\Lib\asyncio\proactor_events.py first seen with mtime 1665482304.0
DEBUG 2025-11-30 11:43:38,309 autoreload File C:\Users\User\Downloads\pondok\venv\Lib\site-packages\django\contrib\messages\storage\base.py first seen with mtime 1763752051.9890993
DEBUG 2025-11-30 11:43:38,309 autoreload File C:\Users\User\AppData\Local\Programs\Python\Python310\Lib\signal.py first seen with mtime 1665482304.0
DEBUG 2025-11-30 11:43:38,309 autoreload File C:\Users\User\AppData\Local\Programs\Python\Python310\Lib\reprlib.py first seen with mtime 1665482304.0
DEBUG 2025-11-30 11:43:38,309 autoreload File C:\Users\User\Downloads\pondok\venv\Lib\site-packages\django\utils\version.py first seen with mtime 1763752053.4321632
DEBUG 2025-11-30 11:43:38,310 autoreload File C:\Users\User\Downloads\pondok\blog\models.py first seen with mtime 1763884481.7166636
DEBUG 2025-11-30 11:43:38,310 autoreload File C:\Users\User\AppData\Local\Programs\Python\Python310\Lib\string.py first seen with mtime 1665482304.0
DEBUG 2025-11-30 11:43:38,310 autoreload File C:\Users\User\Downloads\pondok\venv\Lib\site-packages\django\template\loaders\filesystem.py first seen with mtime 1763752053.3690672
DEBUG 2025-11-30 11:43:38,310 autoreload File C:\Users\User\Downloads\pondok\admin_panel\utils.py first seen with mtime 1763902876.9803603
DEBUG 2025-11-30 11:43:38,310 autoreload File C:\Users\User\Downloads\pondok\venv\Lib\site-packages\django\contrib\admin\templatetags\admin_modify.py first seen with mtime 1763752050.2434306
DEBUG 2025-11-30 11:43:38,311 autoreload File C:\Users\User\AppData\Local\Programs\Python\Python310\Lib\asyncio\runners.py first seen with mtime 1665482304.0
DEBUG 2025-11-30 11:43:38,311 autoreload File C:\Users\User\Downloads\pondok\venv\Lib\site-packages\django\db\models\fields\proxy.py first seen with mtime 1763752053.2061453
DEBUG 2025-11-30 11:43:38,311 autoreload File C:\Users\User\Downloads\pondok\venv\Lib\site-packages\django\template\__init__.py first seen with mtime 1763752053.3450255
DEBUG 2025-11-30 11:43:38,311 autoreload File C:\Users\User\AppData\Local\Programs\Python\Python310\Lib\concurrent\__init__.py first seen with mtime 1665482304.0
DEBUG 2025-11-30 11:43:38,311 autoreload File C:\Users\User\Downloads\pondok\venv\Lib\site-packages\reportlab\pdfbase\_fontdata_widths_courierboldoblique.py first seen with mtime 1763751567.7801168
DEBUG 2025-11-30 11:43:38,311 autoreload File C:\Users\User\AppData\Local\Programs\Python\Python310\Lib\encodings\aliases.py first seen with mtime 1665482304.0
DEBUG 2025-11-30 11:43:38,311 autoreload File C:\Users\User\AppData\Local\Programs\Python\Python310\Lib\html\parser.py first seen with mtime 1665482304.0
DEBUG 2025-11-30 11:43:38,311 autoreload File C:\Users\User\AppData\Local\Programs\Python\Python310\Lib\sre_constants.py first seen with mtime 1665482304.0
DEBUG 2025-11-30 11:43:38,313 autoreload File C:\Users\User\AppData\Local\Programs\Python\Python310\Lib\bz2.py first seen with mtime 1665482304.0
DEBUG 2025-11-30 11:43:38,313 autoreload File C:\Users\User\AppData\Local\Programs\Python\Python310\Lib\json\encoder.py first seen with mtime 1665482304.0
DEBUG 2025-11-30 11:43:38,313 autoreload File C:\Users\User\Downloads\pondok\venv\Lib\site-packages\django_filters\exceptions.py first seen with mtime 1763746598.3520293
DEBUG 2025-11-30 11:43:38,313 autoreload File C:\Users\User\Downloads\pondok\venv\Lib\site-packages\django\views\generic\detail.py first seen with mtime 1763752053.4559088
DEBUG 2025-11-30 11:43:38,313 autoreload File C:\Users\User\Downloads\pondok\venv\Lib\site-packages\django\core\files\locks.py first seen with mtime 1763752053.032704
DEBUG 2025-11-30 11:43:38,313 autoreload File C:\Users\User\Downloads\pondok\venv\Lib\site-packages\django_filters\conf.py first seen with mtime 1763746598.3505268
DEBUG 2025-11-30 11:43:38,314 autoreload File C:\Users\User\Downloads\pondok\venv\Lib\site-packages\sqlparse\lexer.py first seen with mtime 1763752045.326751
DEBUG 2025-11-30 11:43:38,314 autoreload File C:\Users\User\AppData\Local\Programs\Python\Python310\DLLs\_queue.pyd first seen with mtime 1665482364.0
DEBUG 2025-11-30 11:43:38,314 autoreload File C:\Users\User\Downloads\pondok\venv\Lib\site-packages\django\contrib\humanize\templatetags\__init__.py first seen with mtime 1763752051.9796476
DEBUG 2025-11-30 11:43:38,314 autoreload File C:\Users\User\Downloads\pondok\venv\Lib\site-packages\colorama\win32.py first seen with mtime 1763746574.4694328
DEBUG 2025-11-30 11:43:38,314 autoreload File C:\Users\User\Downloads\pondok\venv\Lib\site-packages\django\contrib\auth\base_user.py first seen with mtime 1763752050.517484
DEBUG 2025-11-30 11:43:38,314 autoreload File C:\Users\User\Downloads\pondok\venv\Lib\site-packages\django\core\checks\security\__init__.py first seen with mtime 1763752053.0251563
DEBUG 2025-11-30 11:43:38,314 autoreload File C:\Users\User\Downloads\pondok\venv\Lib\site-packages\reportlab\platypus\frames.py first seen with mtime 1763751567.8151197
DEBUG 2025-11-30 11:43:38,314 autoreload File C:\Users\User\Downloads\pondok\venv\Lib\site-packages\django\urls\resolvers.py first seen with mtime 1763752053.3925185
DEBUG 2025-11-30 11:43:38,315 autoreload File C:\Users\User\AppData\Local\Programs\Python\Python310\Lib\stat.py first seen with mtime 1665482304.0
DEBUG 2025-11-30 11:43:38,315 autoreload File C:\Users\User\AppData\Local\Programs\Python\Python310\Lib\uu.py first seen with mtime 1665482304.0
DEBUG 2025-11-30 11:43:38,315 autoreload File C:\Users\User\AppData\Local\Programs\Python\Python310\Lib\http\client.py first seen with mtime 1665482304.0
DEBUG 2025-11-30 11:43:38,315 autoreload File C:\Users\User\Downloads\pondok\venv\Lib\site-packages\django\core\management\color.py first seen with mtime 1763752053.0623493
DEBUG 2025-11-30 11:43:38,315 autoreload File C:\Users\User\Downloads\pondok\venv\Lib\site-packages\django\db\models\functions\comparison.py first seen with mtime 1763752053.216174
DEBUG 2025-11-30 11:43:38,315 autoreload File C:\Users\User\Downloads\pondok\venv\Lib\site-packages\django\contrib\auth\middleware.py first seen with mtime 1763752050.5252342
DEBUG 2025-11-30 11:43:38,315 autoreload File C:\Users\User\Downloads\pondok\venv\Lib\site-packages\django\core\__init__.py first seen with mtime 1763752052.9854555
DEBUG 2025-11-30 11:43:38,316 autoreload File C:\Users\User\Downloads\pondok\venv\Lib\site-packages\sqlparse\filters\others.py first seen with mtime 1763752045.3343632
DEBUG 2025-11-30 11:43:38,316 autoreload File C:\Users\User\Downloads\pondok\venv\Lib\site-packages\django\utils\dateparse.py first seen with mtime 1763752053.4045463
DEBUG 2025-11-30 11:43:38,316 autoreload File C:\Users\User\AppData\Local\Programs\Python\Python310\Lib\textwrap.py first seen with mtime 1665482304.0
DEBUG 2025-11-30 11:43:38,316 autoreload File C:\Users\User\Downloads\pondok\venv\Lib\site-packages\django\template\loader.py first seen with mtime 1763752053.3545492
DEBUG 2025-11-30 11:43:38,316 autoreload File C:\Users\User\Downloads\pondok\venv\Lib\site-packages\PIL\_binary.py first seen with mtime 1763746572.533869
DEBUG 2025-11-30 11:43:38,316 autoreload File C:\Users\User\Downloads\pondok\venv\Lib\site-packages\django\db\backends\sqlite3\features.py first seen with mtime 1763752053.1567788
DEBUG 2025-11-30 11:43:38,317 autoreload File C:\Users\User\AppData\Local\Programs\Python\Python310\Lib\importlib\metadata\_collections.py first seen with mtime 1665482304.0
DEBUG 2025-11-30 11:43:38,317 autoreload File C:\Users\User\Downloads\pondok\venv\Lib\site-packages\reportlab\lib\textsplit.py first seen with mtime 1763751567.7624822
DEBUG 2025-11-30 11:43:38,317 autoreload File C:\Users\User\Downloads\pondok\venv\Lib\site-packages\sqlparse\filters\tokens.py first seen with mtime 1763752045.3378673
DEBUG 2025-11-30 11:43:38,317 autoreload File C:\Users\User\AppData\Local\Programs\Python\Python310\Lib\collections\__init__.py first seen with mtime 1665482304.0
DEBUG 2025-11-30 11:43:38,317 autoreload File C:\Users\User\Downloads\pondok\venv\Lib\site-packages\django\core\checks\database.py first seen with mtime 1763752053.012602
DEBUG 2025-11-30 11:43:38,317 autoreload File C:\Users\User\AppData\Local\Programs\Python\Python310\Lib\asyncio\threads.py first seen with mtime 1665482304.0
DEBUG 2025-11-30 11:43:38,318 autoreload File C:\Users\User\Downloads\pondok\venv\Lib\site-packages\django\contrib\sessions\models.py first seen with mtime 1763752052.4535046
DEBUG 2025-11-30 11:43:38,318 autoreload File C:\Users\User\Downloads\pondok\admin_panel\models.py first seen with mtime 1763913433.4026527
DEBUG 2025-11-30 11:43:38,318 autoreload File C:\Users\User\AppData\Local\Programs\Python\Python310\Lib\pickle.py first seen with mtime 1665482304.0
DEBUG 2025-11-30 11:43:38,318 autoreload File C:\Users\User\Downloads\pondok\venv\Lib\site-packages\django\views\generic\edit.py first seen with mtime 1763752053.457713
DEBUG 2025-11-30 11:43:38,318 autoreload File C:\Users\User\Downloads\pondok\venv\Lib\site-packages\django\db\backends\sqlite3\base.py first seen with mtime 1763752053.1547687
DEBUG 2025-11-30 11:43:38,318 autoreload File C:\Users\User\Downloads\pondok\venv\Lib\site-packages\reportlab\pdfbase\__init__.py first seen with mtime 1763751567.76798
DEBUG 2025-11-30 11:43:38,318 autoreload File C:\Users\User\Downloads\pondok\manage.py first seen with mtime 1763744940.9781108
DEBUG 2025-11-30 11:43:38,319 autoreload File C:\Users\User\AppData\Local\Programs\Python\Python310\Lib\http\cookies.py first seen with mtime 1665482304.0
DEBUG 2025-11-30 11:43:38,319 autoreload File C:\Users\User\Downloads\pondok\venv\Lib\site-packages\django\template\defaultfilters.py first seen with mtime 1763752053.3495493
DEBUG 2025-11-30 11:43:38,319 autoreload File C:\Users\User\AppData\Local\Programs\Python\Python310\Lib\inspect.py first seen with mtime 1665482304.0
DEBUG 2025-11-30 11:43:38,319 autoreload File C:\Users\User\Downloads\pondok\venv\Lib\site-packages\django\conf\locale\__init__.py first seen with mtime 1763752049.2462778
DEBUG 2025-11-30 11:43:38,319 autoreload File C:\Users\User\Downloads\pondok\venv\Lib\site-packages\django\core\mail\message.py first seen with mtime 1763752053.051263
DEBUG 2025-11-30 11:43:38,319 autoreload File C:\Users\User\Downloads\pondok\venv\Lib\site-packages\django\contrib\admin\checks.py first seen with mtime 1763752049.6120057
DEBUG 2025-11-30 11:43:38,319 autoreload File C:\Users\User\Downloads\pondok\venv\Lib\site-packages\django\db\backends\signals.py first seen with mtime 1763752053.1051908
DEBUG 2025-11-30 11:43:38,320 autoreload File C:\Users\User\AppData\Local\Programs\Python\Python310\Lib\zipfile.py first seen with mtime 1665482304.0
DEBUG 2025-11-30 11:43:38,320 autoreload File C:\Users\User\Downloads\pondok\venv\Lib\site-packages\django\db\backends\sqlite3\_functions.py first seen with mtime 1763752053.1532624
DEBUG 2025-11-30 11:43:38,320 autoreload File C:\Users\User\Downloads\pondok\venv\Lib\site-packages\django\utils\module_loading.py first seen with mtime 1763752053.4216259
DEBUG 2025-11-30 11:43:38,320 autoreload File C:\Users\User\Downloads\pondok\venv\Lib\site-packages\django\contrib\admin\__init__.py first seen with mtime 1763752049.6100063
DEBUG 2025-11-30 11:43:38,320 autoreload File C:\Users\User\AppData\Local\Programs\Python\Python310\DLLs\_socket.pyd first seen with mtime 1665482364.0
DEBUG 2025-11-30 11:43:38,320 autoreload File C:\Users\User\Downloads\pondok\venv\Lib\site-packages\django\templatetags\tz.py first seen with mtime 1763752053.3764608
DEBUG 2025-11-30 11:43:38,321 autoreload File C:\Users\User\AppData\Local\Programs\Python\Python310\Lib\concurrent\futures\thread.py first seen with mtime 1665482304.0
DEBUG 2025-11-30 11:43:38,321 autoreload File C:\Users\User\AppData\Local\Programs\Python\Python310\Lib\_weakrefset.py first seen with mtime 1665482304.0
DEBUG 2025-11-30 11:43:38,321 autoreload File C:\Users\User\Downloads\pondok\venv\Lib\site-packages\django\db\migrations\operations\special.py first seen with mtime 1763752053.1804323
DEBUG 2025-11-30 11:43:38,321 autoreload File C:\Users\User\Downloads\pondok\venv\Lib\site-packages\django\views\decorators\clickjacking.py first seen with mtime 1763752053.4468825
DEBUG 2025-11-30 11:43:38,321 autoreload File C:\Users\User\Downloads\pondok\venv\Lib\site-packages\django_extensions\templatetags\debugger_tags.py first seen with mtime 1763746598.7297943
DEBUG 2025-11-30 11:43:38,322 autoreload File C:\Users\User\Downloads\pondok\venv\Lib\site-packages\django\template\autoreload.py first seen with mtime 1763752053.3455331
DEBUG 2025-11-30 11:43:38,322 autoreload File C:\Users\User\Downloads\pondok\venv\Lib\site-packages\django_extensions\templatetags\highlighting.py first seen with mtime 1763746598.7307944
DEBUG 2025-11-30 11:43:38,322 autoreload File C:\Users\User\AppData\Local\Programs\Python\Python310\DLLs\_sqlite3.pyd first seen with mtime 1665482364.0
DEBUG 2025-11-30 11:43:38,322 autoreload File C:\Users\User\Downloads\pondok\venv\Lib\site-packages\django\forms\boundfield.py first seen with mtime 1763752053.2362592
DEBUG 2025-11-30 11:43:38,322 autoreload File C:\Users\User\AppData\Local\Programs\Python\Python310\Lib\urllib\request.py first seen with mtime 1665482304.0
DEBUG 2025-11-30 11:43:38,323 autoreload File C:\Users\User\Downloads\pondok\venv\Lib\site-packages\reportlab\rl_config.py first seen with mtime 1763751567.6264756
DEBUG 2025-11-30 11:43:38,323 autoreload File C:\Users\User\Downloads\pondok\venv\Lib\site-packages\django\utils\duration.py first seen with mtime 1763752053.410594
DEBUG 2025-11-30 11:43:38,323 autoreload File C:\Users\User\Downloads\pondok\venv\Lib\site-packages\django\contrib\admin\actions.py first seen with mtime 1763752049.6110058
DEBUG 2025-11-30 11:43:38,323 autoreload File C:\Users\User\Downloads\pondok\venv\Lib\site-packages\django\db\backends\utils.py first seen with mtime 1763752053.1060536
DEBUG 2025-11-30 11:43:38,323 autoreload File C:\Users\User\Downloads\pondok\venv\Lib\site-packages\reportlab\pdfbase\rl_codecs.py first seen with mtime 1763751567.8012314
DEBUG 2025-11-30 11:43:38,324 autoreload File C:\Users\User\AppData\Local\Programs\Python\Python310\Lib\enum.py first seen with mtime 1665482304.0
DEBUG 2025-11-30 11:43:38,324 autoreload File C:\Users\User\Downloads\pondok\venv\Lib\site-packages\reportlab\__init__.py first seen with mtime 1763751567.6264756
DEBUG 2025-11-30 11:43:38,324 autoreload File C:\Users\User\AppData\Local\Programs\Python\Python310\Lib\encodings\cp1252.py first seen with mtime 1665482304.0
DEBUG 2025-11-30 11:43:38,324 autoreload File C:\Users\User\Downloads\pondok\venv\Lib\site-packages\django\db\migrations\__init__.py first seen with mtime 1763752053.1618938
DEBUG 2025-11-30 11:43:38,324 autoreload File C:\Users\User\Downloads\pondok\venv\Lib\site-packages\django\contrib\messages\constants.py first seen with mtime 1763752051.9830604
DEBUG 2025-11-30 11:43:38,324 autoreload File C:\Users\User\AppData\Local\Programs\Python\Python310\Lib\_compat_pickle.py first seen with mtime 1665482304.0
DEBUG 2025-11-30 11:43:38,325 autoreload File C:\Users\User\Downloads\pondok\venv\Lib\site-packages\django\db\transaction.py first seen with mtime 1763752053.1016848
DEBUG 2025-11-30 11:43:38,325 autoreload File C:\Users\User\Downloads\pondok\venv\Lib\site-packages\django\core\serializers\__init__.py first seen with mtime 1763752053.0909991
DEBUG 2025-11-30 11:43:38,325 autoreload File C:\Users\User\Downloads\pondok\venv\Lib\site-packages\django\contrib\auth\password_validation.py first seen with mtime 1763752050.528244
DEBUG 2025-11-30 11:43:38,325 autoreload File C:\Users\User\Downloads\pondok\venv\Lib\site-packages\django\views\decorators\csrf.py first seen with mtime 1763752053.4488826
DEBUG 2025-11-30 11:43:38,325 autoreload File C:\Users\User\Downloads\pondok\venv\Lib\site-packages\django\db\backends\sqlite3\operations.py first seen with mtime 1763752053.1598935
DEBUG 2025-11-30 11:43:38,326 autoreload File C:\Users\User\AppData\Local\Programs\Python\Python310\Lib\email\_encoded_words.py first seen with mtime 1665482304.0
DEBUG 2025-11-30 11:43:38,326 autoreload File C:\Users\User\Downloads\pondok\venv\Lib\site-packages\django\contrib\sites\requests.py first seen with mtime 1763752052.7195208
DEBUG 2025-11-30 11:43:38,326 autoreload File C:\Users\User\Downloads\pondok\venv\Lib\site-packages\PIL\__init__.py first seen with mtime 1763746572.4992702
DEBUG 2025-11-30 11:43:38,326 autoreload File C:\Users\User\Downloads\pondok\venv\Lib\site-packages\django\db\backends\base\client.py first seen with mtime 1763752053.1101995
DEBUG 2025-11-30 11:43:38,326 autoreload File C:\Users\User\Downloads\pondok\venv\Lib\site-packages\django\utils\formats.py first seen with mtime 1763752053.4125867
DEBUG 2025-11-30 11:43:38,326 autoreload File C:\Users\User\Downloads\pondok\venv\Lib\site-packages\django\contrib\admin\views\main.py first seen with mtime 1763752050.2504542
DEBUG 2025-11-30 11:43:38,327 autoreload File C:\Users\User\Downloads\pondok\venv\Lib\site-packages\django\core\checks\registry.py first seen with mtime 1763752053.0186436
DEBUG 2025-11-30 11:43:38,327 autoreload File C:\Users\User\Downloads\pondok\venv\Lib\site-packages\django_filters\__init__.py first seen with mtime 1763746598.3495262
DEBUG 2025-11-30 11:43:38,327 autoreload File C:\Users\User\AppData\Local\Programs\Python\Python310\Lib\asyncio\base_futures.py first seen with mtime 1665482304.0
DEBUG 2025-11-30 11:43:38,327 autoreload File C:\Users\User\Downloads\pondok\venv\Lib\site-packages\sqlparse\engine\statement_splitter.py first seen with mtime 1763752045.332211
DEBUG 2025-11-30 11:43:38,327 autoreload File C:\Users\User\Downloads\pondok\venv\Lib\site-packages\django\core\files\move.py first seen with mtime 1763752053.0337038
DEBUG 2025-11-30 11:43:38,327 autoreload File C:\Users\User\Downloads\pondok\venv\Lib\site-packages\django_extensions\apps.py first seen with mtime 1763746598.619009
DEBUG 2025-11-30 11:43:38,327 autoreload File C:\Users\User\Downloads\pondok\users\urls.py first seen with mtime 1764277704.8495977
DEBUG 2025-11-30 11:43:38,327 autoreload File C:\Users\User\AppData\Local\Programs\Python\Python310\Lib\importlib\metadata\__init__.py first seen with mtime 1665482304.0
DEBUG 2025-11-30 11:43:38,328 autoreload File C:\Users\User\Downloads\pondok\venv\Lib\site-packages\PIL\ImageMode.py first seen with mtime 1763746572.4676487
DEBUG 2025-11-30 11:43:38,328 autoreload File C:\Users\User\Downloads\pondok\venv\Lib\site-packages\django\contrib\admin\options.py first seen with mtime 1763752049.6177049
DEBUG 2025-11-30 11:43:38,328 autoreload File C:\Users\User\AppData\Local\Programs\Python\Python310\Lib\urllib\error.py first seen with mtime 1665482304.0
DEBUG 2025-11-30 11:43:38,328 autoreload File C:\Users\User\Downloads\pondok\venv\Lib\site-packages\reportlab\pdfbase\ttfonts.py first seen with mtime 1763751567.8025444
DEBUG 2025-11-30 11:43:38,328 autoreload File C:\Users\User\Downloads\pondok\users\apps.py first seen with mtime 1763744951.9295158
DEBUG 2025-11-30 11:43:38,328 autoreload File C:\Users\User\AppData\Local\Programs\Python\Python310\Lib\email\_parseaddr.py first seen with mtime 1665482304.0
DEBUG 2025-11-30 11:43:38,330 autoreload File C:\Users\User\Downloads\pondok\venv\Lib\site-packages\django\core\files\base.py first seen with mtime 1763752053.0307047
DEBUG 2025-11-30 11:43:38,330 autoreload File C:\Users\User\Downloads\pondok\venv\Lib\site-packages\django\contrib\contenttypes\checks.py first seen with mtime 1763752050.812312
DEBUG 2025-11-30 11:43:38,330 autoreload File C:\Users\User\Downloads\pondok\venv\Lib\site-packages\django_summernote\admin.py first seen with mtime 1763750129.7911556
DEBUG 2025-11-30 11:43:38,330 autoreload File C:\Users\User\Downloads\pondok\venv\Lib\site-packages\reportlab\pdfbase\_fontdata_widths_timesbolditalic.py first seen with mtime 1763751567.7884407
DEBUG 2025-11-30 11:43:38,330 autoreload File C:\Users\User\AppData\Local\Programs\Python\Python310\Lib\zoneinfo\_tzpath.py first seen with mtime 1665482304.0
DEBUG 2025-11-30 11:43:38,330 autoreload File C:\Users\User\AppData\Local\Programs\Python\Python310\Lib\heapq.py first seen with mtime 1665482304.0
DEBUG 2025-11-30 11:43:38,330 autoreload File C:\Users\User\Downloads\pondok\venv\Lib\site-packages\django\core\checks\model_checks.py first seen with mtime 1763752053.0166323
DEBUG 2025-11-30 11:43:38,330 autoreload File C:\Users\User\Downloads\pondok\venv\Lib\site-packages\django\contrib\contenttypes\management\__init__.py first seen with mtime 1763752051.0448985
DEBUG 2025-11-30 11:43:38,330 autoreload File C:\Users\User\Downloads\pondok\venv\Lib\site-packages\django_htmx\templatetags\django_htmx.py first seen with mtime 1763752067.2525215
DEBUG 2025-11-30 11:43:38,330 autoreload File C:\Users\User\Downloads\pondok\venv\Lib\site-packages\reportlab\lib\units.py first seen with mtime 1763751567.763478
DEBUG 2025-11-30 11:43:38,331 autoreload File C:\Users\User\AppData\Local\Programs\Python\Python310\Lib\pathlib.py first seen with mtime 1665482304.0
DEBUG 2025-11-30 11:43:38,331 autoreload File C:\Users\User\Downloads\pondok\venv\Lib\site-packages\django\template\loaders\__init__.py first seen with mtime 1763752053.3645718
DEBUG 2025-11-30 11:43:38,331 autoreload File C:\Users\User\Downloads\pondok\venv\Lib\site-packages\django\core\checks\translation.py first seen with mtime 1763752053.0196426
DEBUG 2025-11-30 11:43:38,331 autoreload File C:\Users\User\Downloads\pondok\venv\Lib\site-packages\django\core\servers\__init__.py first seen with mtime 1763752053.0986755
DEBUG 2025-11-30 11:43:38,331 autoreload File C:\Users\User\AppData\Local\Programs\Python\Python310\DLLs\_uuid.pyd first seen with mtime 1665482364.0
DEBUG 2025-11-30 11:43:38,331 autoreload File C:\Users\User\AppData\Local\Programs\Python\Python310\Lib\importlib\__init__.py first seen with mtime 1665482304.0
DEBUG 2025-11-30 11:43:38,331 autoreload File C:\Users\User\Downloads\pondok\venv\Lib\site-packages\pygments\formatters\html.py first seen with mtime 1763746566.476357
DEBUG 2025-11-30 11:43:38,332 autoreload File C:\Users\User\Downloads\pondok\venv\Lib\site-packages\django\db\models\signals.py first seen with mtime 1763752053.1966171
DEBUG 2025-11-30 11:43:38,332 autoreload File C:\Users\User\Downloads\pondok\venv\Lib\site-packages\django\contrib\auth\signals.py first seen with mtime 1763752050.5292435
DEBUG 2025-11-30 11:43:38,332 autoreload File C:\Users\User\AppData\Local\Programs\Python\Python310\Lib\secrets.py first seen with mtime 1665482304.0
DEBUG 2025-11-30 11:43:38,332 autoreload File C:\Users\User\AppData\Local\Programs\Python\Python310\Lib\abc.py first seen with mtime 1665482304.0
DEBUG 2025-11-30 11:43:38,332 autoreload File C:\Users\User\AppData\Local\Programs\Python\Python310\Lib\multiprocessing\context.py first seen with mtime 1665482304.0
DEBUG 2025-11-30 11:43:38,332 autoreload File C:\Users\User\Downloads\pondok\venv\Lib\site-packages\django_summernote\urls.py first seen with mtime 1763750129.7953274
DEBUG 2025-11-30 11:43:38,333 autoreload File C:\Users\User\Downloads\pondok\venv\Lib\site-packages\django\db\models\sql\where.py first seen with mtime 1763752053.2312229
DEBUG 2025-11-30 11:43:38,333 autoreload File C:\Users\User\Downloads\pondok\venv\Lib\site-packages\django\db\migrations\operations\models.py first seen with mtime 1763752053.1794336
DEBUG 2025-11-30 11:43:38,333 autoreload File C:\Users\User\Downloads\pondok\venv\Lib\site-packages\django\contrib\staticfiles\utils.py first seen with mtime 1763752052.9751718
DEBUG 2025-11-30 11:43:38,333 autoreload File C:\Users\User\Downloads\pondok\venv\Lib\site-packages\django\conf\global_settings.py first seen with mtime 1763752049.231349
DEBUG 2025-11-30 11:43:38,333 autoreload File C:\Users\User\Downloads\pondok\users\views.py first seen with mtime 1764278625.4448044
DEBUG 2025-11-30 11:43:38,333 autoreload File C:\Users\User\Downloads\pondok\venv\Lib\site-packages\django\core\mail\utils.py first seen with mtime 1763752053.0522628
DEBUG 2025-11-30 11:43:38,333 autoreload File C:\Users\User\AppData\Local\Programs\Python\Python310\Lib\multiprocessing\reduction.py first seen with mtime 1665482304.0
DEBUG 2025-11-30 11:43:38,333 autoreload File C:\Users\User\Downloads\pondok\payments\apps.py first seen with mtime 1763744957.2775214
DEBUG 2025-11-30 11:43:38,334 autoreload File C:\Users\User\Downloads\pondok\venv\Lib\site-packages\_distutils_hack\__init__.py first seen with mtime 1764477666.3796036
DEBUG 2025-11-30 11:43:38,334 autoreload File C:\Users\User\Downloads\pondok\venv\Lib\site-packages\django\utils\autoreload.py first seen with mtime 1763752053.3975463
DEBUG 2025-11-30 11:43:38,334 autoreload File C:\Users\User\AppData\Local\Programs\Python\Python310\Lib\bisect.py first seen with mtime 1665482304.0
DEBUG 2025-11-30 11:43:38,334 autoreload File C:\Users\User\Downloads\pondok\venv\Lib\site-packages\django\db\models\utils.py first seen with mtime 1763752053.1976254
DEBUG 2025-11-30 11:43:38,334 autoreload File C:\Users\User\AppData\Local\Programs\Python\Python310\Lib\email\header.py first seen with mtime 1665482304.0
DEBUG 2025-11-30 11:43:38,334 autoreload File C:\Users\User\AppData\Local\Programs\Python\Python310\Lib\asyncio\events.py first seen with mtime 1665482304.0
DEBUG 2025-11-30 11:43:38,334 autoreload File C:\Users\User\Downloads\pondok\venv\Lib\site-packages\colorama\ansitowin32.py first seen with mtime 1763746574.468425
DEBUG 2025-11-30 11:43:38,336 autoreload File C:\Users\User\AppData\Local\Programs\Python\Python310\Lib\decimal.py first seen with mtime 1665482304.0
DEBUG 2025-11-30 11:43:38,336 autoreload File C:\Users\User\Downloads\pondok\venv\Lib\site-packages\django\contrib\contenttypes\apps.py first seen with mtime 1763752050.8113108
DEBUG 2025-11-30 11:43:38,336 autoreload File C:\Users\User\Downloads\pondok\venv\Lib\site-packages\django\db\migrations\state.py first seen with mtime 1763752053.171921
DEBUG 2025-11-30 11:43:38,336 autoreload File C:\Users\User\Downloads\pondok\venv\Lib\site-packages\django\template\response.py first seen with mtime 1763752053.3564322
DEBUG 2025-11-30 11:43:38,336 autoreload File C:\Users\User\Downloads\pondok\core\admin.py first seen with mtime 1764219297.056036
DEBUG 2025-11-30 11:43:38,336 autoreload File C:\Users\User\Downloads\pondok\venv\Lib\site-packages\reportlab\lib\PyFontify.py first seen with mtime 1763751567.733287
DEBUG 2025-11-30 11:43:38,336 autoreload File C:\Users\User\Downloads\pondok\venv\Lib\site-packages\django\db\models\fields\related_descriptors.py first seen with mtime 1763752053.2116442
DEBUG 2025-11-30 11:43:38,337 autoreload File C:\Users\User\Downloads\pondok\venv\Lib\site-packages\reportlab\platypus\multicol.py first seen with mtime 1763751567.8161325
DEBUG 2025-11-30 11:43:38,337 autoreload File C:\Users\User\Downloads\pondok\venv\Lib\site-packages\reportlab\platypus\paraparser.py first seen with mtime 1763751567.821559
DEBUG 2025-11-30 11:43:38,337 autoreload File C:\Users\User\Downloads\pondok\venv\Lib\site-packages\django\core\files\storage\base.py first seen with mtime 1763752053.0402331
DEBUG 2025-11-30 11:43:38,337 autoreload File C:\Users\User\AppData\Local\Programs\Python\Python310\Lib\logging\config.py first seen with mtime 1665482304.0
DEBUG 2025-11-30 11:43:38,337 autoreload File C:\Users\User\Downloads\pondok\venv\Lib\site-packages\django\template\backends\base.py first seen with mtime 1763752053.3605716
DEBUG 2025-11-30 11:43:38,337 autoreload File C:\Users\User\Downloads\pondok\venv\Lib\site-packages\django\shortcuts.py first seen with mtime 1763752049.2263503
DEBUG 2025-11-30 11:43:38,338 autoreload File C:\Users\User\AppData\Local\Programs\Python\Python310\Lib\socket.py first seen with mtime 1665482304.0
DEBUG 2025-11-30 11:43:38,338 autoreload File C:\Users\User\AppData\Local\Programs\Python\Python310\Lib\importlib\metadata\_itertools.py first seen with mtime 1665482304.0
DEBUG 2025-11-30 11:43:38,338 autoreload File C:\Users\User\Downloads\pondok\venv\Lib\site-packages\pygments\token.py first seen with mtime 1763746566.4686275
DEBUG 2025-11-30 11:43:38,338 autoreload File C:\Users\User\Downloads\pondok\venv\Lib\site-packages\sqlparse\formatter.py first seen with mtime 1763752045.326037
DEBUG 2025-11-30 11:43:38,338 autoreload File C:\Users\User\AppData\Local\Programs\Python\Python310\Lib\dis.py first seen with mtime 1665482304.0
DEBUG 2025-11-30 11:43:38,338 autoreload File C:\Users\User\Downloads\pondok\venv\Lib\site-packages\sqlparse\exceptions.py first seen with mtime 1763752045.3245177
DEBUG 2025-11-30 11:43:38,338 autoreload File C:\Users\User\Downloads\pondok\venv\Lib\site-packages\django_summernote\forms.py first seen with mtime 1763750129.7933261
DEBUG 2025-11-30 11:43:38,339 autoreload File C:\Users\User\Downloads\pondok\venv\Lib\site-packages\django\utils\decorators.py first seen with mtime 1763752053.4075892
DEBUG 2025-11-30 11:43:38,339 autoreload File C:\Users\User\AppData\Local\Programs\Python\Python310\Lib\weakref.py first seen with mtime 1665482304.0
DEBUG 2025-11-30 11:43:38,339 autoreload File C:\Users\User\Downloads\pondok\venv\Lib\site-packages\django\core\checks\files.py first seen with mtime 1763752053.0146015
DEBUG 2025-11-30 11:43:38,339 autoreload File C:\Users\User\Downloads\pondok\venv\Lib\site-packages\django\utils\choices.py first seen with mtime 1763752053.3995454
DEBUG 2025-11-30 11:43:38,339 autoreload File C:\Users\User\AppData\Local\Programs\Python\Python310\DLLs\select.pyd first seen with mtime 1665482366.0
DEBUG 2025-11-30 11:43:38,340 autoreload File C:\Users\User\Downloads\pondok\venv\Lib\site-packages\django\db\backends\sqlite3\creation.py first seen with mtime 1763752053.1560476
DEBUG 2025-11-30 11:43:38,340 autoreload File C:\Users\User\AppData\Local\Programs\Python\Python310\Lib\email\utils.py first seen with mtime 1665482304.0
DEBUG 2025-11-30 11:43:38,340 autoreload File C:\Users\User\Downloads\pondok\psb_pondok\__init__.py first seen with mtime 1763744941.0017133
DEBUG 2025-11-30 11:43:38,340 autoreload File C:\Users\User\Downloads\pondok\venv\Lib\site-packages\django\apps\registry.py first seen with mtime 1763752049.2293494
DEBUG 2025-11-30 11:43:38,340 autoreload File C:\Users\User\Downloads\pondok\venv\Lib\site-packages\django\core\files\storage\handler.py first seen with mtime 1763752053.0422325
DEBUG 2025-11-30 11:43:38,341 autoreload File C:\Users\User\Downloads\pondok\venv\Lib\site-packages\django\contrib\contenttypes\forms.py first seen with mtime 1763752050.8148189
DEBUG 2025-11-30 11:43:38,341 autoreload File C:\Users\User\Downloads\pondok\venv\Lib\site-packages\django\core\checks\async_checks.py first seen with mtime 1763752053.005588
DEBUG 2025-11-30 11:43:38,341 autoreload File C:\Users\User\Downloads\pondok\venv\Lib\site-packages\pyphen\__init__.py first seen with mtime 1764179454.5164661
DEBUG 2025-11-30 11:43:38,341 autoreload File C:\Users\User\AppData\Local\Programs\Python\Python310\Lib\selectors.py first seen with mtime 1665482304.0
DEBUG 2025-11-30 11:43:38,341 autoreload File C:\Users\User\Downloads\pondok\venv\Lib\site-packages\reportlab\pdfbase\_fontdata_widths_helvetica.py first seen with mtime 1763751567.7821634
DEBUG 2025-11-30 11:43:38,341 autoreload File C:\Users\User\Downloads\pondok\venv\Lib\site-packages\widget_tweaks\__init__.py first seen with mtime 1763746574.3995173
DEBUG 2025-11-30 11:43:38,342 autoreload File C:\Users\User\Downloads\pondok\core\views_public.py first seen with mtime 1764229625.3788285
DEBUG 2025-11-30 11:43:38,342 autoreload File C:\Users\User\Downloads\pondok\core\urls.py first seen with mtime 1763898963.81134
DEBUG 2025-11-30 11:43:38,342 autoreload File C:\Users\User\AppData\Local\Programs\Python\Python310\Lib\email\mime\__init__.py first seen with mtime 1665482304.0
DEBUG 2025-11-30 11:43:38,342 autoreload File C:\Users\User\AppData\Local\Programs\Python\Python310\Lib\difflib.py first seen with mtime 1665482304.0
DEBUG 2025-11-30 11:43:38,342 autoreload File C:\Users\User\Downloads\pondok\admissions\__init__.py first seen with mtime 1763744954.7721486
DEBUG 2025-11-30 11:43:38,342 autoreload File C:\Users\User\Downloads\pondok\venv\Lib\site-packages\django\contrib\auth\models.py first seen with mtime 1763752050.5272448
DEBUG 2025-11-30 11:43:38,342 autoreload File C:\Users\User\Downloads\pondok\venv\Lib\site-packages\reportlab\pdfbase\pdfutils.py first seen with mtime 1763751567.8000524
DEBUG 2025-11-30 11:43:38,342 autoreload File C:\Users\User\AppData\Local\Programs\Python\Python310\Lib\zoneinfo\_common.py first seen with mtime 1665482304.0
DEBUG 2025-11-30 11:43:38,344 autoreload File C:\Users\User\Downloads\pondok\venv\Lib\site-packages\django\core\files\uploadhandler.py first seen with mtime 1763752053.036219
DEBUG 2025-11-30 11:43:38,344 autoreload File C:\Users\User\AppData\Local\Programs\Python\Python310\Lib\ntpath.py first seen with mtime 1665482304.0
DEBUG 2025-11-30 11:43:38,344 autoreload File C:\Users\User\Downloads\pondok\venv\Lib\site-packages\PIL\TiffTags.py first seen with mtime 1763746572.4949477
DEBUG 2025-11-30 11:43:38,344 autoreload File C:\Users\User\Downloads\pondok\venv\Lib\site-packages\django\contrib\contenttypes\views.py first seen with mtime 1763752050.817347
DEBUG 2025-11-30 11:43:38,344 autoreload File C:\Users\User\Downloads\pondok\venv\Lib\site-packages\django\contrib\auth\apps.py first seen with mtime 1763752050.5154648
DEBUG 2025-11-30 11:43:38,344 autoreload File C:\Users\User\AppData\Local\Programs\Python\Python310\Lib\email\quoprimime.py first seen with mtime 1665482304.0
DEBUG 2025-11-30 11:43:38,344 autoreload File C:\Users\User\AppData\Local\Programs\Python\Python310\Lib\base64.py first seen with mtime 1665482304.0
DEBUG 2025-11-30 11:43:38,344 autoreload File C:\Users\User\AppData\Local\Programs\Python\Python310\Lib\operator.py first seen with mtime 1665482304.0
DEBUG 2025-11-30 11:43:38,345 autoreload File C:\Users\User\Downloads\pondok\venv\Lib\site-packages\django_extensions\templatetags\syntax_color.py first seen with mtime 1763746598.7317908
DEBUG 2025-11-30 11:43:38,345 autoreload File C:\Users\User\Downloads\pondok\venv\Lib\site-packages\django\contrib\auth\decorators.py first seen with mtime 1763752050.5208547
DEBUG 2025-11-30 11:43:38,345 autoreload File C:\Users\User\Downloads\pondok\venv\Lib\site-packages\django\db\models\fields\related_lookups.py first seen with mtime 1763752053.2126622
DEBUG 2025-11-30 11:43:38,345 autoreload File C:\Users\User\Downloads\pondok\venv\Lib\site-packages\django\db\models\fields\tuple_lookups.py first seen with mtime 1763752053.2136593
DEBUG 2025-11-30 11:43:38,345 autoreload File C:\Users\User\Downloads\pondok\venv\Lib\site-packages\pygments\modeline.py first seen with mtime 1763746566.4643147
DEBUG 2025-11-30 11:43:38,345 autoreload File C:\Users\User\Downloads\pondok\venv\Lib\site-packages\django\core\checks\compatibility\django_4_0.py first seen with mtime 1763752053.0236506
DEBUG 2025-11-30 11:43:38,345 autoreload File C:\Users\User\Downloads\pondok\venv\Lib\site-packages\django\middleware\security.py first seen with mtime 1763752053.3435178
DEBUG 2025-11-30 11:43:38,346 autoreload File C:\Users\User\Downloads\pondok\venv\Lib\site-packages\django\contrib\messages\apps.py first seen with mtime 1763752051.9830604
DEBUG 2025-11-30 11:43:38,346 autoreload File C:\Users\User\AppData\Local\Programs\Python\Python310\Lib\wsgiref\handlers.py first seen with mtime 1665482304.0
DEBUG 2025-11-30 11:43:38,346 autoreload File C:\Users\User\Downloads\pondok\venv\Lib\site-packages\django\contrib\auth\tokens.py first seen with mtime 1763752050.5302436
DEBUG 2025-11-30 11:43:38,346 autoreload File C:\Users\User\Downloads\pondok\venv\Lib\site-packages\django\utils\functional.py first seen with mtime 1763752053.413584
DEBUG 2025-11-30 11:43:38,346 autoreload File C:\Users\User\AppData\Local\Programs\Python\Python310\Lib\asyncio\constants.py first seen with mtime 1665482304.0
DEBUG 2025-11-30 11:43:38,346 autoreload File C:\Users\User\AppData\Local\Programs\Python\Python310\Lib\pprint.py first seen with mtime 1665482304.0
DEBUG 2025-11-30 11:43:38,346 autoreload File C:\Users\User\Downloads\pondok\venv\Lib\site-packages\django\core\paginator.py first seen with mtime 1763752052.9881454
DEBUG 2025-11-30 11:43:38,347 autoreload File C:\Users\User\AppData\Local\Programs\Python\Python310\Lib\importlib\util.py first seen with mtime 1665482304.0
DEBUG 2025-11-30 11:43:38,347 autoreload File C:\Users\User\Downloads\pondok\venv\Lib\site-packages\reportlab\lib\styles.py first seen with mtime 1763751567.760477
DEBUG 2025-11-30 11:43:38,347 autoreload File C:\Users\User\Downloads\pondok\venv\Lib\site-packages\django\db\models\constraints.py first seen with mtime 1763752053.1854467
DEBUG 2025-11-30 11:43:38,347 autoreload File C:\Users\User\Downloads\pondok\core\forms.py first seen with mtime 1763901866.3094137
DEBUG 2025-11-30 11:43:38,347 autoreload File C:\Users\User\Downloads\pondok\venv\Lib\site-packages\django\middleware\csrf.py first seen with mtime 1763752053.3385139
DEBUG 2025-11-30 11:43:38,347 autoreload File C:\Users\User\Downloads\pondok\venv\Lib\site-packages\reportlab\pdfbase\_fontdata_widths_timesroman.py first seen with mtime 1763751567.7904487
DEBUG 2025-11-30 11:43:38,348 autoreload File C:\Users\User\Downloads\pondok\venv\Lib\site-packages\reportlab\pdfgen\__init__.py first seen with mtime 1763751567.8050568
DEBUG 2025-11-30 11:43:38,348 autoreload File C:\Users\User\Downloads\pondok\venv\Lib\site-packages\django\core\management\__init__.py first seen with mtime 1763752053.060351
DEBUG 2025-11-30 11:43:38,348 autoreload File C:\Users\User\Downloads\pondok\venv\Lib\site-packages\reportlab\lib\pagesizes.py first seen with mtime 1763751567.7519095
DEBUG 2025-11-30 11:43:38,348 autoreload File C:\Users\User\AppData\Local\Programs\Python\Python310\Lib\multiprocessing\process.py first seen with mtime 1665482304.0
DEBUG 2025-11-30 11:43:38,348 autoreload File C:\Users\User\Downloads\pondok\venv\Lib\site-packages\reportlab\platypus\paragraph.py first seen with mtime 1763751567.8191285
DEBUG 2025-11-30 11:43:38,348 autoreload File C:\Users\User\Downloads\pondok\venv\Lib\site-packages\django\contrib\sites\shortcuts.py first seen with mtime 1763752052.7205207
DEBUG 2025-11-30 11:43:38,349 autoreload File C:\Users\User\AppData\Local\Programs\Python\Python310\Lib\queue.py first seen with mtime 1665482304.0
DEBUG 2025-11-30 11:43:38,349 autoreload File C:\Users\User\Downloads\pondok\venv\Lib\site-packages\django\contrib\auth\views.py first seen with mtime 1763752050.5332437
DEBUG 2025-11-30 11:43:38,349 autoreload File C:\Users\User\Downloads\pondok\blog\urls.py first seen with mtime 1763754000.576024
DEBUG 2025-11-30 11:43:38,349 autoreload File C:\Users\User\Downloads\pondok\venv\Lib\site-packages\django\core\checks\compatibility\__init__.py first seen with mtime 1763752053.0216472
DEBUG 2025-11-30 11:43:38,349 autoreload File C:\Users\User\Downloads\pondok\core\views.py first seen with mtime 1763748921.5766878
DEBUG 2025-11-30 11:43:38,349 autoreload File C:\Users\User\Downloads\pondok\venv\Lib\site-packages\django\core\files\storage\memory.py first seen with mtime 1763752053.043227
DEBUG 2025-11-30 11:43:38,349 autoreload File C:\Users\User\AppData\Local\Programs\Python\Python310\Lib\asyncio\tasks.py first seen with mtime 1665482304.0
DEBUG 2025-11-30 11:43:38,349 autoreload File C:\Users\User\Downloads\pondok\venv\Lib\site-packages\reportlab\pdfbase\_fontdata_widths_courierbold.py first seen with mtime 1763751567.7791169
DEBUG 2025-11-30 11:43:38,350 autoreload File C:\Users\User\Downloads\pondok\venv\Lib\site-packages\django\forms\forms.py first seen with mtime 1763752053.238261
DEBUG 2025-11-30 11:43:38,350 autoreload File C:\Users\User\Downloads\pondok\venv\Lib\site-packages\reportlab\pdfbase\_fontdata_widths_timesbold.py first seen with mtime 1763751567.7874417
DEBUG 2025-11-30 11:43:38,350 autoreload File C:\Users\User\Downloads\pondok\venv\Lib\site-packages\reportlab\pdfbase\_fontdata_widths_symbol.py first seen with mtime 1763751567.7862048
DEBUG 2025-11-30 11:43:38,350 autoreload File C:\Users\User\Downloads\pondok\venv\Lib\site-packages\django\db\migrations\operations\fields.py first seen with mtime 1763752053.1779616
DEBUG 2025-11-30 11:43:38,350 autoreload File C:\Users\User\Downloads\pondok\venv\Lib\site-packages\django\templatetags\cache.py first seen with mtime 1763752053.371474
DEBUG 2025-11-30 11:43:38,350 autoreload File C:\Users\User\Downloads\pondok\venv\Lib\site-packages\django\contrib\admin\widgets.py first seen with mtime 1763752049.621704
DEBUG 2025-11-30 11:43:38,350 autoreload File C:\Users\User\Downloads\pondok\venv\Lib\site-packages\django\db\models\fields\__init__.py first seen with mtime 1763752053.1996255
DEBUG 2025-11-30 11:43:38,350 autoreload File C:\Users\User\Downloads\pondok\venv\Lib\site-packages\django\db\backends\base\validation.py first seen with mtime 1763752053.1158366
DEBUG 2025-11-30 11:43:38,352 autoreload File C:\Users\User\AppData\Local\Programs\Python\Python310\Lib\token.py first seen with mtime 1665482304.0
DEBUG 2025-11-30 11:43:38,352 autoreload File C:\Users\User\Downloads\pondok\blog\apps.py first seen with mtime 1763750160.2895434
DEBUG 2025-11-30 11:43:38,352 autoreload File C:\Users\User\AppData\Local\Programs\Python\Python310\Lib\email\generator.py first seen with mtime 1665482304.0
DEBUG 2025-11-30 11:43:38,352 autoreload File C:\Users\User\AppData\Local\Programs\Python\Python310\Lib\random.py first seen with mtime 1665482304.0
DEBUG 2025-11-30 11:43:38,352 autoreload File C:\Users\User\Downloads\pondok\venv\Lib\site-packages\django\contrib\admin\templatetags\admin_list.py first seen with mtime 1763752050.2424302
DEBUG 2025-11-30 11:43:38,352 autoreload File C:\Users\User\Downloads\pondok\venv\Lib\site-packages\django_filters\filterset.py first seen with mtime 1763746598.353083
DEBUG 2025-11-30 11:43:38,353 autoreload File C:\Users\User\Downloads\pondok\venv\Lib\site-packages\sqlparse\cli.py first seen with mtime 1763752045.32401
DEBUG 2025-11-30 11:43:38,353 autoreload File C:\Users\User\Downloads\pondok\venv\Lib\site-packages\django\contrib\messages\api.py first seen with mtime 1763752051.982061
DEBUG 2025-11-30 11:43:38,353 autoreload File C:\Users\User\Downloads\pondok\venv\Lib\site-packages\django\core\validators.py first seen with mtime 1763752052.9915392
DEBUG 2025-11-30 11:43:38,353 autoreload File C:\Users\User\Downloads\pondok\venv\Lib\site-packages\django\dispatch\__init__.py first seen with mtime 1763752053.2322223
DEBUG 2025-11-30 11:43:38,353 autoreload File C:\Users\User\Downloads\pondok\venv\Lib\site-packages\django\core\files\__init__.py first seen with mtime 1763752053.029708
DEBUG 2025-11-30 11:43:38,353 autoreload File C:\Users\User\Downloads\pondok\venv\Lib\site-packages\django\core\wsgi.py first seen with mtime 1763752052.9925358
DEBUG 2025-11-30 11:43:38,353 autoreload File C:\Users\User\AppData\Local\Programs\Python\Python310\DLLs\_overlapped.pyd first seen with mtime 1665482364.0
DEBUG 2025-11-30 11:43:38,353 autoreload File C:\Users\User\Downloads\pondok\venv\Lib\site-packages\django\db\models\deletion.py first seen with mtime 1763752053.186455
DEBUG 2025-11-30 11:43:38,353 autoreload File C:\Users\User\Downloads\pondok\venv\Lib\site-packages\django\core\cache\backends\__init__.py first seen with mtime 1763752052.99555
DEBUG 2025-11-30 11:43:38,353 autoreload File C:\Users\User\Downloads\pondok\venv\Lib\site-packages\django\utils\deprecation.py first seen with mtime 1763752053.4095843
DEBUG 2025-11-30 11:43:38,354 autoreload File C:\Users\User\Downloads\pondok\venv\Lib\site-packages\django\db\models\base.py first seen with mtime 1763752053.1834342
DEBUG 2025-11-30 11:43:38,354 autoreload File C:\Users\User\Downloads\pondok\venv\Lib\site-packages\sqlparse\__init__.py first seen with mtime 1763752045.3222592
DEBUG 2025-11-30 11:43:38,354 autoreload File C:\Users\User\AppData\Local\Programs\Python\Python310\Lib\logging\handlers.py first seen with mtime 1665482304.0
DEBUG 2025-11-30 11:43:38,354 autoreload File C:\Users\User\Downloads\pondok\venv\Lib\site-packages\django\template\loader_tags.py first seen with mtime 1763752053.3555632
DEBUG 2025-11-30 11:43:38,354 autoreload File C:\Users\User\Downloads\pondok\blog\forms.py first seen with mtime 1763884481.7166636
DEBUG 2025-11-30 11:43:38,354 autoreload File C:\Users\User\Downloads\pondok\venv\Lib\site-packages\django\contrib\admin\sites.py first seen with mtime 1763752049.6187053
DEBUG 2025-11-30 11:43:38,355 autoreload File C:\Users\User\Downloads\pondok\venv\Lib\site-packages\django_filters\fields.py first seen with mtime 1763746598.3520293
DEBUG 2025-11-30 11:43:38,355 autoreload File C:\Users\User\Downloads\pondok\venv\Lib\site-packages\django\urls\__init__.py first seen with mtime 1763752053.3869758
DEBUG 2025-11-30 11:43:38,355 autoreload File C:\Users\User\Downloads\pondok\venv\Lib\site-packages\pygments\formatters\_mapping.py first seen with mtime 1763746566.474162
DEBUG 2025-11-30 11:43:38,355 autoreload File C:\Users\User\AppData\Local\Programs\Python\Python310\Lib\csv.py first seen with mtime 1665482304.0
DEBUG 2025-11-30 11:43:38,355 autoreload File C:\Users\User\AppData\Local\Programs\Python\Python310\Lib\fractions.py first seen with mtime 1665482304.0
DEBUG 2025-11-30 11:43:38,355 autoreload File C:\Users\User\AppData\Local\Programs\Python\Python310\Lib\asyncio\staggered.py first seen with mtime 1665482304.0
DEBUG 2025-11-30 11:43:38,356 autoreload File C:\Users\User\AppData\Local\Programs\Python\Python310\Lib\locale.py first seen with mtime 1665482304.0
DEBUG 2025-11-30 11:43:38,356 autoreload File C:\Users\User\Downloads\pondok\admin_panel\urls.py first seen with mtime 1764277704.8506632
DEBUG 2025-11-30 11:43:38,356 autoreload File C:\Users\User\Downloads\pondok\venv\Lib\site-packages\reportlab\pdfbase\_fontdata_widths_helveticaoblique.py first seen with mtime 1763751567.7854328
DEBUG 2025-11-30 11:43:38,356 autoreload File C:\Users\User\Downloads\pondok\venv\Lib\site-packages\django\core\management\commands\runserver.py first seen with mtime 1763752053.0792139
DEBUG 2025-11-30 11:43:38,356 autoreload File C:\Users\User\AppData\Local\Programs\Python\Python310\Lib\email\charset.py first seen with mtime 1665482304.0
DEBUG 2025-11-30 11:43:38,357 autoreload File C:\Users\User\Downloads\pondok\venv\Lib\site-packages\PIL\_deprecate.py first seen with mtime 1763746572.535338
DEBUG 2025-11-30 11:43:38,357 autoreload File C:\Users\User\AppData\Local\Programs\Python\Python310\Lib\email\base64mime.py first seen with mtime 1665482304.0
DEBUG 2025-11-30 11:43:38,357 autoreload File C:\Users\User\AppData\Local\Programs\Python\Python310\Lib\hashlib.py first seen with mtime 1665482304.0
DEBUG 2025-11-30 11:43:38,357 autoreload File C:\Users\User\AppData\Local\Programs\Python\Python310\Lib\multiprocessing\__init__.py first seen with mtime 1665482304.0
DEBUG 2025-11-30 11:43:38,357 autoreload File C:\Users\User\AppData\Local\Programs\Python\Python310\Lib\numbers.py first seen with mtime 1665482304.0
DEBUG 2025-11-30 11:43:38,357 autoreload File C:\Users\User\AppData\Local\Programs\Python\Python310\DLLs\_ssl.pyd first seen with mtime 1665482364.0
DEBUG 2025-11-30 11:43:38,358 autoreload File C:\Users\User\Downloads\pondok\blog\views.py first seen with mtime 1763754603.0194938
DEBUG 2025-11-30 11:43:38,358 autoreload File C:\Users\User\AppData\Local\Programs\Python\Python310\Lib\gettext.py first seen with mtime 1665482304.0
DEBUG 2025-11-30 11:43:38,358 autoreload File C:\Users\User\Downloads\pondok\venv\Lib\site-packages\django_htmx\http.py first seen with mtime 1763752067.246522
DEBUG 2025-11-30 11:43:38,358 autoreload File C:\Users\User\Downloads\pondok\venv\Lib\site-packages\django\utils\safestring.py first seen with mtime 1763752053.4261553
DEBUG 2025-11-30 11:43:38,358 autoreload File C:\Users\User\Downloads\pondok\venv\Lib\site-packages\asgiref\local.py first seen with mtime 1763752045.86293
DEBUG 2025-11-30 11:43:38,358 autoreload File C:\Users\User\Downloads\pondok\admin_panel\apps.py first seen with mtime 1763746837.8052993
DEBUG 2025-11-30 11:43:38,358 autoreload File C:\Users\User\Downloads\pondok\venv\Lib\site-packages\django\contrib\sessions\apps.py first seen with mtime 1763752052.449509
DEBUG 2025-11-30 11:43:38,360 autoreload File C:\Users\User\Downloads\pondok\venv\Lib\site-packages\reportlab\pdfbase\_fontdata_widths_helveticaboldoblique.py first seen with mtime 1763751567.784166
DEBUG 2025-11-30 11:43:38,360 autoreload File C:\Users\User\Downloads\pondok\venv\Lib\site-packages\django\db\backends\base\introspection.py first seen with mtime 1763752053.1123435
DEBUG 2025-11-30 11:43:38,360 autoreload File C:\Users\User\Downloads\pondok\venv\Lib\site-packages\django\template\utils.py first seen with mtime 1763752053.3585753
DEBUG 2025-11-30 11:43:38,360 autoreload File C:\Users\User\AppData\Local\Programs\Python\Python310\Lib\urllib\parse.py first seen with mtime 1665482304.0
DEBUG 2025-11-30 11:43:38,360 autoreload File C:\Users\User\Downloads\pondok\venv\Lib\site-packages\django_filters\constants.py first seen with mtime 1763746598.3505268
DEBUG 2025-11-30 11:43:38,360 autoreload File C:\Users\User\Downloads\pondok\venv\Lib\site-packages\django\utils\text.py first seen with mtime 1763752053.4281647
DEBUG 2025-11-30 11:43:38,360 autoreload File C:\Users\User\AppData\Local\Programs\Python\Python310\Lib\contextvars.py first seen with mtime 1665482304.0
DEBUG 2025-11-30 11:43:38,361 autoreload File C:\Users\User\Downloads\pondok\venv\Lib\site-packages\django\contrib\__init__.py first seen with mtime 1763752049.609007
DEBUG 2025-11-30 11:43:38,361 autoreload File C:\Users\User\Downloads\pondok\venv\Lib\site-packages\django_filters\widgets.py first seen with mtime 1763746598.355649
DEBUG 2025-11-30 11:43:38,361 autoreload File C:\Users\User\Downloads\pondok\venv\Lib\site-packages\django\core\files\images.py first seen with mtime 1763752053.0317035
DEBUG 2025-11-30 11:43:38,361 autoreload File C:\Users\User\Downloads\pondok\venv\Lib\site-packages\django\contrib\admin\templatetags\admin_urls.py first seen with mtime 1763752050.2449389
DEBUG 2025-11-30 11:43:38,361 autoreload File C:\Users\User\Downloads\pondok\venv\Lib\site-packages\django\utils\html.py first seen with mtime 1763752053.415597
DEBUG 2025-11-30 11:43:38,361 autoreload File C:\Users\User\AppData\Local\Programs\Python\Python310\Lib\linecache.py first seen with mtime 1665482304.0
DEBUG 2025-11-30 11:43:38,361 autoreload File C:\Users\User\Downloads\pondok\venv\Lib\site-packages\django\core\cache\backends\filebased.py first seen with mtime 1763752052.9995668
DEBUG 2025-11-30 11:43:38,362 autoreload File C:\Users\User\AppData\Local\Programs\Python\Python310\Lib\asyncio\selector_events.py first seen with mtime 1665482304.0
DEBUG 2025-11-30 11:43:38,362 autoreload File C:\Users\User\Downloads\pondok\admin_panel\forms.py first seen with mtime 1764227325.2719417
DEBUG 2025-11-30 11:43:38,362 autoreload File C:\Users\User\AppData\Local\Programs\Python\Python310\Lib\asyncio\locks.py first seen with mtime 1665482304.0
DEBUG 2025-11-30 11:43:38,362 autoreload File C:\Users\User\Downloads\pondok\venv\Lib\site-packages\django\db\models\constants.py first seen with mtime 1763752053.1844337
DEBUG 2025-11-30 11:43:38,362 autoreload File C:\Users\User\Downloads\pondok\venv\Lib\site-packages\django\urls\utils.py first seen with mtime 1763752053.3925185
DEBUG 2025-11-30 11:43:38,362 autoreload File C:\Users\User\Downloads\pondok\venv\Lib\site-packages\django_extensions\__init__.py first seen with mtime 1763746598.619009
DEBUG 2025-11-30 11:43:38,362 autoreload File C:\Users\User\Downloads\pondok\venv\Lib\site-packages\django\views\generic\list.py first seen with mtime 1763752053.4587104
DEBUG 2025-11-30 11:43:38,363 autoreload File C:\Users\User\AppData\Local\Programs\Python\Python310\Lib\platform.py first seen with mtime 1665482304.0
DEBUG 2025-11-30 11:43:38,363 autoreload File C:\Users\User\Downloads\pondok\venv\Lib\site-packages\django\db\models\functions\__init__.py first seen with mtime 1763752053.215166
DEBUG 2025-11-30 11:43:38,363 autoreload File C:\Users\User\Downloads\pondok\venv\Lib\site-packages\django\db\models\manager.py first seen with mtime 1763752053.1919715
DEBUG 2025-11-30 11:43:38,363 autoreload File C:\Users\User\Downloads\pondok\venv\Lib\site-packages\django\db\models\fields\mixins.py first seen with mtime 1763752053.2051318
DEBUG 2025-11-30 11:43:38,363 autoreload File C:\Users\User\Downloads\pondok\venv\Lib\site-packages\django\db\models\sql\datastructures.py first seen with mtime 1763752053.2262154
DEBUG 2025-11-30 11:43:38,363 autoreload File C:\Users\User\Downloads\pondok\venv\Lib\site-packages\django\utils\translation\__init__.py first seen with mtime 1763752053.4346714
DEBUG 2025-11-30 11:43:38,363 autoreload File C:\Users\User\Downloads\pondok\venv\Lib\site-packages\django\contrib\auth\hashers.py first seen with mtime 1763752050.5246968
DEBUG 2025-11-30 11:43:38,364 autoreload File C:\Users\User\AppData\Local\Programs\Python\Python310\Lib\email\message.py first seen with mtime 1665482304.0
DEBUG 2025-11-30 11:43:38,364 autoreload File C:\Users\User\Downloads\pondok\venv\Lib\site-packages\reportlab\pdfbase\pdfdoc.py first seen with mtime 1763751567.7950904
DEBUG 2025-11-30 11:43:38,364 autoreload File C:\Users\User\AppData\Local\Programs\Python\Python310\DLLs\unicodedata.pyd first seen with mtime 1665482368.0
DEBUG 2025-11-30 11:43:38,364 autoreload File C:\Users\User\Downloads\pondok\admin_panel\views.py first seen with mtime 1764278625.4531243
DEBUG 2025-11-30 11:43:38,364 autoreload File C:\Users\User\Downloads\pondok\venv\Lib\site-packages\django\db\__init__.py first seen with mtime 1763752053.1006844
DEBUG 2025-11-30 11:43:38,364 autoreload File C:\Users\User\Downloads\pondok\users\__init__.py first seen with mtime 1763744951.933747
DEBUG 2025-11-30 11:43:38,364 autoreload File C:\Users\User\Downloads\pondok\venv\Lib\site-packages\django\core\handlers\asgi.py first seen with mtime 1763752053.0472617
DEBUG 2025-11-30 11:43:38,364 autoreload File C:\Users\User\Downloads\pondok\core\templatetags\__init__.py first seen with mtime 1764222917.640781
DEBUG 2025-11-30 11:43:38,365 autoreload File C:\Users\User\Downloads\pondok\venv\Lib\site-packages\django\templatetags\__init__.py first seen with mtime 1763752053.3704329
DEBUG 2025-11-30 11:43:38,365 autoreload File C:\Users\User\Downloads\pondok\users\admin.py first seen with mtime 1763745278.2519841
DEBUG 2025-11-30 11:43:38,365 autoreload File C:\Users\User\Downloads\pondok\venv\Lib\site-packages\django\views\decorators\debug.py first seen with mtime 1763752053.4498804
DEBUG 2025-11-30 11:43:38,365 autoreload File C:\Users\User\Downloads\pondok\venv\Lib\site-packages\sqlparse\engine\__init__.py first seen with mtime 1763752045.3309753
DEBUG 2025-11-30 11:43:38,365 autoreload File C:\Users\User\Downloads\pondok\venv\Lib\site-packages\django_extensions\admin\__init__.py first seen with mtime 1763746598.624009
DEBUG 2025-11-30 11:43:38,365 autoreload File C:\Users\User\Downloads\pondok\venv\Lib\site-packages\django\db\models\fields\reverse_related.py first seen with mtime 1763752053.2126622
DEBUG 2025-11-30 11:43:38,365 autoreload File C:\Users\User\Downloads\pondok\venv\Lib\site-packages\pygments\styles\_mapping.py first seen with mtime 1763746566.6892948
DEBUG 2025-11-30 11:43:38,365 autoreload File C:\Users\User\AppData\Local\Programs\Python\Python310\Lib\__future__.py first seen with mtime 1665482304.0
DEBUG 2025-11-30 11:43:38,366 autoreload File C:\Users\User\Downloads\pondok\psb_pondok\settings.py first seen with mtime 1764477576.324587
DEBUG 2025-11-30 11:43:38,366 autoreload File C:\Users\User\AppData\Local\Programs\Python\Python310\Lib\warnings.py first seen with mtime 1665482304.0
DEBUG 2025-11-30 11:43:38,366 autoreload File C:\Users\User\AppData\Local\Programs\Python\Python310\Lib\email\parser.py first seen with mtime 1665482304.0
DEBUG 2025-11-30 11:43:38,366 autoreload File C:\Users\User\Downloads\pondok\venv\Lib\site-packages\django\contrib\admin\utils.py first seen with mtime 1763752049.6207042
DEBUG 2025-11-30 11:43:38,366 autoreload File C:\Users\User\Downloads\pondok\venv\Lib\site-packages\django\utils\inspect.py first seen with mtime 1763752053.4176135
DEBUG 2025-11-30 11:43:38,366 autoreload File C:\Users\User\AppData\Local\Programs\Python\Python310\Lib\json\__init__.py first seen with mtime 1665482304.0
DEBUG 2025-11-30 11:43:38,366 autoreload File C:\Users\User\Downloads\pondok\venv\Lib\site-packages\django\http\__init__.py first seen with mtime 1763752053.3304915
DEBUG 2025-11-30 11:43:38,367 autoreload File C:\Users\User\Downloads\pondok\venv\Lib\site-packages\django\__init__.py first seen with mtime 1763752049.2248352
DEBUG 2025-11-30 11:43:38,367 autoreload File C:\Users\User\AppData\Local\Programs\Python\Python310\Lib\html\__init__.py first seen with mtime 1665482304.0
DEBUG 2025-11-30 11:43:38,367 autoreload File C:\Users\User\Downloads\pondok\venv\Lib\site-packages\django\utils\dateformat.py first seen with mtime 1763752053.403546
DEBUG 2025-11-30 11:43:38,367 autoreload File C:\Users\User\AppData\Local\Programs\Python\Python310\Lib\urllib\response.py first seen with mtime 1665482304.0
DEBUG 2025-11-30 11:43:38,367 autoreload File C:\Users\User\AppData\Local\Programs\Python\Python310\Lib\wsgiref\headers.py first seen with mtime 1665482304.0
DEBUG 2025-11-30 11:43:38,367 autoreload File C:\Users\User\AppData\Local\Programs\Python\Python310\Lib\ssl.py first seen with mtime 1665482304.0
DEBUG 2025-11-30 11:43:38,368 autoreload File C:\Users\User\Downloads\pondok\venv\Lib\site-packages\django\core\files\temp.py first seen with mtime 1763752053.0347033
DEBUG 2025-11-30 11:43:38,368 autoreload File C:\Users\User\Downloads\pondok\venv\Lib\site-packages\django\db\models\sql\subqueries.py first seen with mtime 1763752053.230222
DEBUG 2025-11-30 11:43:38,368 autoreload File C:\Users\User\Downloads\pondok\venv\Lib\site-packages\django_filters\filters.py first seen with mtime 1763746598.353083
DEBUG 2025-11-30 11:43:38,368 autoreload File C:\Users\User\Downloads\pondok\venv\Lib\site-packages\django\db\backends\base\features.py first seen with mtime 1763752053.1113436
DEBUG 2025-11-30 11:43:38,368 autoreload File C:\Users\User\Downloads\pondok\venv\Lib\site-packages\django\utils\connection.py first seen with mtime 1763752053.4005463
DEBUG 2025-11-30 11:43:38,368 autoreload File C:\Users\User\AppData\Local\Programs\Python\Python310\DLLs\_hashlib.pyd first seen with mtime 1665482366.0
DEBUG 2025-11-30 11:43:38,368 autoreload File C:\Users\User\Downloads\pondok\venv\Lib\site-packages\django\utils\asyncio.py first seen with mtime 1763752053.3965466
DEBUG 2025-11-30 11:43:38,368 autoreload File C:\Users\User\AppData\Local\Programs\Python\Python310\Lib\email\contentmanager.py first seen with mtime 1665482304.0
DEBUG 2025-11-30 11:43:38,370 autoreload File C:\Users\User\AppData\Local\Programs\Python\Python310\Lib\functools.py first seen with mtime 1665482304.0
DEBUG 2025-11-30 11:43:38,370 autoreload File C:\Users\User\Downloads\pondok\venv\Lib\site-packages\PIL\_version.py first seen with mtime 1763746572.5669034
DEBUG 2025-11-30 11:43:38,370 autoreload File C:\Users\User\Downloads\pondok\payments\__init__.py first seen with mtime 1763744957.280516
DEBUG 2025-11-30 11:43:38,370 autoreload File C:\Users\User\AppData\Local\Programs\Python\Python310\DLLs\_asyncio.pyd first seen with mtime 1665482366.0
DEBUG 2025-11-30 11:43:38,370 autoreload File C:\Users\User\Downloads\pondok\venv\Lib\site-packages\django\db\migrations\utils.py first seen with mtime 1763752053.172925
DEBUG 2025-11-30 11:43:38,370 autoreload File C:\Users\User\Downloads\pondok\venv\Lib\site-packages\django_summernote\__init__.py first seen with mtime 1763750129.7901552
DEBUG 2025-11-30 11:43:38,370 autoreload File C:\Users\User\Downloads\pondok\payments\admin.py first seen with mtime 1763745278.2641747
DEBUG 2025-11-30 11:43:38,371 autoreload File C:\Users\User\Downloads\pondok\venv\Lib\site-packages\django\core\serializers\json.py first seen with mtime 1763752053.0929985
DEBUG 2025-11-30 11:43:38,371 autoreload File C:\Users\User\AppData\Local\Programs\Python\Python310\Lib\asyncio\transports.py first seen with mtime 1665482304.0
DEBUG 2025-11-30 11:43:38,371 autoreload File C:\Users\User\Downloads\pondok\venv\Lib\site-packages\django\apps\config.py first seen with mtime 1763752049.2283509
DEBUG 2025-11-30 11:43:38,371 autoreload File C:\Users\User\AppData\Local\Programs\Python\Python310\Lib\asyncio\trsock.py first seen with mtime 1665482304.0
DEBUG 2025-11-30 11:43:38,371 autoreload File C:\Users\User\Downloads\pondok\venv\Lib\site-packages\django\contrib\admin\models.py first seen with mtime 1763752049.6166975
DEBUG 2025-11-30 11:43:38,371 autoreload File C:\Users\User\Downloads\pondok\venv\Lib\site-packages\django\contrib\contenttypes\__init__.py first seen with mtime 1763752050.8093133
DEBUG 2025-11-30 11:43:38,371 autoreload File C:\Users\User\AppData\Local\Programs\Python\Python310\Lib\email\mime\message.py first seen with mtime 1665482304.0
DEBUG 2025-11-30 11:43:38,372 autoreload File C:\Users\User\AppData\Local\Programs\Python\Python310\Lib\collections\abc.py first seen with mtime 1665482304.0
DEBUG 2025-11-30 11:43:38,372 autoreload File C:\Users\User\Downloads\pondok\venv\Lib\site-packages\django\views\i18n.py first seen with mtime 1763752053.4428465
DEBUG 2025-11-30 11:43:38,372 autoreload File C:\Users\User\Downloads\pondok\venv\Lib\site-packages\django\contrib\contenttypes\admin.py first seen with mtime 1763752050.8103123
DEBUG 2025-11-30 11:43:38,372 autoreload File C:\Users\User\AppData\Local\Programs\Python\Python310\Lib\importlib\metadata\_functools.py first seen with mtime 1665482304.0
DEBUG 2025-11-30 11:43:38,372 autoreload File C:\Users\User\AppData\Local\Programs\Python\Python310\Lib\tokenize.py first seen with mtime 1665482304.0
DEBUG 2025-11-30 11:43:38,372 autoreload File C:\Users\User\AppData\Local\Programs\Python\Python310\Lib\_collections_abc.py first seen with mtime 1665482304.0
DEBUG 2025-11-30 11:43:38,372 autoreload File C:\Users\User\Downloads\pondok\venv\Lib\site-packages\django\contrib\messages\storage\__init__.py first seen with mtime 1763752051.988099
DEBUG 2025-11-30 11:43:38,372 autoreload File C:\Users\User\Downloads\pondok\venv\Lib\site-packages\widget_tweaks\templatetags\widget_tweaks.py first seen with mtime 1763746574.4015274
DEBUG 2025-11-30 11:43:38,373 autoreload File C:\Users\User\Downloads\pondok\venv\Lib\site-packages\django\db\models\functions\datetime.py first seen with mtime 1763752053.2171726
DEBUG 2025-11-30 11:43:38,373 autoreload File C:\Users\User\Downloads\pondok\venv\Lib\site-packages\django\contrib\admin\decorators.py first seen with mtime 1763752049.613006
DEBUG 2025-11-30 11:43:38,373 autoreload File C:\Users\User\Downloads\pondok\venv\Lib\site-packages\django\db\models\functions\mixins.py first seen with mtime 1763752053.2191741
DEBUG 2025-11-30 11:43:38,373 autoreload File C:\Users\User\AppData\Local\Programs\Python\Python310\Lib\keyword.py first seen with mtime 1665482304.0
DEBUG 2025-11-30 11:43:38,373 autoreload File C:\Users\User\Downloads\pondok\venv\Lib\site-packages\asgiref\sync.py first seen with mtime 1763752045.8659503
DEBUG 2025-11-30 11:43:38,374 autoreload File C:\Users\User\Downloads\pondok\venv\Lib\site-packages\django\utils\timesince.py first seen with mtime 1763752053.430168
DEBUG 2025-11-30 11:43:38,374 autoreload File C:\Users\User\Downloads\pondok\venv\Lib\site-packages\django\core\checks\security\csrf.py first seen with mtime 1763752053.0277054
DEBUG 2025-11-30 11:43:38,374 autoreload File C:\Users\User\Downloads\pondok\venv\Lib\site-packages\django_filters\utils.py first seen with mtime 1763746598.3542056
DEBUG 2025-11-30 11:43:38,374 autoreload File C:\Users\User\AppData\Local\Programs\Python\Python310\DLLs\_lzma.pyd first seen with mtime 1665482366.0
DEBUG 2025-11-30 11:43:38,374 autoreload File C:\Users\User\AppData\Local\Programs\Python\Python310\Lib\email\mime\text.py first seen with mtime 1665482304.0
DEBUG 2025-11-30 11:43:38,374 autoreload File C:\Users\User\AppData\Local\Programs\Python\Python310\Lib\copy.py first seen with mtime 1665482304.0
DEBUG 2025-11-30 11:43:38,374 autoreload File C:\Users\User\Downloads\pondok\venv\Lib\site-packages\django\utils\crypto.py first seen with mtime 1763752053.4015467
DEBUG 2025-11-30 11:43:38,376 autoreload File C:\Users\User\Downloads\pondok\venv\Lib\site-packages\django\utils\termcolors.py first seen with mtime 1763752053.4271653
DEBUG 2025-11-30 11:43:38,376 autoreload File C:\Users\User\Downloads\pondok\venv\Lib\site-packages\django\contrib\staticfiles\handlers.py first seen with mtime 1763752052.9706538
DEBUG 2025-11-30 11:43:38,376 autoreload File C:\Users\User\AppData\Local\Programs\Python\Python310\Lib\sqlite3\__init__.py first seen with mtime 1665482304.0
DEBUG 2025-11-30 11:43:38,376 autoreload File C:\Users\User\Downloads\pondok\venv\Lib\site-packages\django\db\models\functions\window.py first seen with mtime 1763752053.2211735
DEBUG 2025-11-30 11:43:38,376 autoreload File C:\Users\User\AppData\Local\Programs\Python\Python310\Lib\json\scanner.py first seen with mtime 1665482304.0
DEBUG 2025-11-30 11:43:38,376 autoreload File C:\Users\User\Downloads\pondok\venv\Lib\site-packages\django\template\base.py first seen with mtime 1763752053.346541
DEBUG 2025-11-30 11:43:38,376 autoreload File C:\Users\User\Downloads\pondok\venv\Lib\site-packages\django\contrib\admin\views\__init__.py first seen with mtime 1763752050.247455
DEBUG 2025-11-30 11:43:38,377 autoreload File C:\Users\User\Downloads\pondok\venv\Lib\site-packages\django\contrib\staticfiles\management\commands\__init__.py first seen with mtime 1763752052.97858
DEBUG 2025-11-30 11:43:38,377 autoreload File C:\Users\User\Downloads\pondok\venv\Lib\site-packages\django\template\context.py first seen with mtime 1763752053.3475485
DEBUG 2025-11-30 11:43:38,377 autoreload File C:\Users\User\Downloads\pondok\venv\Lib\site-packages\sqlparse\engine\grouping.py first seen with mtime 1763752045.332211
DEBUG 2025-11-30 11:43:38,377 autoreload File C:\Users\User\Downloads\pondok\venv\Lib\site-packages\PIL\ExifTags.py first seen with mtime 1763746572.4477353
DEBUG 2025-11-30 11:43:38,377 autoreload File C:\Users\User\AppData\Local\Programs\Python\Python310\Lib\datetime.py first seen with mtime 1665482304.0
DEBUG 2025-11-30 11:43:38,377 autoreload File C:\Users\User\Downloads\pondok\venv\Lib\site-packages\colorama\initialise.py first seen with mtime 1763746574.468425
DEBUG 2025-11-30 11:43:38,377 autoreload File C:\Users\User\Downloads\pondok\core\urls_public.py first seen with mtime 1763908460.558051
DEBUG 2025-11-30 11:43:38,378 autoreload File C:\Users\User\Downloads\pondok\venv\Lib\site-packages\django\contrib\sites\__init__.py first seen with mtime 1763752052.7134902
DEBUG 2025-11-30 11:43:38,378 autoreload File C:\Users\User\Downloads\pondok\venv\Lib\site-packages\django_htmx\templatetags\__init__.py first seen with mtime 1763752067.2525215
DEBUG 2025-11-30 11:43:38,378 autoreload File C:\Users\User\Downloads\pondok\venv\Lib\site-packages\django\contrib\auth\checks.py first seen with mtime 1763752050.5184839
DEBUG 2025-11-30 11:43:38,378 autoreload File C:\Users\User\AppData\Local\Programs\Python\Python310\Lib\gzip.py first seen with mtime 1665482304.0
DEBUG 2025-11-30 11:43:38,378 autoreload File C:\Users\User\Downloads\pondok\venv\Lib\site-packages\reportlab\pdfbase\_fontdata_enc_macexpert.py first seen with mtime 1763751567.7724025
DEBUG 2025-11-30 11:43:38,378 autoreload File C:\Users\User\Downloads\pondok\venv\Lib\site-packages\reportlab\lib\colors.py first seen with mtime 1763751567.7418199
DEBUG 2025-11-30 11:43:38,379 autoreload File C:\Users\User\AppData\Local\Programs\Python\Python310\Lib\importlib\metadata\_text.py first seen with mtime 1665482304.0
DEBUG 2025-11-30 11:43:38,379 autoreload File C:\Users\User\AppData\Local\Programs\Python\Python310\Lib\argparse.py first seen with mtime 1665482304.0
DEBUG 2025-11-30 11:43:38,379 autoreload File C:\Users\User\Downloads\pondok\venv\Lib\site-packages\reportlab\pdfbase\_fontdata_enc_zapfdingbats.py first seen with mtime 1763751567.7781177
DEBUG 2025-11-30 11:43:38,379 autoreload File C:\Users\User\Downloads\pondok\venv\Lib\site-packages\django\core\checks\urls.py first seen with mtime 1763752053.0206468
DEBUG 2025-11-30 11:43:38,379 autoreload File C:\Users\User\Downloads\pondok\core\__init__.py first seen with mtime 1763744949.3246684
DEBUG 2025-11-30 11:43:38,379 autoreload File C:\Users\User\Downloads\pondok\venv\Lib\site-packages\colorama\winterm.py first seen with mtime 1763746574.470433
DEBUG 2025-11-30 11:43:38,379 autoreload File C:\Users\User\Downloads\pondok\venv\Lib\site-packages\django\views\decorators\http.py first seen with mtime 1763752053.4508822
DEBUG 2025-11-30 11:43:38,379 autoreload File C:\Users\User\Downloads\pondok\venv\Lib\site-packages\django\contrib\auth\admin.py first seen with mtime 1763752050.5134485
DEBUG 2025-11-30 11:43:38,379 autoreload File C:\Users\User\AppData\Local\Programs\Python\Python310\Lib\importlib\_abc.py first seen with mtime 1665482304.0
DEBUG 2025-11-30 11:43:38,381 autoreload File C:\Users\User\AppData\Local\Programs\Python\Python310\Lib\sre_compile.py first seen with mtime 1665482304.0
DEBUG 2025-11-30 11:43:38,381 autoreload File C:\Users\User\Downloads\pondok\venv\Lib\site-packages\reportlab\lib\normalDate.py first seen with mtime 1763751567.7519095
DEBUG 2025-11-30 11:43:38,381 autoreload File C:\Users\User\Downloads\pondok\venv\Lib\site-packages\django\views\decorators\cache.py first seen with mtime 1763752053.4458733
DEBUG 2025-11-30 11:43:38,381 autoreload File C:\Users\User\Downloads\pondok\venv\Lib\site-packages\django\contrib\messages\__init__.py first seen with mtime 1763752051.9810615
DEBUG 2025-11-30 11:43:38,381 autoreload File C:\Users\User\Downloads\pondok\venv\Lib\site-packages\django\templatetags\l10n.py first seen with mtime 1763752053.3734763
DEBUG 2025-11-30 11:43:38,381 autoreload File C:\Users\User\AppData\Local\Programs\Python\Python310\Lib\email\headerregistry.py first seen with mtime 1665482304.0
DEBUG 2025-11-30 11:43:38,381 autoreload File C:\Users\User\Downloads\pondok\venv\Lib\site-packages\pygments\formatter.py first seen with mtime 1763746566.4629228
DEBUG 2025-11-30 11:43:38,381 autoreload File C:\Users\User\Downloads\pondok\venv\Lib\site-packages\django\core\files\storage\filesystem.py first seen with mtime 1763752053.0412276
DEBUG 2025-11-30 11:43:38,382 autoreload File C:\Users\User\Downloads\pondok\venv\Lib\site-packages\django\db\backends\sqlite3\__init__.py first seen with mtime 1763752053.1532624
DEBUG 2025-11-30 11:43:38,382 autoreload File C:\Users\User\Downloads\pondok\venv\Lib\site-packages\reportlab\pdfgen\pathobject.py first seen with mtime 1763751567.8067794
DEBUG 2025-11-30 11:43:38,382 autoreload File C:\Users\User\Downloads\pondok\venv\Lib\site-packages\django\core\files\uploadedfile.py first seen with mtime 1763752053.0352094
DEBUG 2025-11-30 11:43:38,382 autoreload File C:\Users\User\AppData\Local\Programs\Python\Python310\Lib\asyncio\base_subprocess.py first seen with mtime 1665482304.0
DEBUG 2025-11-30 11:43:38,382 autoreload File C:\Users\User\Downloads\pondok\venv\Lib\site-packages\django\forms\__init__.py first seen with mtime 1763752053.2352521
DEBUG 2025-11-30 11:43:38,383 autoreload File C:\Users\User\AppData\Local\Programs\Python\Python310\Lib\getpass.py first seen with mtime 1665482304.0
DEBUG 2025-11-30 11:43:38,383 autoreload File C:\Users\User\Downloads\pondok\venv\Lib\site-packages\PIL\Image.py first seen with mtime 1763746572.4591427
DEBUG 2025-11-30 11:43:38,383 autoreload File C:\Users\User\Downloads\pondok\venv\Lib\site-packages\django\urls\converters.py first seen with mtime 1763752053.3894935
DEBUG 2025-11-30 11:43:38,383 autoreload File C:\Users\User\Downloads\pondok\venv\lib\site-packages\django_filters\templates\django_filters first seen with mtime 1763746598.3922663
DEBUG 2025-11-30 11:43:38,384 autoreload File C:\Users\User\Downloads\pondok\venv\lib\site-packages\django_filters\templates\django_filters\rest_framework first seen with mtime 1763746598.3922663
DEBUG 2025-11-30 11:43:38,384 autoreload File C:\Users\User\Downloads\pondok\venv\lib\site-packages\django_filters\templates\django_filters\widgets first seen with mtime 1763746598.3922663
DEBUG 2025-11-30 11:43:38,384 autoreload File C:\Users\User\Downloads\pondok\venv\lib\site-packages\django_filters\templates\django_filters\rest_framework\crispy_form.html first seen with mtime 1763746598.3910987
DEBUG 2025-11-30 11:43:38,384 autoreload File C:\Users\User\Downloads\pondok\venv\lib\site-packages\django_filters\templates\django_filters\rest_framework\form.html first seen with mtime 1763746598.3922663
DEBUG 2025-11-30 11:43:38,384 autoreload File C:\Users\User\Downloads\pondok\venv\lib\site-packages\django_filters\templates\django_filters\widgets\multiwidget.html first seen with mtime 1763746598.3922663
DEBUG 2025-11-30 11:43:38,384 autoreload File C:\Users\User\Downloads\pondok\venv\lib\site-packages\django_summernote\templates\django_summernote first seen with mtime 1763750129.8588538
DEBUG 2025-11-30 11:43:38,385 autoreload File C:\Users\User\Downloads\pondok\venv\lib\site-packages\django_summernote\templates\django_summernote\upload_attachment.json first seen with mtime 1763750129.8566442
DEBUG 2025-11-30 11:43:38,385 autoreload File C:\Users\User\Downloads\pondok\venv\lib\site-packages\django_summernote\templates\django_summernote\widget_common.html first seen with mtime 1763750129.8578537
DEBUG 2025-11-30 11:43:38,385 autoreload File C:\Users\User\Downloads\pondok\venv\lib\site-packages\django_summernote\templates\django_summernote\widget_iframe.html first seen with mtime 1763750129.8578537
DEBUG 2025-11-30 11:43:38,385 autoreload File C:\Users\User\Downloads\pondok\venv\lib\site-packages\django_summernote\templates\django_summernote\widget_iframe_editor.html first seen with mtime 1763750129.8588538
DEBUG 2025-11-30 11:43:38,385 autoreload File C:\Users\User\Downloads\pondok\venv\lib\site-packages\django_summernote\templates\django_summernote\widget_inplace.html first seen with mtime 1763750129.8588538
DEBUG 2025-11-30 11:43:38,385 autoreload File C:\Users\User\Downloads\pondok\templates\admin-panel first seen with mtime 1763912998.2280385
DEBUG 2025-11-30 11:43:38,387 autoreload File C:\Users\User\Downloads\pondok\templates\public first seen with mtime 1764229630.570127
DEBUG 2025-11-30 11:43:38,387 autoreload File C:\Users\User\Downloads\pondok\templates\users first seen with mtime 1764277646.1576557
DEBUG 2025-11-30 11:43:38,387 autoreload File C:\Users\User\Downloads\pondok\templates\admin-panel\base.html first seen with mtime 1764219478.8352973
DEBUG 2025-11-30 11:43:38,387 autoreload File C:\Users\User\Downloads\pondok\templates\admin-panel\blog first seen with mtime 1763756521.1056106
DEBUG 2025-11-30 11:43:38,387 autoreload File C:\Users\User\Downloads\pondok\templates\admin-panel\core first seen with mtime 1763894027.3235173
DEBUG 2025-11-30 11:43:38,388 autoreload File C:\Users\User\Downloads\pondok\templates\admin-panel\index.html first seen with mtime 1763758812.746669
DEBUG 2025-11-30 11:43:38,388 autoreload File C:\Users\User\Downloads\pondok\templates\admin-panel\keuangan first seen with mtime 1763787444.3892975
DEBUG 2025-11-30 11:43:38,388 autoreload File C:\Users\User\Downloads\pondok\templates\admin-panel\pembayaran first seen with mtime 1763748006.2731514
DEBUG 2025-11-30 11:43:38,388 autoreload File C:\Users\User\Downloads\pondok\templates\admin-panel\santri first seen with mtime 1764218657.1105275
DEBUG 2025-11-30 11:43:38,388 autoreload File C:\Users\User\Downloads\pondok\templates\admin-panel\settings first seen with mtime 1764219228.2096589
DEBUG 2025-11-30 11:43:38,388 autoreload File C:\Users\User\Downloads\pondok\templates\admin-panel\staff first seen with mtime 1763868302.4616177
DEBUG 2025-11-30 11:43:38,389 autoreload File C:\Users\User\Downloads\pondok\templates\admin-panel\tenaga-pengajar first seen with mtime 1763908231.8321702
DEBUG 2025-11-30 11:43:38,389 autoreload File C:\Users\User\Downloads\pondok\templates\admin-panel\tools first seen with mtime 1763913905.5681448
DEBUG 2025-11-30 11:43:38,389 autoreload File C:\Users\User\Downloads\pondok\templates\admin-panel\users first seen with mtime 1763866125.2960858
DEBUG 2025-11-30 11:43:38,389 autoreload File C:\Users\User\Downloads\pondok\templates\admin-panel\blog\category_list.html first seen with mtime 1763756036.9704561
DEBUG 2025-11-30 11:43:38,389 autoreload File C:\Users\User\Downloads\pondok\templates\admin-panel\blog\delete_confirm.html first seen with mtime 1763750893.5933561
DEBUG 2025-11-30 11:43:38,389 autoreload File C:\Users\User\Downloads\pondok\templates\admin-panel\blog\detail.html first seen with mtime 1763884481.727071
DEBUG 2025-11-30 11:43:38,390 autoreload File C:\Users\User\Downloads\pondok\templates\admin-panel\blog\form.html first seen with mtime 1763884481.727071
DEBUG 2025-11-30 11:43:38,390 autoreload File C:\Users\User\Downloads\pondok\templates\admin-panel\blog\list.html first seen with mtime 1763759770.8241048
DEBUG 2025-11-30 11:43:38,390 autoreload File C:\Users\User\Downloads\pondok\templates\admin-panel\blog\pengumuman_list.html first seen with mtime 1763760038.425172
DEBUG 2025-11-30 11:43:38,390 autoreload File C:\Users\User\Downloads\pondok\templates\admin-panel\blog\tag_list.html first seen with mtime 1763756036.9704561
DEBUG 2025-11-30 11:43:38,390 autoreload File C:\Users\User\Downloads\pondok\templates\admin-panel\blog\testimoni_list.html first seen with mtime 1763759770.8337035
DEBUG 2025-11-30 11:43:38,391 autoreload File C:\Users\User\Downloads\pondok\templates\admin-panel\core\alur_pendaftaran_list.html first seen with mtime 1763794079.7392638
DEBUG 2025-11-30 11:43:38,391 autoreload File C:\Users\User\Downloads\pondok\templates\admin-panel\core\biaya_pendidikan_list.html first seen with mtime 1763794831.53693
DEBUG 2025-11-30 11:43:38,391 autoreload File C:\Users\User\Downloads\pondok\templates\admin-panel\core\contact_person_list.html first seen with mtime 1763761656.580018
DEBUG 2025-11-30 11:43:38,391 autoreload File C:\Users\User\Downloads\pondok\templates\admin-panel\core\dokumentasi_list.html first seen with mtime 1763895540.294514
DEBUG 2025-11-30 11:43:38,392 autoreload File C:\Users\User\Downloads\pondok\templates\admin-panel\core\ekstrakurikuler_list.html first seen with mtime 1763893387.5095527
DEBUG 2025-11-30 11:43:38,392 autoreload File C:\Users\User\Downloads\pondok\templates\admin-panel\core\faq_list.html first seen with mtime 1763796713.4313161
DEBUG 2025-11-30 11:43:38,392 autoreload File C:\Users\User\Downloads\pondok\templates\admin-panel\core\fasilitas_list.html first seen with mtime 1763761656.5765662
DEBUG 2025-11-30 11:43:38,392 autoreload File C:\Users\User\Downloads\pondok\templates\admin-panel\core\hero_section_list.html first seen with mtime 1763806885.4116611
DEBUG 2025-11-30 11:43:38,392 autoreload File C:\Users\User\Downloads\pondok\templates\admin-panel\core\jadwal_harian_list.html first seen with mtime 1763796713.4323173
DEBUG 2025-11-30 11:43:38,393 autoreload File C:\Users\User\Downloads\pondok\templates\admin-panel\core\kmi_form.html first seen with mtime 1763795112.4272206
DEBUG 2025-11-30 11:43:38,393 autoreload File C:\Users\User\Downloads\pondok\templates\admin-panel\core\kontak_form.html first seen with mtime 1763755260.045317
DEBUG 2025-11-30 11:43:38,393 autoreload File C:\Users\User\Downloads\pondok\templates\admin-panel\core\kontak_list.html first seen with mtime 1763761973.2850382
DEBUG 2025-11-30 11:43:38,393 autoreload File C:\Users\User\Downloads\pondok\templates\admin-panel\core\media_list.html first seen with mtime 1763884481.705338
DEBUG 2025-11-30 11:43:38,393 autoreload File C:\Users\User\Downloads\pondok\templates\admin-panel\core\persyaratan_list.html first seen with mtime 1763796043.5502832
DEBUG 2025-11-30 11:43:38,393 autoreload File C:\Users\User\Downloads\pondok\templates\admin-panel\core\program_form.html first seen with mtime 1763754000.5778296
DEBUG 2025-11-30 11:43:38,394 autoreload File C:\Users\User\Downloads\pondok\templates\admin-panel\core\program_list.html first seen with mtime 1764038974.1366322
DEBUG 2025-11-30 11:43:38,394 autoreload File C:\Users\User\Downloads\pondok\templates\admin-panel\core\program_pendidikan_list.html first seen with mtime 1763892808.6886878
DEBUG 2025-11-30 11:43:38,394 autoreload File C:\Users\User\Downloads\pondok\templates\admin-panel\core\sejarah_timeline_list.html first seen with mtime 1763820469.5481164
DEBUG 2025-11-30 11:43:38,394 autoreload File C:\Users\User\Downloads\pondok\templates\admin-panel\core\seragam_list.html first seen with mtime 1763797336.2629879
DEBUG 2025-11-30 11:43:38,394 autoreload File C:\Users\User\Downloads\pondok\templates\admin-panel\core\social_media_list.html first seen with mtime 1763884481.728078
DEBUG 2025-11-30 11:43:38,394 autoreload File C:\Users\User\Downloads\pondok\templates\admin-panel\core\statistik_list.html first seen with mtime 1763823508.5926964
DEBUG 2025-11-30 11:43:38,395 autoreload File C:\Users\User\Downloads\pondok\templates\admin-panel\core\visi_misi_form.html first seen with mtime 1763793499.011457
DEBUG 2025-11-30 11:43:38,395 autoreload File C:\Users\User\Downloads\pondok\templates\admin-panel\core\whatsapp_broadcast.html first seen with mtime 1764222385.724699
DEBUG 2025-11-30 11:43:38,395 autoreload File C:\Users\User\Downloads\pondok\templates\admin-panel\core\whatsapp_broadcast_result.html first seen with mtime 1763755260.045317
DEBUG 2025-11-30 11:43:38,395 autoreload File C:\Users\User\Downloads\pondok\templates\admin-panel\core\whatsapp_template_form.html first seen with mtime 1763898963.81134
DEBUG 2025-11-30 11:43:38,395 autoreload File C:\Users\User\Downloads\pondok\templates\admin-panel\core\whatsapp_template_list.html first seen with mtime 1763898963.81134
DEBUG 2025-11-30 11:43:38,395 autoreload File C:\Users\User\Downloads\pondok\templates\admin-panel\keuangan\bank_list.html first seen with mtime 1763787473.0268984
DEBUG 2025-11-30 11:43:38,395 autoreload File C:\Users\User\Downloads\pondok\templates\admin-panel\keuangan\dashboard.html first seen with mtime 1763759252.9143884
DEBUG 2025-11-30 11:43:38,397 autoreload File C:\Users\User\Downloads\pondok\templates\admin-panel\pembayaran\detail.html first seen with mtime 1763758812.7456698
DEBUG 2025-11-30 11:43:38,397 autoreload File C:\Users\User\Downloads\pondok\templates\admin-panel\pembayaran\list.html first seen with mtime 1763759088.0048707
DEBUG 2025-11-30 11:43:38,397 autoreload File C:\Users\User\Downloads\pondok\templates\admin-panel\pembayaran\verify.html first seen with mtime 1763749472.394269
DEBUG 2025-11-30 11:43:38,397 autoreload File C:\Users\User\Downloads\pondok\templates\admin-panel\santri\detail.html first seen with mtime 1764277876.7809474
DEBUG 2025-11-30 11:43:38,398 autoreload File C:\Users\User\Downloads\pondok\templates\admin-panel\santri\dokumen_list.html first seen with mtime 1763793356.5618591
DEBUG 2025-11-30 11:43:38,398 autoreload File C:\Users\User\Downloads\pondok\templates\admin-panel\santri\form.html first seen with mtime 1764277876.7819512
DEBUG 2025-11-30 11:43:38,398 autoreload File C:\Users\User\Downloads\pondok\templates\admin-panel\santri\import.html first seen with mtime 1763751769.8689103
DEBUG 2025-11-30 11:43:38,398 autoreload File C:\Users\User\Downloads\pondok\templates\admin-panel\santri\list.html first seen with mtime 1764220536.19146
DEBUG 2025-11-30 11:43:38,398 autoreload File C:\Users\User\Downloads\pondok\templates\admin-panel\santri\partial_list.html first seen with mtime 1764277704.8506632
DEBUG 2025-11-30 11:43:38,399 autoreload File C:\Users\User\Downloads\pondok\templates\admin-panel\settings\account.html first seen with mtime 1763749472.3977108
DEBUG 2025-11-30 11:43:38,399 autoreload File C:\Users\User\Downloads\pondok\templates\admin-panel\settings\appearance.html first seen with mtime 1763749472.3991547
DEBUG 2025-11-30 11:43:38,399 autoreload File C:\Users\User\Downloads\pondok\templates\admin-panel\settings\general.html first seen with mtime 1764227346.926526
DEBUG 2025-11-30 11:43:38,399 autoreload File C:\Users\User\Downloads\pondok\templates\admin-panel\settings\profile.html first seen with mtime 1763873018.1109262
DEBUG 2025-11-30 11:43:38,399 autoreload File C:\Users\User\Downloads\pondok\templates\admin-panel\staff\change_password.html first seen with mtime 1763868405.3691676
DEBUG 2025-11-30 11:43:38,400 autoreload File C:\Users\User\Downloads\pondok\templates\admin-panel\staff\form.html first seen with mtime 1763868405.3677042
DEBUG 2025-11-30 11:43:38,400 autoreload File C:\Users\User\Downloads\pondok\templates\admin-panel\staff\list.html first seen with mtime 1763868405.3585658
DEBUG 2025-11-30 11:43:38,400 autoreload File C:\Users\User\Downloads\pondok\templates\admin-panel\tenaga-pengajar\bagian_list.html first seen with mtime 1763908460.5594385
DEBUG 2025-11-30 11:43:38,400 autoreload File C:\Users\User\Downloads\pondok\templates\admin-panel\tenaga-pengajar\detail.html first seen with mtime 1763908460.561438
DEBUG 2025-11-30 11:43:38,400 autoreload File C:\Users\User\Downloads\pondok\templates\admin-panel\tenaga-pengajar\form.html first seen with mtime 1763910507.2962246
DEBUG 2025-11-30 11:43:38,401 autoreload File C:\Users\User\Downloads\pondok\templates\admin-panel\tenaga-pengajar\list.html first seen with mtime 1763909140.0800836
DEBUG 2025-11-30 11:43:38,401 autoreload File C:\Users\User\Downloads\pondok\templates\admin-panel\tools\converted_image_list.html first seen with mtime 1763913624.6089509
DEBUG 2025-11-30 11:43:38,401 autoreload File C:\Users\User\Downloads\pondok\templates\admin-panel\tools\image_converter.html first seen with mtime 1763913433.4026527
DEBUG 2025-11-30 11:43:38,401 autoreload File C:\Users\User\Downloads\pondok\templates\admin-panel\tools\media_files_manager.html first seen with mtime 1763914332.0750134
DEBUG 2025-11-30 11:43:38,402 autoreload File C:\Users\User\Downloads\pondok\templates\admin-panel\users\change_password.html first seen with mtime 1763866758.8871865
DEBUG 2025-11-30 11:43:38,402 autoreload File C:\Users\User\Downloads\pondok\templates\admin-panel\users\form.html first seen with mtime 1763867171.7554958
DEBUG 2025-11-30 11:43:38,402 autoreload File C:\Users\User\Downloads\pondok\templates\admin-panel\users\list.html first seen with mtime 1763867627.873114
DEBUG 2025-11-30 11:43:38,402 autoreload File C:\Users\User\Downloads\pondok\templates\public\base.html first seen with mtime 1764228121.3320177
DEBUG 2025-11-30 11:43:38,402 autoreload File C:\Users\User\Downloads\pondok\templates\public\blog_detail.html first seen with mtime 1764229056.2814894
DEBUG 2025-11-30 11:43:38,402 autoreload File C:\Users\User\Downloads\pondok\templates\public\blog_list.html first seen with mtime 1764229625.3768473
DEBUG 2025-11-30 11:43:38,402 autoreload File C:\Users\User\Downloads\pondok\templates\public\home.html first seen with mtime 1764474753.5560634
DEBUG 2025-11-30 11:43:38,402 autoreload File C:\Users\User\Downloads\pondok\templates\public\tenaga_pengajar_list.html first seen with mtime 1763912256.0448134
DEBUG 2025-11-30 11:43:38,403 autoreload File C:\Users\User\Downloads\pondok\templates\users\base.html first seen with mtime 1763956539.799146
DEBUG 2025-11-30 11:43:38,403 autoreload File C:\Users\User\Downloads\pondok\templates\users\dashboard first seen with mtime 1763797795.6443574
DEBUG 2025-11-30 11:43:38,403 autoreload File C:\Users\User\Downloads\pondok\templates\users\dashboard.html first seen with mtime 1763865338.7041855
DEBUG 2025-11-30 11:43:38,403 autoreload File C:\Users\User\Downloads\pondok\templates\users\dokumen.html first seen with mtime 1764216852.9583461
DEBUG 2025-11-30 11:43:38,403 autoreload File C:\Users\User\Downloads\pondok\templates\users\login.html first seen with mtime 1764176012.6519885
DEBUG 2025-11-30 11:43:38,403 autoreload File C:\Users\User\Downloads\pondok\templates\users\notifikasi.html first seen with mtime 1763865338.7064333
DEBUG 2025-11-30 11:43:38,404 autoreload File C:\Users\User\Downloads\pondok\templates\users\pembayaran.html first seen with mtime 1764176926.1187112
DEBUG 2025-11-30 11:43:38,404 autoreload File C:\Users\User\Downloads\pondok\templates\users\pendaftaran.html first seen with mtime 1764277876.7819512
DEBUG 2025-11-30 11:43:38,404 autoreload File C:\Users\User\Downloads\pondok\templates\users\pendaftaran_pdf.html first seen with mtime 1764281013.9362168
DEBUG 2025-11-30 11:43:38,404 autoreload File C:\Users\User\Downloads\pondok\templates\users\profile.html first seen with mtime 1763881388.1086276
DEBUG 2025-11-30 11:43:38,404 autoreload File C:\Users\User\Downloads\pondok\templates\users\riwayat.html first seen with mtime 1763865338.7064333
DEBUG 2025-11-30 11:43:38,405 autoreload File C:\Users\User\Downloads\pondok\templates\users\status.html first seen with mtime 1764277876.7815795
DEBUG 2025-11-30 11:43:38,405 autoreload File C:\Users\User\Downloads\pondok\venv\lib\site-packages\django_extensions\templates\django_extensions first seen with mtime 1763746598.72772
DEBUG 2025-11-30 11:43:38,405 autoreload File C:\Users\User\Downloads\pondok\venv\lib\site-packages\django_extensions\templates\django_extensions\graph_models first seen with mtime 1763746598.726118
DEBUG 2025-11-30 11:43:38,407 autoreload File C:\Users\User\Downloads\pondok\venv\lib\site-packages\django_extensions\templates\django_extensions\widgets first seen with mtime 1763746598.72772
DEBUG 2025-11-30 11:43:38,407 autoreload File C:\Users\User\Downloads\pondok\venv\lib\site-packages\django_extensions\templates\django_extensions\graph_models\django2018 first seen with mtime 1763746598.723117
DEBUG 2025-11-30 11:43:38,407 autoreload File C:\Users\User\Downloads\pondok\venv\lib\site-packages\django_extensions\templates\django_extensions\graph_models\django2018style first seen with mtime 1763746598.7251225
DEBUG 2025-11-30 11:43:38,407 autoreload File C:\Users\User\Downloads\pondok\venv\lib\site-packages\django_extensions\templates\django_extensions\graph_models\original first seen with mtime 1763746598.72772
DEBUG 2025-11-30 11:43:38,407 autoreload File C:\Users\User\Downloads\pondok\venv\lib\site-packages\django_extensions\templates\django_extensions\graph_models\django2018\digraph.dot first seen with mtime 1763746598.7218864
DEBUG 2025-11-30 11:43:38,408 autoreload File C:\Users\User\Downloads\pondok\venv\lib\site-packages\django_extensions\templates\django_extensions\graph_models\django2018\label.dot first seen with mtime 1763746598.723117
DEBUG 2025-11-30 11:43:38,408 autoreload File C:\Users\User\Downloads\pondok\venv\lib\site-packages\django_extensions\templates\django_extensions\graph_models\django2018\relation.dot first seen with mtime 1763746598.723117
DEBUG 2025-11-30 11:43:38,408 autoreload File C:\Users\User\Downloads\pondok\venv\lib\site-packages\django_extensions\templates\django_extensions\graph_models\django2018style\digraph.dot first seen with mtime 1763746598.7241173
DEBUG 2025-11-30 11:43:38,408 autoreload File C:\Users\User\Downloads\pondok\venv\lib\site-packages\django_extensions\templates\django_extensions\graph_models\django2018style\label.dot first seen with mtime 1763746598.7251225
DEBUG 2025-11-30 11:43:38,409 autoreload File C:\Users\User\Downloads\pondok\venv\lib\site-packages\django_extensions\templates\django_extensions\graph_models\django2018style\relation.dot first seen with mtime 1763746598.7251225
DEBUG 2025-11-30 11:43:38,409 autoreload File C:\Users\User\Downloads\pondok\venv\lib\site-packages\django_extensions\templates\django_extensions\graph_models\original\digraph.dot first seen with mtime 1763746598.726118
DEBUG 2025-11-30 11:43:38,409 autoreload File C:\Users\User\Downloads\pondok\venv\lib\site-packages\django_extensions\templates\django_extensions\graph_models\original\label.dot first seen with mtime 1763746598.7271216
DEBUG 2025-11-30 11:43:38,409 autoreload File C:\Users\User\Downloads\pondok\venv\lib\site-packages\django_extensions\templates\django_extensions\graph_models\original\relation.dot first seen with mtime 1763746598.72772
DEBUG 2025-11-30 11:43:38,410 autoreload File C:\Users\User\Downloads\pondok\venv\lib\site-packages\django_extensions\templates\django_extensions\widgets\foreignkey_searchinput.html first seen with mtime 1763746598.72877
DEBUG 2025-11-30 11:43:38,410 autoreload File C:\Users\User\Downloads\pondok\venv\lib\site-packages\django_filters\locale\ar\LC_MESSAGES\django.mo first seen with mtime 1763746598.356663
DEBUG 2025-11-30 11:43:38,411 autoreload File C:\Users\User\Downloads\pondok\venv\lib\site-packages\django_filters\locale\be\LC_MESSAGES\django.mo first seen with mtime 1763746598.3576913
DEBUG 2025-11-30 11:43:38,411 autoreload File C:\Users\User\Downloads\pondok\venv\lib\site-packages\django_filters\locale\bg\LC_MESSAGES\django.mo first seen with mtime 1763746598.3596904
DEBUG 2025-11-30 11:43:38,411 autoreload File C:\Users\User\Downloads\pondok\venv\lib\site-packages\django_filters\locale\cs\LC_MESSAGES\django.mo first seen with mtime 1763746598.361096
DEBUG 2025-11-30 11:43:38,412 autoreload File C:\Users\User\Downloads\pondok\venv\lib\site-packages\django_filters\locale\da\LC_MESSAGES\django.mo first seen with mtime 1763746598.3631985
DEBUG 2025-11-30 11:43:38,412 autoreload File C:\Users\User\Downloads\pondok\venv\lib\site-packages\django_filters\locale\de\LC_MESSAGES\django.mo first seen with mtime 1763746598.3651955
DEBUG 2025-11-30 11:43:38,412 autoreload File C:\Users\User\Downloads\pondok\venv\lib\site-packages\django_filters\locale\el\LC_MESSAGES\django.mo first seen with mtime 1763746598.3664975
DEBUG 2025-11-30 11:43:38,413 autoreload File C:\Users\User\Downloads\pondok\venv\lib\site-packages\django_filters\locale\es\LC_MESSAGES\django.mo first seen with mtime 1763746598.3675325
DEBUG 2025-11-30 11:43:38,413 autoreload File C:\Users\User\Downloads\pondok\venv\lib\site-packages\django_filters\locale\es_AR\LC_MESSAGES\django.mo first seen with mtime 1763746598.3695874
DEBUG 2025-11-30 11:43:38,415 autoreload File C:\Users\User\Downloads\pondok\venv\lib\site-packages\django_filters\locale\fa\LC_MESSAGES\django.mo first seen with mtime 1763746598.371588
DEBUG 2025-11-30 11:43:38,415 autoreload File C:\Users\User\Downloads\pondok\venv\lib\site-packages\django_filters\locale\fr\LC_MESSAGES\django.mo first seen with mtime 1763746598.3735852
DEBUG 2025-11-30 11:43:38,416 autoreload File C:\Users\User\Downloads\pondok\venv\lib\site-packages\django_filters\locale\it\LC_MESSAGES\django.mo first seen with mtime 1763746598.374706
DEBUG 2025-11-30 11:43:38,416 autoreload File C:\Users\User\Downloads\pondok\venv\lib\site-packages\django_filters\locale\nl\LC_MESSAGES\django.mo first seen with mtime 1763746598.3767083
DEBUG 2025-11-30 11:43:38,416 autoreload File C:\Users\User\Downloads\pondok\venv\lib\site-packages\django_filters\locale\pl\LC_MESSAGES\django.mo first seen with mtime 1763746598.3788407
DEBUG 2025-11-30 11:43:38,417 autoreload File C:\Users\User\Downloads\pondok\venv\lib\site-packages\django_filters\locale\pt_BR\LC_MESSAGES\django.mo first seen with mtime 1763746598.3798375
DEBUG 2025-11-30 11:43:38,418 autoreload File C:\Users\User\Downloads\pondok\venv\lib\site-packages\django_filters\locale\ru\LC_MESSAGES\django.mo first seen with mtime 1763746598.3829246
DEBUG 2025-11-30 11:43:38,418 autoreload File C:\Users\User\Downloads\pondok\venv\lib\site-packages\django_filters\locale\sk\LC_MESSAGES\django.mo first seen with mtime 1763746598.3839562
DEBUG 2025-11-30 11:43:38,418 autoreload File C:\Users\User\Downloads\pondok\venv\lib\site-packages\django_filters\locale\uk\LC_MESSAGES\django.mo first seen with mtime 1763746598.3859556
DEBUG 2025-11-30 11:43:38,419 autoreload File C:\Users\User\Downloads\pondok\venv\lib\site-packages\django_filters\locale\zh_CN\LC_MESSAGES\django.mo first seen with mtime 1763746598.3869565
DEBUG 2025-11-30 11:43:38,420 autoreload File C:\Users\User\Downloads\pondok\venv\lib\site-packages\django_extensions\locale\da\LC_MESSAGES\django.mo first seen with mtime 1763746598.6497998
DEBUG 2025-11-30 11:43:38,420 autoreload File C:\Users\User\Downloads\pondok\venv\lib\site-packages\django_extensions\locale\de\LC_MESSAGES\django.mo first seen with mtime 1763746598.6507995
DEBUG 2025-11-30 11:43:38,421 autoreload File C:\Users\User\Downloads\pondok\venv\lib\site-packages\django_extensions\locale\el\LC_MESSAGES\django.mo first seen with mtime 1763746598.6529908
DEBUG 2025-11-30 11:43:38,421 autoreload File C:\Users\User\Downloads\pondok\venv\lib\site-packages\django_extensions\locale\en\LC_MESSAGES\django.mo first seen with mtime 1763746598.6542475
DEBUG 2025-11-30 11:43:38,421 autoreload File C:\Users\User\Downloads\pondok\venv\lib\site-packages\django_extensions\locale\es\LC_MESSAGES\django.mo first seen with mtime 1763746598.6562462
DEBUG 2025-11-30 11:43:38,422 autoreload File C:\Users\User\Downloads\pondok\venv\lib\site-packages\django_extensions\locale\fr\LC_MESSAGES\django.mo first seen with mtime 1763746598.657246
DEBUG 2025-11-30 11:43:38,422 autoreload File C:\Users\User\Downloads\pondok\venv\lib\site-packages\django_extensions\locale\hu\LC_MESSAGES\django.mo first seen with mtime 1763746598.6592464
DEBUG 2025-11-30 11:43:38,423 autoreload File C:\Users\User\Downloads\pondok\venv\lib\site-packages\django_extensions\locale\id\LC_MESSAGES\django.mo first seen with mtime 1763746598.6610992
DEBUG 2025-11-30 11:43:38,423 autoreload File C:\Users\User\Downloads\pondok\venv\lib\site-packages\django_extensions\locale\it\LC_MESSAGES\django.mo first seen with mtime 1763746598.6622007
DEBUG 2025-11-30 11:43:38,424 autoreload File C:\Users\User\Downloads\pondok\venv\lib\site-packages\django_extensions\locale\ja\LC_MESSAGES\django.mo first seen with mtime 1763746598.6642046
DEBUG 2025-11-30 11:43:38,424 autoreload File C:\Users\User\Downloads\pondok\venv\lib\site-packages\django_extensions\locale\pl\LC_MESSAGES\django.mo first seen with mtime 1763746598.6662037
DEBUG 2025-11-30 11:43:38,424 autoreload File C:\Users\User\Downloads\pondok\venv\lib\site-packages\django_extensions\locale\pt\LC_MESSAGES\django.mo first seen with mtime 1763746598.6672027
DEBUG 2025-11-30 11:43:38,425 autoreload File C:\Users\User\Downloads\pondok\venv\lib\site-packages\django_extensions\locale\pt_BR\LC_MESSAGES\django.mo first seen with mtime 1763746598.6692011
DEBUG 2025-11-30 11:43:38,425 autoreload File C:\Users\User\Downloads\pondok\venv\lib\site-packages\django_extensions\locale\ro\LC_MESSAGES\django.mo first seen with mtime 1763746598.671203
DEBUG 2025-11-30 11:43:38,426 autoreload File C:\Users\User\Downloads\pondok\venv\lib\site-packages\django_extensions\locale\ru\LC_MESSAGES\django.mo first seen with mtime 1763746598.672203
DEBUG 2025-11-30 11:43:39,597 autoreload File C:\Users\User\Downloads\pondok\core\migrations\0001_initial.py first seen with mtime 1764219695.3398874
DEBUG 2025-11-30 11:43:39,599 autoreload File C:\Users\User\Downloads\pondok\core\migrations\0003_add_header_mobile_height.py first seen with mtime 1764227150.5417204
DEBUG 2025-11-30 11:43:39,600 autoreload File C:\Users\User\Downloads\pondok\venv\Lib\site-packages\django\core\management\utils.py first seen with mtime 1763752053.0659494
DEBUG 2025-11-30 11:43:39,601 autoreload File C:\Users\User\Downloads\pondok\venv\Lib\site-packages\django\core\management\sql.py first seen with mtime 1763752053.0633497
DEBUG 2025-11-30 11:43:39,602 autoreload File C:\Users\User\Downloads\pondok\admin_panel\migrations\__init__.py first seen with mtime 1763744959.7626362
DEBUG 2025-11-30 11:43:39,602 autoreload File C:\Users\User\Downloads\pondok\venv\Lib\site-packages\django\contrib\sessions\backends\base.py first seen with mtime 1763752052.4576297
DEBUG 2025-11-30 11:43:39,602 autoreload File C:\Users\User\Downloads\pondok\venv\Lib\site-packages\django\contrib\admin\migrations\0002_logentry_remove_auto_add.py first seen with mtime 1763752050.059654
DEBUG 2025-11-30 11:43:39,604 autoreload File C:\Users\User\Downloads\pondok\venv\Lib\site-packages\django\contrib\auth\migrations\0006_require_contenttypes_0002.py first seen with mtime 1763752050.7997768
DEBUG 2025-11-30 11:43:39,605 autoreload File C:\Users\User\Downloads\pondok\venv\Lib\site-packages\django\contrib\messages\middleware.py first seen with mtime 1763752051.985576
DEBUG 2025-11-30 11:43:39,605 autoreload File C:\Users\User\Downloads\pondok\venv\Lib\site-packages\django\contrib\auth\migrations\0011_update_proxy_permissions.py first seen with mtime 1763752050.803775
DEBUG 2025-11-30 11:43:39,605 autoreload File C:\Users\User\Downloads\pondok\venv\Lib\site-packages\django\contrib\sessions\backends\db.py first seen with mtime 1763752052.4626296
DEBUG 2025-11-30 11:43:39,606 autoreload File C:\Users\User\Downloads\pondok\venv\Lib\site-packages\django\contrib\auth\migrations\__init__.py first seen with mtime 1763752050.8047762
DEBUG 2025-11-30 11:43:39,606 autoreload File C:\Users\User\Downloads\pondok\venv\Lib\site-packages\django\contrib\sessions\migrations\0001_initial.py first seen with mtime 1763752052.705196
DEBUG 2025-11-30 11:43:39,606 autoreload File C:\Users\User\Downloads\pondok\venv\Lib\site-packages\django\contrib\auth\migrations\0012_alter_user_first_name_max_length.py first seen with mtime 1763752050.803775
DEBUG 2025-11-30 11:43:39,607 autoreload File C:\Users\User\Downloads\pondok\venv\Lib\site-packages\django\db\migrations\executor.py first seen with mtime 1763752053.1643991
DEBUG 2025-11-30 11:43:39,607 autoreload File C:\Users\User\Downloads\pondok\venv\Lib\site-packages\django\contrib\auth\migrations\0010_alter_group_name_max_length.py first seen with mtime 1763752050.8027759
DEBUG 2025-11-30 11:43:39,608 autoreload File C:\Users\User\Downloads\pondok\venv\Lib\site-packages\django_summernote\migrations\0002_update-help_text.py first seen with mtime 1763750129.7983274
DEBUG 2025-11-30 11:43:39,609 autoreload File C:\Users\User\Downloads\pondok\venv\Lib\site-packages\django\contrib\auth\migrations\0005_alter_user_last_login_null.py first seen with mtime 1763752050.7987754
DEBUG 2025-11-30 11:43:39,609 autoreload File C:\Users\User\Downloads\pondok\venv\Lib\site-packages\django\contrib\contenttypes\migrations\0002_remove_content_type_name.py first seen with mtime 1763752051.0494251
DEBUG 2025-11-30 11:43:39,609 autoreload File C:\Users\User\Downloads\pondok\venv\Lib\site-packages\django\contrib\sessions\middleware.py first seen with mtime 1763752052.4525056
DEBUG 2025-11-30 11:43:39,610 autoreload File C:\Users\User\Downloads\pondok\venv\Lib\site-packages\django\core\management\commands\migrate.py first seen with mtime 1763752053.0782132
DEBUG 2025-11-30 11:43:39,610 autoreload File C:\Users\User\Downloads\pondok\venv\Lib\site-packages\django\contrib\auth\migrations\0009_alter_user_last_name_max_length.py first seen with mtime 1763752050.801776
DEBUG 2025-11-30 11:43:39,610 autoreload File C:\Users\User\Downloads\pondok\venv\Lib\site-packages\django\contrib\auth\migrations\0004_alter_user_username_opts.py first seen with mtime 1763752050.7977767
DEBUG 2025-11-30 11:43:39,610 autoreload File C:\Users\User\Downloads\pondok\users\migrations\__init__.py first seen with mtime 1763744951.9347467
DEBUG 2025-11-30 11:43:39,611 autoreload File C:\Users\User\Downloads\pondok\venv\Lib\site-packages\django\middleware\common.py first seen with mtime 1763752053.3365135
DEBUG 2025-11-30 11:43:39,611 autoreload File C:\Users\User\Downloads\pondok\blog\migrations\__init__.py first seen with mtime 1763750160.2949433
DEBUG 2025-11-30 11:43:39,612 autoreload File C:\Users\User\Downloads\pondok\venv\Lib\site-packages\django\contrib\admin\migrations\0003_logentry_add_action_flag_choices.py first seen with mtime 1763752050.060655
DEBUG 2025-11-30 11:43:39,612 autoreload File C:\Users\User\Downloads\pondok\admin_panel\migrations\0001_initial.py first seen with mtime 1764219695.340893
DEBUG 2025-11-30 11:43:39,612 autoreload File C:\Users\User\Downloads\pondok\core\migrations\0002_add_header_mobile_image.py first seen with mtime 1764224777.9382749
DEBUG 2025-11-30 11:43:39,613 autoreload File C:\Users\User\Downloads\pondok\venv\Lib\site-packages\django\contrib\auth\migrations\0003_alter_user_email_max_length.py first seen with mtime 1763752050.7967675
DEBUG 2025-11-30 11:43:39,614 autoreload File C:\Users\User\Downloads\pondok\venv\Lib\site-packages\django\contrib\admin\migrations\__init__.py first seen with mtime 1763752050.0626569
DEBUG 2025-11-30 11:43:39,615 autoreload File C:\Users\User\Downloads\pondok\venv\Lib\site-packages\django\contrib\auth\migrations\0008_alter_user_username_max_length.py first seen with mtime 1763752050.801776
DEBUG 2025-11-30 11:43:39,615 autoreload File C:\Users\User\Downloads\pondok\venv\Lib\site-packages\django_summernote\migrations\0001_initial.py first seen with mtime 1763750129.7973273
DEBUG 2025-11-30 11:43:39,615 autoreload File C:\Users\User\Downloads\pondok\venv\Lib\site-packages\django_htmx\middleware.py first seen with mtime 1763752067.2475204
DEBUG 2025-11-30 11:43:39,616 autoreload File C:\Users\User\AppData\Local\Programs\Python\Python310\Lib\stringprep.py first seen with mtime 1665482304.0
DEBUG 2025-11-30 11:43:39,616 autoreload File C:\Users\User\Downloads\pondok\venv\Lib\site-packages\django\contrib\auth\migrations\0001_initial.py first seen with mtime 1763752050.7946467
DEBUG 2025-11-30 11:43:39,616 autoreload File C:\Users\User\Downloads\pondok\venv\Lib\site-packages\django\contrib\auth\migrations\0002_alter_permission_name_max_length.py first seen with mtime 1763752050.7961674
DEBUG 2025-11-30 11:43:39,617 autoreload File C:\Users\User\Downloads\pondok\venv\Lib\site-packages\django\contrib\contenttypes\migrations\__init__.py first seen with mtime 1763752051.0494251
DEBUG 2025-11-30 11:43:39,618 autoreload File C:\Users\User\Downloads\pondok\venv\Lib\site-packages\django\core\cache\backends\locmem.py first seen with mtime 1763752053.001567
DEBUG 2025-11-30 11:43:39,618 autoreload File C:\Users\User\Downloads\pondok\venv\Lib\site-packages\django\db\migrations\questioner.py first seen with mtime 1763752053.168921
DEBUG 2025-11-30 11:43:39,619 autoreload File C:\Users\User\Downloads\pondok\payments\migrations\0001_initial.py first seen with mtime 1764219695.3550572
DEBUG 2025-11-30 11:43:39,619 autoreload File C:\Users\User\Downloads\pondok\venv\Lib\site-packages\django_summernote\migrations\__init__.py first seen with mtime 1763750129.7983274
DEBUG 2025-11-30 11:43:39,620 autoreload File C:\Users\User\Downloads\pondok\users\migrations\0001_initial.py first seen with mtime 1764219695.3580554
DEBUG 2025-11-30 11:43:39,620 autoreload File C:\Users\User\Downloads\pondok\blog\migrations\0001_initial.py first seen with mtime 1764219695.3528056
DEBUG 2025-11-30 11:43:39,621 autoreload File C:\Users\User\Downloads\pondok\venv\Lib\site-packages\django_summernote\migrations\0003_alter_attachment_id.py first seen with mtime 1763752317.823022
DEBUG 2025-11-30 11:43:39,621 autoreload File C:\Users\User\Downloads\pondok\admin_panel\migrations\0002_initial.py first seen with mtime 1764219695.3497953
DEBUG 2025-11-30 11:43:39,622 autoreload File C:\Users\User\Downloads\pondok\venv\Lib\site-packages\django\db\migrations\serializer.py first seen with mtime 1763752053.1709213
DEBUG 2025-11-30 11:43:39,622 autoreload File C:\Users\User\Downloads\pondok\payments\migrations\__init__.py first seen with mtime 1763744957.281516
DEBUG 2025-11-30 11:43:39,622 autoreload File C:\Users\User\AppData\Local\Programs\Python\Python310\Lib\encodings\idna.py first seen with mtime 1665482304.0
DEBUG 2025-11-30 11:43:39,622 autoreload File C:\Users\User\Downloads\pondok\venv\Lib\site-packages\django\contrib\admin\migrations\0001_initial.py first seen with mtime 1763752050.0586605
DEBUG 2025-11-30 11:43:39,622 autoreload File C:\Users\User\Downloads\pondok\venv\Lib\site-packages\django\contrib\sessions\backends\__init__.py first seen with mtime 1763752052.4556215
DEBUG 2025-11-30 11:43:39,624 autoreload File C:\Users\User\Downloads\pondok\venv\Lib\site-packages\django\db\migrations\autodetector.py first seen with mtime 1763752053.1628935
DEBUG 2025-11-30 11:43:39,624 autoreload File C:\Users\User\Downloads\pondok\venv\Lib\site-packages\django\db\migrations\recorder.py first seen with mtime 1763752053.1699212
DEBUG 2025-11-30 11:43:39,625 autoreload File C:\Users\User\Downloads\pondok\venv\Lib\site-packages\django\contrib\auth\migrations\0007_alter_validators_add_error_messages.py first seen with mtime 1763752050.800776
DEBUG 2025-11-30 11:43:39,625 autoreload File C:\Users\User\Downloads\pondok\psb_pondok\wsgi.py first seen with mtime 1763744941.0017133
DEBUG 2025-11-30 11:43:39,626 autoreload File C:\Users\User\Downloads\pondok\venv\Lib\site-packages\django\contrib\contenttypes\migrations\0001_initial.py first seen with mtime 1763752051.0484252
DEBUG 2025-11-30 11:43:39,627 autoreload File C:\Users\User\Downloads\pondok\venv\Lib\site-packages\django\middleware\clickjacking.py first seen with mtime 1763752053.3365135
DEBUG 2025-11-30 11:43:39,628 autoreload File C:\Users\User\Downloads\pondok\venv\Lib\site-packages\django\db\migrations\writer.py first seen with mtime 1763752053.1754465
DEBUG 2025-11-30 11:43:39,628 autoreload File C:\Users\User\Downloads\pondok\venv\Lib\site-packages\django\core\management\commands\makemigrations.py first seen with mtime 1763752053.0772133
DEBUG 2025-11-30 11:43:39,629 autoreload File C:\Users\User\Downloads\pondok\payments\migrations\0002_initial.py first seen with mtime 1764219695.3560567
DEBUG 2025-11-30 11:43:39,631 autoreload File C:\Users\User\Downloads\pondok\blog\migrations\0002_initial.py first seen with mtime 1764219695.3538554
DEBUG 2025-11-30 11:43:39,631 autoreload File C:\Users\User\Downloads\pondok\venv\Lib\site-packages\django\db\migrations\graph.py first seen with mtime 1763752053.1659129
DEBUG 2025-11-30 11:43:39,632 autoreload File C:\Users\User\Downloads\pondok\core\migrations\__init__.py first seen with mtime 1763744949.3262408
DEBUG 2025-11-30 11:43:39,633 autoreload File C:\Users\User\Downloads\pondok\venv\Lib\site-packages\django\views\csrf.py first seen with mtime 1763752053.4398527
DEBUG 2025-11-30 11:43:39,633 autoreload File C:\Users\User\Downloads\pondok\venv\Lib\site-packages\django\db\migrations\optimizer.py first seen with mtime 1763752053.16792
DEBUG 2025-11-30 11:43:39,634 autoreload File C:\Users\User\Downloads\pondok\venv\Lib\site-packages\django\db\migrations\loader.py first seen with mtime 1763752053.1669204
DEBUG 2025-11-30 11:43:39,634 autoreload File C:\Users\User\Downloads\pondok\admissions\migrations\0001_initial.py first seen with mtime 1764219695.3328874
DEBUG 2025-11-30 11:43:39,635 autoreload File C:\Users\User\Downloads\pondok\venv\Lib\site-packages\django\contrib\sessions\exceptions.py first seen with mtime 1763752052.451504
DEBUG 2025-11-30 11:43:39,636 autoreload File C:\Users\User\Downloads\pondok\venv\Lib\site-packages\django\db\models\sql\compiler.py first seen with mtime 1763752053.2246826
DEBUG 2025-11-30 11:43:39,637 autoreload File C:\Users\User\Downloads\pondok\admissions\migrations\__init__.py first seen with mtime 1763744954.7733984
DEBUG 2025-11-30 11:43:39,637 autoreload File C:\Users\User\Downloads\pondok\venv\Lib\site-packages\django\contrib\sessions\migrations\__init__.py first seen with mtime 1763752052.705196
DEBUG 2025-11-30 11:44:21,494 autoreload File C:\Users\User\Downloads\pondok\psb_pondok\settings.py previous mtime: 1764477576.324587, current mtime: 1764477860.6485398
DEBUG 2025-11-30 11:44:21,494 autoreload C:\Users\User\Downloads\pondok\psb_pondok\settings.py notified as changed. Signal results: [(<function template_changed at 0x000002761A34B1C0>, None), (<function translation_file_changed at 0x000002761AC8F6D0>, None)].
INFO 2025-11-30 11:44:21,494 autoreload C:\Users\User\Downloads\pondok\psb_pondok\settings.py changed, reloading.
